{"type":"FeatureCollection","features":[{"type":"Feature","properties":{"name":"한강","source":"OpenStreetMap contributors via Nominatim"},"geometry":{"type":"MultiLineString","coordinates":[[[126.4135758,37.8447035],[126.425127,37.8413279],[126.442173,37.8370237],[126.4532022,37.827967],[126.4567556,37.8199126],[126.4592687,37.8181961],[126.4684887,37.8118981],[126.4855775,37.8060324],[126.4942272,37.8023033],[126.4965087,37.8013197],[126.501748,37.7990608],[126.5199827,37.7920214],[126.5290106,37.7901819],[126.5497334,37.7813108],[126.5632157,37.7716766],[126.5664447,37.7690749],[126.566554,37.7689788],[126.5709729,37.7650931],[126.575145,37.7625993],[126.5779942,37.761996],[126.5796866,37.7619774],[126.5816575,37.7619558],[126.5912737,37.7631222],[126.6034847,37.7652942],[126.6047489,37.7659869],[126.6051152,37.7661876],[126.6086234,37.7681097],[126.6134242,37.7741278],[126.616126,37.7775145],[126.6252412,37.7821376],[126.6376009,37.7837657],[126.6474714,37.7828601],[126.6521667,37.7809602],[126.6615915,37.7743784],[126.6639733,37.7719699],[126.6650033,37.770613],[126.6686296,37.7662707],[126.6693592,37.7651172],[126.6727924,37.7608255],[126.6738224,37.7591461],[126.6742515,37.7580433],[126.6748094,37.7564996],[126.676526,37.7478809],[126.6778993,37.7407545],[126.678586,37.7351208],[126.6786718,37.7324734],[126.6787576,37.7294866],[126.6777706,37.7255831],[126.6757965,37.7221208],[126.6734346,37.7172243],[126.6718912,37.7137697],[126.6700458,37.7093562],[126.6684579,37.7042293],[126.6677099,37.7014863],[126.66765,37.7005648],[126.6673422,37.6958253],[126.666913,37.6928879],[126.6663766,37.6905277],[126.6663237,37.6897167],[126.6662693,37.6888807],[126.6664409,37.6871487],[126.6667843,37.6852977],[126.6678357,37.6829203],[126.6700673,37.6796428],[126.6711831,37.678403],[126.6724705,37.6771463],[126.6739297,37.6757707],[126.6775989,37.6729174],[126.6779381,37.6726799],[126.6815042,37.6701829],[126.6962671,37.6634057],[126.6996574,37.6615203],[126.7027902,37.6599405],[126.7041635,37.65921],[126.7058158,37.657987],[126.707983,37.6564581],[126.7095923,37.6554728],[126.7112875,37.6540967],[126.713283,37.6523809],[126.7150426,37.6508179],[126.7166519,37.6494928],[126.7183685,37.6484904],[126.721673,37.6465705],[126.7260932,37.6443788],[126.733303,37.6408447],[126.7410278,37.6370385],[126.7461347,37.6343197],[126.7480316,37.6332869],[126.7516279,37.6313289],[126.7589235,37.6275223],[126.7645025,37.625177],[126.7699098,37.6231376],[126.7771625,37.6202483],[126.7823338,37.6183617],[126.7854951,37.6170214],[126.7868721,37.6163901],[126.7887497,37.6155402],[126.7948866,37.6123107],[126.8035278,37.6054007],[126.8071291,37.602438],[126.8083409,37.6011195],[126.810919,37.598792],[126.8163071,37.5940328],[126.8248714,37.5890935],[126.8530937,37.5733698],[126.8785265,37.5587787],[126.8853331,37.5550623],[126.8918307,37.55126],[126.9090633,37.540611],[126.9108482,37.5395079],[126.9112301,37.5392775],[126.9115841,37.5391839],[126.9227958,37.5378227],[126.9237613,37.5376696],[126.935091,37.5347089],[126.9363614,37.533944],[126.9482185,37.5223411],[126.9504547,37.520491],[126.9534802,37.5183552],[126.9548473,37.5176637],[126.9606197,37.5156003],[126.967299,37.5132322],[126.9727706,37.5119386],[126.9777488,37.511428],[126.9818687,37.5112918],[126.9872331,37.5119046],[126.9906663,37.5128577],[126.9990311,37.5170669],[127.0046567,37.5206528],[127.0120173,37.5267878],[127.0202994,37.5356618],[127.0215825,37.5366475],[127.0229778,37.5374938],[127.0251596,37.5380099],[127.0276787,37.5382369],[127.0299812,37.5379937],[127.0539646,37.5312405],[127.0660166,37.5248623],[127.0674334,37.5243271],[127.0796926,37.5231409],[127.0893881,37.5238232],[127.0902314,37.5241933],[127.0907783,37.5244629],[127.0955575,37.5268182],[127.0975954,37.5281932],[127.111516,37.5418041],[127.1124601,37.542842],[127.1130603,37.5438173],[127.1163654,37.5504807],[127.1196055,37.558646],[127.1204209,37.5598538],[127.1214294,37.5609254],[127.126419,37.5656603],[127.1303773,37.5677289],[127.1327591,37.5687324],[127.1354071,37.5696339],[127.1436329,37.57164],[127.1494573,37.5727808],[127.1516021,37.5733544],[127.1533773,37.5741688],[127.153602,37.5742719],[127.1629052,37.5785394],[127.1782064,37.5847861],[127.1838712,37.5864865],[127.1911668,37.5870986],[127.1947288,37.5868605],[127.1985054,37.5859083],[127.2005439,37.584616],[127.2082734,37.5782593],[127.2142838,37.5733601],[127.216827,37.5713233],[127.2168787,37.5712819],[127.2192714,37.5693657],[127.2213363,37.5677119],[127.2221886,37.5671097],[127.2235465,37.5657559],[127.2254777,37.5630685],[127.2285917,37.5570386],[127.2328222,37.5506953],[127.2342114,37.5488152],[127.2352731,37.5475461],[127.2367328,37.5465203],[127.2404122,37.5445178],[127.2431532,37.5432378],[127.2446422,37.5425425],[127.2505939,37.5404174],[127.2594345,37.5356022],[127.2646594,37.5325479],[127.2717667,37.5295344],[127.2771799,37.5273323],[127.278969,37.5266686],[127.279551,37.5264474],[127.2807205,37.526022],[127.2830164,37.5247967],[127.2839498,37.523682],[127.2846687,37.5222184],[127.2856466,37.5196759],[127.2872838,37.5152236],[127.2904414,37.5106621],[127.2928118,37.509862],[127.2978974,37.5100322],[127.3022532,37.5104408],[127.3037123,37.5120067],[127.3056221,37.5154448],[127.3077249,37.5193933],[127.3105144,37.5248733]]]}},{"type":"Feature","properties":{"name":"남한강","source":"OpenStreetMap contributors via Nominatim"},"geometry":{"type":"MultiLineString","coordinates":[[[128.4684187,37.1724143],[128.4684348,37.1708156],[128.4679788,37.1694606],[128.4680647,37.1686142],[128.4679574,37.1679986],[128.4682792,37.1675241],[128.4687728,37.1671565],[128.4693736,37.1667675],[128.4701663,37.166361],[128.4713638,37.1659168],[128.4732895,37.1653183],[128.4761059,37.1642667],[128.4783697,37.1637623],[128.4795177,37.1634032],[128.4811163,37.1627705],[128.4831226,37.1620266],[128.4852683,37.161334],[128.4866953,37.1609322],[128.4886157,37.1607355],[128.4912658,37.1607441],[128.4946477,37.1604748],[128.4965014,37.1603508],[128.497467,37.1602995],[128.4981322,37.159966],[128.4986043,37.1595898],[128.4989583,37.1592734],[128.4991515,37.1587262],[128.4991407,37.1582131],[128.4990764,37.157683],[128.4987223,37.1571358],[128.4977895,37.1560055],[128.497171,37.1554967],[128.4961792,37.154733],[128.4955493,37.1540703],[128.4950906,37.1537004],[128.494463,37.1526508],[128.4941411,37.151971],[128.4939802,37.1515006],[128.4940177,37.1511329],[128.4941894,37.1508636],[128.4946024,37.1504873],[128.4950316,37.1503419],[128.4954305,37.1503221],[128.4962869,37.1504659],[128.4970807,37.1508025],[128.4986746,37.1512787],[128.4997733,37.151413],[128.5003987,37.1513767],[128.5009539,37.1512377],[128.5017298,37.150751],[128.5025632,37.150141],[128.5030349,37.1496407],[128.503405,37.1493972],[128.5042386,37.1490727],[128.5054799,37.1486206],[128.5064954,37.1482468],[128.5079787,37.1476043],[128.5089308,37.1474643],[128.5098659,37.1474318],[128.5148257,37.1472346],[128.5171687,37.147034],[128.5181264,37.146952],[128.5216999,37.1463214],[128.5245369,37.1451472],[128.5256088,37.1444711],[128.5267191,37.1434294],[128.527261,37.1427265],[128.5277285,37.141929],[128.5286014,37.1389064],[128.5304207,37.1361879],[128.531872,37.1334394],[128.5340799,37.1293169],[128.5348463,37.1278226],[128.536123,37.1262187],[128.5371964,37.1248556],[128.5390574,37.1228526],[128.5407279,37.1208243],[128.5418315,37.1193544],[128.5420561,37.1185837],[128.542077,37.1179623],[128.5417993,37.1169142],[128.5416903,37.1165223],[128.5404274,37.1152614],[128.5388895,37.1140093],[128.5366835,37.1125429],[128.5350501,37.1118206],[128.5341865,37.111487],[128.5331801,37.1113852],[128.5303335,37.1118289],[128.5271556,37.1121108],[128.5241522,37.1130184],[128.5212361,37.1144602],[128.5190811,37.1158088],[128.5172535,37.1166789],[128.515153,37.1168094],[128.5138709,37.1167007],[128.5124904,37.1161237],[128.5120153,37.1157049],[128.5118796,37.1152868],[128.5117159,37.1144602],[128.5117686,37.1138826],[128.5119341,37.113242],[128.5131617,37.1114582],[128.514171,37.1097179],[128.5145981,37.1078253],[128.5148789,37.1052699],[128.5147553,37.1039937],[128.5146357,37.1027595],[128.5139251,37.1012021],[128.5126368,37.0995793],[128.5113649,37.0981675],[128.50967,37.0968601],[128.5083765,37.0961708],[128.5074013,37.0951091],[128.5071778,37.0948654],[128.5065737,37.0938902],[128.5064158,37.0930113],[128.5061359,37.0916262],[128.5055582,37.0905971],[128.5050201,37.0898975],[128.504473,37.0889646],[128.5041052,37.0872642],[128.5040795,37.0871028],[128.5037233,37.0848705],[128.5029353,37.0821845],[128.5025793,37.0815398],[128.5020593,37.0808881],[128.5012919,37.0802945],[128.5008359,37.0800762],[128.5004209,37.0799552],[128.4987585,37.0797129],[128.4978211,37.0797424],[128.4970584,37.0798503],[128.4950861,37.0804675],[128.4941733,37.0808508],[128.4923601,37.0818221],[128.4898111,37.0841089],[128.4892917,37.084788],[128.488507,37.0855119],[128.4878111,37.0857808],[128.4869889,37.0858097],[128.4844198,37.0853696],[128.4834337,37.0852245],[128.4824742,37.0850131],[128.4819424,37.0847623],[128.4815776,37.0844542],[128.481082,37.0836736],[128.4808695,37.0830334],[128.480705,37.0822168],[128.480358,37.0805279],[128.4803545,37.0791989],[128.4804944,37.0781173],[128.4809339,37.0770076],[128.4813811,37.0762217],[128.4822214,37.0753727],[128.4831966,37.0747087],[128.4850374,37.0734667],[128.4880282,37.0707987],[128.4902194,37.0686642],[128.4909314,37.0678271],[128.4910512,37.0671547],[128.4910396,37.0667449],[128.4904826,37.0658534],[128.4897898,37.0652967],[128.4875035,37.0635799],[128.4862297,37.0625511],[128.4854883,37.0623134],[128.484749,37.0621916],[128.4842169,37.0621807],[128.4837341,37.0622534],[128.4829193,37.0624646],[128.4817224,37.062857],[128.480832,37.0632295],[128.4791399,37.0639716],[128.4785092,37.0643039],[128.477018,37.0651186],[128.4742927,37.0667951],[128.4729853,37.0677609],[128.4720166,37.0685724],[128.4709883,37.0694661],[128.4697479,37.0702919],[128.468167,37.0711839],[128.4670508,37.071435],[128.4658939,37.0715074],[128.4632403,37.0713541],[128.4600778,37.0713808],[128.4588325,37.0712381],[128.4572983,37.0709385],[128.4567726,37.0707759],[128.4559677,37.0704116],[128.4548628,37.0696715],[128.4535978,37.0689559],[128.4525025,37.0686785],[128.4517193,37.0685244],[128.4500698,37.0683183],[128.4471123,37.0682023],[128.4445846,37.0682248],[128.4421246,37.0680463],[128.4400982,37.0678481],[128.4389078,37.0677316],[128.4375679,37.0674458],[128.4361517,37.0670691],[128.4330312,37.0659954],[128.4314847,37.0656223],[128.4298861,37.0653997],[128.4252618,37.0644677],[128.4224858,37.0635628],[128.418354,37.0621209],[128.4167969,37.0615471],[128.4158742,37.0609307],[128.4151237,37.0601933],[128.4143829,37.0590557],[128.4137014,37.0577592],[128.4132886,37.0567269],[128.4130847,37.0561018],[128.4131583,37.0556266],[128.4135139,37.0548346],[128.4140248,37.0538378],[128.4144687,37.0520947],[128.4144679,37.051726],[128.4144645,37.0500916],[128.4145975,37.047916],[128.4148267,37.0456051],[128.4136365,37.043065],[128.4124628,37.0418997],[128.4117382,37.0414176],[128.4097087,37.0402669],[128.4079334,37.0394379],[128.4050574,37.0383732],[128.4032366,37.0377077],[128.4022604,37.0373629],[128.4002101,37.036749],[128.3996291,37.0366278],[128.3987072,37.0364355],[128.3959186,37.036218],[128.3935475,37.035884],[128.3915412,37.0354215],[128.3899384,37.0349557],[128.3890468,37.034715],[128.3881938,37.0343767],[128.3874482,37.0339013],[128.3866804,37.0333149],[128.3852219,37.0317473],[128.383601,37.0297721],[128.3817997,37.0268733],[128.3815312,37.0262228],[128.3813918,37.0258587],[128.3812929,37.0253867],[128.3811161,37.0227708],[128.3809241,37.0172242],[128.3805013,37.0156608],[128.3803147,37.0141604],[128.3803511,37.0138104],[128.3805386,37.013191],[128.3810451,37.0121388],[128.3814025,37.0117029],[128.381896,37.0113517],[128.3826225,37.0110178],[128.3838745,37.010398],[128.3842671,37.0102036],[128.3850932,37.0096982],[128.3857833,37.0092195],[128.3888005,37.0063584],[128.3889878,37.0060698],[128.3891272,37.0057571],[128.3893662,37.0050031],[128.3894491,37.0045148],[128.3894277,37.0042449],[128.3893662,37.0040148],[128.3885412,37.0020947],[128.3874687,37.0007299],[128.3864315,37.0000522],[128.3840594,36.9991033],[128.3815205,36.9985084],[128.3800074,36.9983377],[128.3765779,36.9984751],[128.3752119,36.9986884],[128.3738156,36.9990596],[128.3699003,37.0011313],[128.3650074,37.0043663],[128.3639906,37.0050535],[128.3631718,37.0054865],[128.3609413,37.0065493],[128.359003,37.007285],[128.3576188,37.0075133],[128.3553554,37.0077174],[128.3542049,37.0077362],[128.3528966,37.0076696],[128.3505586,37.0071566],[128.349421,37.0069098],[128.3479017,37.006601],[128.3473009,37.0063483],[128.3467355,37.0059426],[128.34521,37.0043508],[128.3440008,37.0017079],[128.344372,36.9998357],[128.3447528,36.9986455],[128.346169,36.9965719],[128.3476925,36.9956979],[128.3488083,36.9952866],[128.350482,36.9948067],[128.3525848,36.9945325],[128.3574664,36.9944211],[128.3590114,36.9943868],[128.3604813,36.9942497],[128.3617687,36.9942069],[128.3636784,36.994164],[128.3643651,36.9940869],[128.3660388,36.9935042],[128.3682489,36.9920131],[128.3696866,36.9911048],[128.3712744,36.9895451],[128.3719611,36.9887739],[128.3723902,36.9874198],[128.3724332,36.9865971],[128.3724117,36.9857658],[128.3725099,36.9843128],[128.3725297,36.9827748],[128.3726048,36.9808036],[128.3725297,36.9801094],[128.3722937,36.9793723],[128.371489,36.9779067],[128.369987,36.9760897],[128.3677004,36.9742701],[128.3660271,36.9735873],[128.3654831,36.9734649],[128.3645648,36.9734562],[128.3618119,36.9738714],[128.3606945,36.9739335],[128.3590333,36.9738373],[128.3576971,36.974097],[128.3567461,36.9745682],[128.3551813,36.975578],[128.3527184,36.9768089],[128.3510036,36.9777117],[128.3494345,36.9786091],[128.3466803,36.9801093],[128.3457667,36.9803622],[128.3448313,36.980517],[128.3441091,36.9805324],[128.3429823,36.9803708],[128.3426687,36.9801951],[128.3423647,36.9799806],[128.3420184,36.9795694],[128.3416667,36.9791517],[128.3410826,36.9781343],[128.3403782,36.9757397],[128.3400943,36.9750662],[128.3396013,36.9738968],[128.3391615,36.9726763],[128.3381687,36.9708577],[128.3375333,36.9695718],[128.337269,36.968376],[128.3372501,36.9663731],[128.3367652,36.9647406],[128.3364648,36.9639263],[128.3364004,36.9634805],[128.3363736,36.9630861],[128.3364594,36.9618131],[128.3364594,36.9607544],[128.3363306,36.96042],[128.3360356,36.9596527],[128.3357406,36.9592584],[128.3347911,36.9582039],[128.3339649,36.9573894],[128.3335626,36.9570637],[128.333112,36.9567207],[128.3325756,36.9563564],[128.332184,36.9561035],[128.3317602,36.955932],[128.3310842,36.9557177],[128.3301187,36.9553576],[128.3295876,36.9551347],[128.3289599,36.9548517],[128.3285898,36.9546588],[128.3282357,36.9543759],[128.32793,36.9540887],[128.3274901,36.9536471],[128.3269429,36.9531756],[128.3261275,36.9526226],[128.3252048,36.9521339],[128.3242822,36.9517652],[128.3232844,36.9514094],[128.3223617,36.951105],[128.3216107,36.9508864],[128.3208919,36.9506334],[128.3203125,36.9503891],[128.3198351,36.9501061],[128.3194596,36.9498189],[128.3189875,36.9494245],[128.3186495,36.9490301],[128.3179253,36.9481341],[128.3173245,36.9474353],[128.3169061,36.9470366],[128.3160907,36.9462434],[128.3147067,36.9449658],[128.3138215,36.9441727],[128.3129686,36.943431],[128.3125555,36.9431051],[128.3123892,36.9426936],[128.3117938,36.9427064],[128.3110589,36.9425006],[128.3104205,36.9423634],[128.3095837,36.9422691],[128.3089131,36.9421833],[128.3082855,36.9421104],[128.3074701,36.9420118],[128.3070141,36.9419132],[128.306306,36.9417974],[128.3058447,36.9416602],[128.3052117,36.941403],[128.3049434,36.9412315],[128.3045733,36.9409614],[128.3038759,36.9403397],[128.3031034,36.9395936],[128.3021915,36.9385818],[128.301183,36.9373212],[128.2999813,36.935889],[128.299166,36.9349114],[128.2983398,36.9339767],[128.2978865,36.9334321],[128.2975674,36.9330162],[128.2970819,36.9324287],[128.2966876,36.9319184],[128.2962853,36.931451],[128.2958454,36.9308893],[128.295384,36.9303361],[128.294912,36.9297015],[128.2940912,36.9286594],[128.293646,36.9281191],[128.2930452,36.9273729],[128.2928547,36.9271821],[128.2927702,36.9270931],[128.2927193,36.9270342],[128.2926536,36.9269366],[128.292608,36.9268626],[128.292557,36.9267715],[128.2924739,36.9266493],[128.2923196,36.9264413],[128.2922512,36.926377],[128.2921533,36.9262955],[128.292046,36.9262087],[128.2919401,36.9261379],[128.2917919,36.9260495],[128.2916611,36.925976],[128.2914546,36.9258742],[128.2912769,36.9257938],[128.2912025,36.9257648],[128.2911053,36.9257364],[128.2910027,36.9257107],[128.2909074,36.9256941],[128.2908082,36.9256833],[128.2906949,36.9256855],[128.2906023,36.9256924],[128.2904555,36.9257037],[128.2903428,36.925693],[128.2902315,36.9256662],[128.2900853,36.925619],[128.2898077,36.9255075],[128.2893303,36.9253531],[128.2890084,36.9252738],[128.2886758,36.9252223],[128.2883164,36.9252052],[128.2879597,36.9251987],[128.2876754,36.9252052],[128.2873267,36.9252395],[128.2869887,36.9252888],[128.286581,36.9254046],[128.2860285,36.9255933],[128.2856315,36.9257648],[128.2854572,36.9258785],[128.285315,36.9260071],[128.2851863,36.9261765],[128.2851005,36.9263459],[128.2850629,36.9264981],[128.2850227,36.9267619],[128.2850683,36.9269827],[128.2851434,36.9273858],[128.2852292,36.9277889],[128.2853365,36.9282821],[128.2854813,36.9289768],[128.2854706,36.9296457],[128.2854116,36.9299759],[128.2853186,36.9303857],[128.2851487,36.9306191],[128.2849395,36.930885],[128.2846767,36.9310994],[128.2843602,36.931361],[128.2839594,36.9316191],[128.282901,36.9320471],[128.2818496,36.9323987],[128.28053,36.9327589],[128.2793713,36.933059],[128.278234,36.9332992],[128.276732,36.9334707],[128.2755089,36.9335736],[128.2742643,36.933565],[128.2721186,36.9334793],[128.2701766,36.9333163],[128.2684493,36.933222],[128.2663679,36.9331362],[128.2647049,36.9331705],[128.2621622,36.9332734],[128.2589757,36.9333935],[128.2576132,36.9335822],[128.2570875,36.9336851],[128.2563472,36.9338652],[128.2557571,36.9340281],[128.2547486,36.9343111],[128.2538903,36.9345855],[128.2530212,36.9348857],[128.2522809,36.9351944],[128.2516801,36.9354603],[128.2511866,36.9357175],[128.2508218,36.9359319],[128.2506072,36.936172],[128.2504785,36.9364207],[128.250457,36.9366437],[128.2504678,36.9369267],[128.2505858,36.9378014],[128.2507038,36.9384617],[128.2507682,36.9387961],[128.2507896,36.9391563],[128.2508111,36.9396022],[128.2508004,36.9399881],[128.2507789,36.940434],[128.2507574,36.9408113],[128.2506931,36.9411286],[128.2505965,36.9416088],[128.2505,36.9420118],[128.2503605,36.9423548],[128.2501888,36.942775],[128.2499421,36.9432552],[128.2496846,36.943581],[128.2494593,36.9437954],[128.2490086,36.9440526],[128.2486546,36.9442241],[128.248204,36.9444213],[128.2476139,36.9446271],[128.2468521,36.9448158],[128.2456291,36.9450559],[128.244524,36.9452445],[128.2435691,36.9453988],[128.241874,36.9456732],[128.2403505,36.9459305],[128.2389021,36.9461791],[128.2381511,36.9462906],[128.2373249,36.9464364],[128.2363701,36.9465821],[128.234868,36.9468479],[128.2340312,36.946968],[128.2326686,36.9472081],[128.2311022,36.947491],[128.2288921,36.9479197],[128.2275617,36.9482027],[128.2256091,36.9486228],[128.2249975,36.9487857],[128.224225,36.9490601],[128.2236242,36.9493173],[128.223077,36.9495917],[128.2226586,36.9498318],[128.2222617,36.9500804],[128.2218003,36.9503891],[128.2214355,36.9507149],[128.2208991,36.9512551],[128.2206631,36.9515466],[128.2204807,36.9518724],[128.2202876,36.9523697],[128.2201266,36.9528927],[128.2198906,36.9536471],[128.2196653,36.9542559],[128.21944,36.954916],[128.2192683,36.9553104],[128.2191181,36.9556962],[128.218925,36.9560992],[128.2186997,36.956485],[128.2185066,36.9568022],[128.2182491,36.9571537],[128.2179594,36.9575309],[128.2176161,36.9578996],[128.2172084,36.9583111],[128.2166719,36.9587397],[128.2155776,36.9595885],[128.2145476,36.9603686],[128.2124662,36.9619803],[128.2112002,36.9630262],[128.2086682,36.9650664],[128.2067048,36.9667037],[128.2050633,36.9680324],[128.2015764,36.9708611],[128.1985402,36.9734154],[128.1961584,36.9754725],[128.1941306,36.9772382],[128.1935298,36.977701],[128.1931007,36.9780096],[128.1925857,36.9783781],[128.1921351,36.9786867],[128.1914806,36.9790895],[128.1908126,36.9794689],[128.1896567,36.9801008],[128.1871462,36.9814379],[128.1856656,36.9822692],[128.1834769,36.9835462],[128.1816418,36.9846002],[128.1808805,36.9850374],[128.1784558,36.9864086],[128.1771469,36.9871627],[128.1761598,36.9877969],[128.1754625,36.9883197],[128.1748187,36.9888424],[128.1744647,36.9891766],[128.1742286,36.9895023],[128.1740838,36.9897936],[128.1739873,36.9900679],[128.1739068,36.9904878],[128.1738961,36.9908177],[128.1739068,36.9912076],[128.1739658,36.9915975],[128.1740355,36.9919275],[128.1741214,36.9922188],[128.1742501,36.9925444],[128.1744379,36.9928829],[128.174631,36.9931914],[128.1748402,36.9934699],[128.175087,36.9937099],[128.1753659,36.9939755],[128.1756663,36.9941897],[128.1760901,36.9944511],[128.176471,36.9946996],[128.1771683,36.9950809],[128.1779408,36.9954579],[128.178826,36.9958478],[128.1794643,36.9961434],[128.1803119,36.9965805],[128.1806981,36.9968204],[128.1809234,36.9969832],[128.1811112,36.9971674],[128.1812238,36.9973088],[128.1813365,36.9975616],[128.1814116,36.9977672],[128.1814867,36.9980286],[128.1815243,36.998367],[128.1815457,36.998834],[128.1815457,36.9993481],[128.1815189,36.9996137],[128.1814867,36.9998237],[128.1814277,37.0000379],[128.181358,37.0002864],[128.1812614,37.0005691],[128.1811166,37.0009076],[128.1809395,37.0013017],[128.1808001,37.0015588],[128.1805157,37.0020557],[128.179872,37.0030325],[128.1788957,37.0043905],[128.1781018,37.0055515],[128.1773293,37.0065882],[128.1768358,37.0072607],[128.1761813,37.0080532],[128.1754839,37.00891],[128.1749046,37.009544],[128.173821,37.0106834],[128.172791,37.01172],[128.1719005,37.0125596],[128.1711602,37.0131764],[128.1706452,37.0135534],[128.1699157,37.014076],[128.1693578,37.0144443],[128.1687838,37.0147956],[128.168242,37.0150783],[128.1675929,37.0154124],[128.1671691,37.0156094],[128.1663644,37.0159349],[128.1656027,37.0162605],[128.1643581,37.0167573],[128.1630278,37.0172799],[128.1622553,37.0175797],[128.1617081,37.0178196],[128.1609678,37.0181622],[128.1598949,37.0186334],[128.1587791,37.0191559],[128.1575239,37.0196956],[128.1565153,37.0201239],[128.155303,37.0205779],[128.1542301,37.0209634],[128.1533825,37.0212289],[128.1520414,37.0216058],[128.1505823,37.0219656],[128.1494772,37.0222312],[128.1485009,37.0224282],[128.1472993,37.0226338],[128.1457329,37.0228736],[128.1437802,37.0231477],[128.1422782,37.0233533],[128.1409264,37.0235332],[128.1386733,37.0237473],[128.1369781,37.0238844],[128.1355297,37.0239786],[128.1336522,37.0240471],[128.1323647,37.0240557],[128.1310451,37.02403],[128.1298542,37.0239529],[128.1286633,37.0238587],[128.1276011,37.0237302],[128.1267536,37.0235931],[128.1256914,37.0233618],[128.124522,37.0230535],[128.1238353,37.0228308],[128.1230843,37.0225652],[128.1221509,37.0221712],[128.1211638,37.0216915],[128.1205201,37.0213574],[128.1197691,37.0209463],[128.1188571,37.0203723],[128.1180525,37.0198241],[128.1173229,37.0192587],[128.1167543,37.0188133],[128.1162071,37.0183593],[128.1155634,37.0178196],[128.114984,37.0173056],[128.1146085,37.0169458],[128.1141861,37.0165206],[128.113836,37.0161148],[128.1132889,37.0154552],[128.1126451,37.0146328],[128.1120872,37.0138961],[128.1117225,37.0134163],[128.111186,37.0125939],[128.1109071,37.0121827],[128.1104779,37.0114973],[128.1100809,37.0107862],[128.1096625,37.0100237],[128.1093407,37.0093726],[128.1090188,37.0086787],[128.1086111,37.0077619],[128.1083107,37.007068],[128.1079995,37.0062369],[128.1076133,37.0050203],[128.10727,37.0039921],[128.1070125,37.0031524],[128.1066692,37.0020557],[128.106358,37.0010104],[128.1059396,36.9997594],[128.1056499,36.9988597],[128.105371,36.99808],[128.1051457,36.9974802],[128.1049633,36.9971331],[128.1047863,36.9968204],[128.1046039,36.9965547],[128.1043678,36.9962377],[128.1041425,36.9959892],[128.103885,36.9957321],[128.1036812,36.995535],[128.1034613,36.9953551],[128.1032467,36.9952351],[128.1029838,36.9951237],[128.1027049,36.9950338],[128.1023133,36.9949181],[128.1019646,36.9948495],[128.1015944,36.9947981],[128.1011385,36.9947596],[128.1006503,36.994721],[128.100189,36.9947039],[128.0995774,36.9947296],[128.0989981,36.9947981],[128.0978823,36.9949181],[128.0968201,36.9950723],[128.0959725,36.995098],[128.0953503,36.9950638],[128.0946421,36.9949781],[128.0939448,36.9947895],[128.0934942,36.9945925],[128.0930114,36.9943268],[128.0926251,36.9939926],[128.0923676,36.9937098],[128.0921745,36.9934528],[128.0919063,36.99305],[128.091681,36.9925102],[128.0915093,36.9919446],[128.0913591,36.9913704],[128.0912304,36.9906935],[128.0911016,36.9894594],[128.0909407,36.9876769],[128.0907261,36.9859801],[128.0905437,36.9845232],[128.0904257,36.9837261],[128.0903613,36.9834005],[128.0903077,36.9830148],[128.0862655,36.9686154],[128.087033,36.9656188],[128.0888811,36.9573214],[128.0893211,36.9516956],[128.085801,36.9493045],[128.0804329,36.9500077],[128.0756736,36.9530984],[128.0747723,36.9535957],[128.0738819,36.9541187],[128.0727124,36.9547446],[128.0715322,36.9553704],[128.0700838,36.9561678],[128.0691934,36.9566136],[128.0684852,36.9569479],[128.0676055,36.9573166],[128.0669188,36.9575652],[128.0661893,36.9578138],[128.0657387,36.9579339],[128.06517,36.9580367],[128.0646658,36.9580796],[128.0641615,36.9580539],[128.0636465,36.9580196],[128.063035,36.9579424],[128.0625737,36.9578738],[128.0617475,36.9577367],[128.0611789,36.9576166],[128.0604064,36.9574623],[128.059001,36.9572051],[128.0580568,36.9570251],[128.0571985,36.9568708],[128.0561042,36.956665],[128.055042,36.9564935],[128.0543768,36.9563821],[128.0533898,36.9561849],[128.0525529,36.956022],[128.0515444,36.9558763],[128.0509865,36.9558077],[128.0500317,36.9557477],[128.0494308,36.9557477],[128.0483687,36.9557991],[128.04721,36.9558934],[128.0465341,36.9559791],[128.0461264,36.956082],[128.0455899,36.9562192],[128.0449569,36.9564335],[128.0442703,36.9566564],[128.0432618,36.9569994],[128.042382,36.9573509],[128.0417383,36.9576681],[128.0412018,36.9579253],[128.0404401,36.9584054],[128.0395388,36.9590398],[128.0390131,36.9594599],[128.0382299,36.96012],[128.0376291,36.9606515],[128.037039,36.9612945],[128.0359983,36.9622546],[128.0348718,36.9633776],[128.0335522,36.9645863],[128.0329192,36.9652207],[128.0323505,36.9657007],[128.0317604,36.9660779],[128.0311489,36.9663865],[128.0299687,36.9669009],[128.0288422,36.967398],[128.0280054,36.9677324],[128.0269684,36.9681446],[128.0232574,36.9693052],[128.0186115,36.96906],[128.012552,36.9708512],[128.0107137,36.9728505],[128.0094092,36.9756177],[128.0069622,36.9797834],[128.0046191,36.9822767],[128.0014482,36.9868124],[128.0007152,36.9905175],[127.9997671,36.995278],[127.9996061,36.9959206],[127.9993272,36.9967518],[127.9991019,36.9974459],[127.9988766,36.99814],[127.9986405,36.9987569],[127.9984796,36.9991082],[127.9982811,36.9994724],[127.9981041,36.999768],[127.9977929,37.0002735],[127.9974604,37.0007533],[127.9970956,37.0012332],[127.9966932,37.001683],[127.9962748,37.0021371],[127.9959261,37.0025013],[127.9952288,37.0031782],[127.9943383,37.0040692],[127.9934585,37.0049432],[127.9924552,37.0059092],[127.9920718,37.0062669],[127.9919233,37.0064135],[127.9917794,37.0065539],[127.9915649,37.0067681],[127.9911464,37.0071708],[127.9905188,37.0078005],[127.9899287,37.0084002],[127.9894674,37.0088714],[127.9891723,37.0091713],[127.9889202,37.0094026],[127.988711,37.0095654],[127.9884696,37.0097367],[127.9881692,37.0099295],[127.9876596,37.0102208],[127.9871607,37.0104821],[127.9865491,37.0107862],[127.9860127,37.0110218],[127.9855728,37.0111846],[127.9852831,37.0112831],[127.9849505,37.0113774],[127.9846394,37.0114459],[127.9841351,37.0115444],[127.9835558,37.0116429],[127.9823971,37.0118228],[127.9814047,37.0119856],[127.9805893,37.0121355],[127.980026,37.0122512],[127.9794735,37.0123883],[127.9789531,37.0125339],[127.9785454,37.0126538],[127.978245,37.0127652],[127.9777032,37.0130094],[127.9774028,37.0131593],[127.9770809,37.0133221],[127.9766732,37.0135405],[127.9763567,37.0137247],[127.9757988,37.0140503],[127.9751873,37.0144272],[127.97405,37.0151382],[127.9732346,37.0156522],[127.9719901,37.0164318],[127.9711532,37.0169715],[127.9699945,37.0177425],[127.9691791,37.0182907],[127.9680526,37.019096],[127.9674143,37.0195885],[127.9668188,37.0200682],[127.9662877,37.0205179],[127.9656118,37.0211047],[127.9651344,37.0215202],[127.9645443,37.0220256],[127.9642446,37.0222721],[127.9640192,37.0224994],[127.9636806,37.0227708],[127.963407,37.0230149],[127.9631549,37.0232205],[127.9628974,37.0234004],[127.9625165,37.0236317],[127.9622483,37.023773],[127.9619533,37.0238972],[127.9615617,37.02403],[127.961095,37.0241542],[127.9607141,37.0242398],[127.9602635,37.0243255],[127.9597807,37.0244069],[127.9593623,37.0244754],[127.958504,37.0245825],[127.9579461,37.0246039],[127.9575491,37.0245696],[127.9569966,37.0244754],[127.9563475,37.0242527],[127.955693,37.024],[127.9549098,37.0236103],[127.9537403,37.0230963],[127.9526782,37.0227108],[127.95138,37.0222483],[127.950393,37.0219656],[127.9486978,37.0215544],[127.9474211,37.0213317],[127.9457259,37.0212032],[127.9437089,37.0211433],[127.9428844,37.02114],[127.9419225,37.021169],[127.9409704,37.0211368],[127.9390263,37.0210728],[127.9342461,37.0211347],[127.9304432,37.02121],[127.926929,37.0213073],[127.9238177,37.0212699],[127.922321,37.0210747],[127.9207626,37.0207536],[127.9197031,37.0203124],[127.9188126,37.0198112],[127.9176378,37.0191988],[127.9160285,37.0181537],[127.9146337,37.0171514],[127.9138505,37.0165089],[127.9131746,37.0158664],[127.9127777,37.0154124],[127.9123914,37.0147185],[127.9121768,37.0141959],[127.9120588,37.0136048],[127.9121232,37.0126881],[127.9122721,37.0103226],[127.9119909,37.0077782],[127.9118363,37.0060312],[127.9117379,37.0049194],[127.9114568,37.0023749],[127.9112649,37.0016787],[127.9108786,37.0008733],[127.9098449,36.9997629],[127.9081964,36.99796],[127.9064993,36.9965146],[127.9041838,36.9945325],[127.9026925,36.9930757],[127.9016304,36.9918075],[127.9004609,36.9909591],[127.8997207,36.9905135],[127.8986478,36.9900507],[127.8972423,36.9895451],[127.8956652,36.9894166],[127.8935945,36.9897165],[127.8923499,36.9899479],[127.8910732,36.9902907],[127.8896463,36.9908563],[127.8888154,36.9912227],[127.8874192,36.9921753],[127.8852168,36.9936778],[127.881815,36.9966044],[127.8797252,36.9986851],[127.8779821,37.0005188],[127.8764827,37.0026219],[127.873943,37.0064386],[127.8722723,37.0096178],[127.8717899,37.0105854],[127.8711348,37.0118995],[127.8703734,37.0138989],[127.8690511,37.0172743],[127.8680351,37.0197079],[127.867458,37.0210903],[127.866071,37.0232078],[127.8634658,37.0259312],[127.8614884,37.028056],[127.8594009,37.0312061],[127.8587566,37.0339181],[127.8589763,37.0362792],[127.8600132,37.0381107],[127.8605604,37.0390613],[127.8617728,37.0404487],[127.8626311,37.0413479],[127.8634035,37.0421015],[127.8642189,37.0428637],[127.865324,37.0437543],[127.8670299,37.0448761],[127.8684997,37.0458866],[127.8705436,37.0467429],[127.8713483,37.0471111],[127.8719705,37.0474236],[127.8734565,37.0481815],[127.8752804,37.0490549],[127.8767073,37.049757],[127.8780055,37.0504421],[127.880162,37.0515038],[127.8816962,37.0522659],[127.8835845,37.053439],[127.8845072,37.0540555],[127.8850973,37.0546206],[127.8854835,37.0549887],[127.8860521,37.0558022],[127.8868782,37.0571293],[127.8875444,37.058356],[127.8880477,37.059304],[127.8886427,37.0608449],[127.8887665,37.0615471],[127.8887129,37.0624889],[127.8885305,37.0631738],[127.8880262,37.064809],[127.8875737,37.0662431],[127.8870173,37.0682761],[127.8869559,37.0684721],[127.8866686,37.0695166],[127.8862774,37.0709385],[127.8859931,37.0717517],[127.8857678,37.0722354],[127.8855371,37.0726334],[127.8850973,37.0733354],[127.8846359,37.0739346],[127.8841853,37.0743883],[127.8834772,37.0749019],[127.8828335,37.0753128],[127.8812241,37.0760831],[127.8796685,37.0768878],[127.87866,37.0773842],[127.8774476,37.0781204],[127.8766858,37.0787195],[127.8760743,37.0792074],[127.8752482,37.0797039],[127.8745186,37.0800505],[127.8738588,37.0802089],[127.8735557,37.0802602],[127.8733331,37.0802645],[127.8730488,37.0802495],[127.8726464,37.080196],[127.8720134,37.0800976],[127.8711605,37.080012],[127.8699267,37.0800206],[127.8689611,37.0799906],[127.8681028,37.0800462],[127.8670889,37.0801233],[127.8661984,37.0802645],[127.8642619,37.080731],[127.8635323,37.0808423],[127.8627491,37.0808936],[127.8619552,37.0808252],[127.8608286,37.0806368],[127.8592515,37.0803886],[127.8570735,37.0802174],[127.8555715,37.0802003],[127.8542948,37.0802346],[127.8531682,37.0804057],[127.8522563,37.0805769],[127.8510439,37.080945],[127.849617,37.0814842],[127.8485119,37.0819464],[127.84657,37.0828965],[127.8444672,37.0838722],[127.8435016,37.0843173],[127.842536,37.0846596],[127.8417957,37.0848993],[127.8409159,37.0850619],[127.8399557,37.0852288],[127.8394031,37.0852502],[127.8385019,37.0852844],[127.8375739,37.0852887],[127.8357875,37.0852887],[127.8347468,37.0853358],[127.8339046,37.0855069],[127.8332502,37.0856824],[127.8324401,37.0859734],[127.8314853,37.0863714],[127.8307664,37.0868935],[127.8301763,37.0874327],[127.8294682,37.0881858],[127.8288674,37.0888962],[127.828052,37.0901114],[127.8272045,37.0915578],[127.8261745,37.0930897],[127.82552,37.094245],[127.8246667,37.0957668],[127.8239965,37.0970476],[127.8238384,37.0974087],[127.8235978,37.0979584],[127.8231672,37.0994583],[127.8231262,37.1005494],[127.8231107,37.1016574],[127.8230712,37.102461],[127.8230002,37.1029964],[127.8228748,37.103397],[127.8228056,37.1036836],[127.82287,37.1041628],[127.8230631,37.1047104],[127.8232241,37.1051725],[127.8233743,37.1056217],[127.8234762,37.1061051],[127.8234708,37.1063661],[127.8233609,37.1065757],[127.8230792,37.1068153],[127.8223711,37.1073116],[127.8218722,37.1076795],[127.82125,37.1081843],[127.8207564,37.1088859],[127.8205311,37.109502],[127.8203058,37.1100838],[127.8199303,37.1108196],[127.8194153,37.1115554],[127.8188842,37.1121243],[127.8182673,37.1125393],[127.8176451,37.1128473],[127.8169906,37.1131126],[127.8157782,37.1135061],[127.8148019,37.1137286],[127.8133428,37.1140066],[127.8124309,37.114289],[127.8114223,37.1145542],[127.8105801,37.1148664],[127.8096843,37.1152343],[127.8088689,37.1156279],[127.8082788,37.1159615],[127.8076351,37.1163551],[127.8058293,37.1173484],[127.8049589,37.1179042],[127.803719,37.1189302],[127.8022792,37.1203212],[127.7994678,37.1233101],[127.797125,37.1267542],[127.7958657,37.1290658],[127.7952754,37.1303674],[127.794826,37.1317275],[127.794224,37.1339],[127.7939328,37.1349378],[127.793076,37.1370048],[127.7923787,37.1385528],[127.7919602,37.1394594],[127.7914989,37.1403917],[127.7908337,37.141589],[127.7900398,37.1427778],[127.7893991,37.1437076],[127.7892029,37.1439922],[127.7886236,37.1448132],[127.7879369,37.1461131],[127.7873576,37.1471992],[127.7869391,37.1478064],[127.7863276,37.1484649],[127.7856946,37.1490378],[127.7849865,37.1495253],[127.7840531,37.1500213],[127.7831948,37.1505343],[127.7827047,37.1507913],[127.7823794,37.1509619],[127.7815854,37.1514066],[127.7806735,37.1517401],[127.779547,37.1519966],[127.7783775,37.1523045],[127.7773046,37.1526038],[127.7762532,37.1529458],[127.7749872,37.1533819],[127.7739161,37.1539282],[127.7722084,37.1547415],[127.7707171,37.1554855],[127.7692687,37.1564945],[127.7683782,37.1571529],[127.7676058,37.1577685],[127.76649,37.1585637],[127.7658186,37.1591448],[127.7649987,37.1599574],[127.7640867,37.1609749],[127.7633732,37.1618871],[127.7620268,37.1637281],[127.761029,37.1651217],[127.7603568,37.1661463],[127.7596235,37.1670796],[127.7584326,37.1685501],[127.7575161,37.1698218],[127.7569593,37.1706428],[127.7564478,37.171397],[127.755759,37.1725871],[127.7548921,37.1742181],[127.7543235,37.1754662],[127.7531086,37.1791324],[127.7515125,37.1840323],[127.7504729,37.1886985],[127.7497554,37.191988],[127.7489208,37.1949041],[127.748487,37.1969202],[127.7481544,37.1982961],[127.7478433,37.1991165],[127.7474946,37.1998387],[127.7471244,37.200642],[127.7468616,37.2015136],[127.7465987,37.202616],[127.7465343,37.2031629],[127.7464754,37.2035352],[127.7463627,37.20412],[127.7461948,37.2045698],[127.7460676,37.2049105],[127.7459271,37.2052352],[127.7457941,37.2055428],[127.7448982,37.2074954],[127.7444529,37.208572],[127.7442813,37.2091317],[127.7442062,37.209465],[127.7441901,37.210281],[127.7441847,37.2110286],[127.7442867,37.2115328],[127.7444744,37.211866],[127.744689,37.2122334],[127.7450216,37.2126478],[127.7455258,37.2132203],[127.7460462,37.2138312],[127.7467436,37.2145404],[127.7470922,37.2150018],[127.7473766,37.2153905],[127.7477735,37.2160185],[127.7481115,37.2168174],[127.7483475,37.2174069],[127.7485996,37.2181374],[127.7487606,37.2187141],[127.7488571,37.2192609],[127.7491951,37.2205168],[127.7493668,37.2212601],[127.7495438,37.2219692],[127.7495062,37.2226228],[127.7494365,37.2232592],[127.7493024,37.2243826],[127.7490235,37.2252982],[127.7488303,37.2256812],[127.7485192,37.2262108],[127.74813,37.2266573],[127.7473619,37.2270424],[127.7465022,37.2272274],[127.7428329,37.2272958],[127.7418888,37.2273727],[127.7373172,37.227801],[127.7319494,37.2286966],[127.7255343,37.2291127],[127.7221477,37.2292862],[127.7156567,37.2296621],[127.710582,37.2302686],[127.7074599,37.2307982],[127.7066874,37.2307384],[127.7048206,37.230653],[127.7031898,37.2303455],[127.7011084,37.2297817],[127.6981258,37.2293887],[127.6961303,37.2292521],[127.6948857,37.2295767],[127.693491,37.2302942],[127.691431,37.2318831],[127.6902225,37.2333323],[127.6893501,37.2350499],[127.687829,37.2378017],[127.6860216,37.2412807],[127.6849234,37.2446503],[127.6843572,37.2457068],[127.6835277,37.2472547],[127.6825668,37.249422],[127.6824524,37.2511339],[127.6826354,37.2532465],[127.6825439,37.2576353],[127.6825067,37.2586466],[127.6823837,37.2619874],[127.6824295,37.2656656],[127.6828598,37.2668303],[127.683276,37.2677777],[127.6840997,37.2691615],[127.6850835,37.2716558],[127.6853485,37.2737446],[127.6851266,37.2747578],[127.6845439,37.2759898],[127.6843018,37.2765415],[127.6839626,37.2774806],[127.6839164,37.2775999],[127.6837261,37.2780989],[127.6830411,37.2803703],[127.6827729,37.2811044],[127.6823759,37.2821459],[127.6820326,37.2830508],[127.6816571,37.2839727],[127.6810241,37.2854238],[127.680434,37.2867128],[127.6791787,37.2892565],[127.6782238,37.2911685],[127.6778376,37.2920049],[127.6774621,37.2927816],[127.6771188,37.2934901],[127.6769042,37.293951],[127.6767907,37.2941593],[127.6766252,37.2944631],[127.6762497,37.2950264],[127.6758528,37.29553],[127.6754022,37.2960847],[127.6749462,37.29652],[127.6746136,37.2967803],[127.6743883,37.296934],[127.6741093,37.2970876],[127.6737446,37.2972412],[127.6736319,37.2972796],[127.6732457,37.297365],[127.6729131,37.2974162],[127.6724088,37.2974973],[127.6716953,37.2975911],[127.6709336,37.2976466],[127.6703918,37.2976552],[127.6697481,37.2976296],[127.6691741,37.2975826],[127.6685893,37.2974887],[127.6680851,37.2973948],[127.667436,37.2972626],[127.6667547,37.2970919],[127.6663041,37.2969724],[127.6657301,37.2968187],[127.6651668,37.2966352],[127.6645178,37.2964261],[127.6638848,37.2962042],[127.6632449,37.2959618],[127.6627153,37.2957604],[127.6623344,37.2956196],[127.6618999,37.295466],[127.661503,37.2953379],[127.6610041,37.2952227],[127.6608227,37.2951811],[127.6607251,37.2951587],[127.660414,37.2951032],[127.6601511,37.295052],[127.6598078,37.2950093],[127.6593733,37.2949624],[127.6588958,37.2949368],[127.6578415,37.294896],[127.6560527,37.2948984],[127.6556557,37.2949026],[127.6552427,37.2949197],[127.6548672,37.2949539],[127.654379,37.2950349],[127.653628,37.2952099],[127.652775,37.2954233],[127.6521206,37.2956025],[127.6515949,37.295769],[127.6509619,37.2959653],[127.6500177,37.2962811],[127.6489556,37.2966481],[127.6475179,37.2971089],[127.6461553,37.2975698],[127.6448038,37.298019],[127.6434624,37.298466],[127.6388283,37.3000064],[127.6360702,37.300958],[127.63327,37.302059],[127.631017,37.3029636],[127.628485,37.3043035],[127.6262319,37.3072988],[127.6246977,37.3094578],[127.6231956,37.3115485],[127.6216829,37.3138268],[127.6203847,37.3160027],[127.6193547,37.3178713],[127.6184964,37.3194498],[127.6162648,37.3212757],[127.614916,37.3222775],[127.6123273,37.3241595],[127.6121476,37.3242971],[127.6107073,37.3258061],[127.6084319,37.3282424],[127.6083536,37.3283357],[127.6070487,37.3301997],[127.606051,37.3312832],[127.604624,37.332469],[127.6027036,37.3332879],[127.6024938,37.3334161],[127.5999677,37.3345334],[127.5975537,37.3356082],[127.5941849,37.337374],[127.5925004,37.3386365],[127.5907946,37.340479],[127.5894213,37.3420229],[127.5879085,37.3437288],[127.5865352,37.3453665],[127.5850224,37.347115],[127.5835848,37.3491449],[127.5829089,37.350373],[127.5819754,37.3520873],[127.5812888,37.3525478],[127.5803339,37.3532131],[127.5788104,37.3542535],[127.577008,37.3553025],[127.5752163,37.3562832],[127.5738752,37.3570422],[127.5718689,37.3581509],[127.5695461,37.3594944],[127.5669836,37.3606583],[127.5648308,37.3613914],[127.5629157,37.362031],[127.5616658,37.3624659],[127.5594664,37.3633612],[127.5569451,37.3646744],[127.55422,37.366576],[127.5528145,37.3679658],[127.5517094,37.3693045],[127.5509369,37.3703874],[127.5500357,37.3715726],[127.5491559,37.3725702],[127.5483942,37.3735251],[127.5474393,37.3745056],[127.5466025,37.3757674],[127.5458085,37.3774982],[127.5453257,37.3790754],[127.5447142,37.3817098],[127.5440812,37.3835427],[127.54318,37.3849152],[127.541635,37.3866287],[127.5405407,37.3879159],[127.5401008,37.3886831],[127.5394825,37.3903308],[127.5391459,37.3924252],[127.5390936,37.3941299],[127.539221,37.3994614],[127.5391996,37.4001518],[127.538985,37.4031221],[127.5388334,37.4040012],[127.5387315,37.4045891],[127.5387,37.4047499],[127.5385558,37.4056107],[127.5383157,37.4069256],[127.5376445,37.4100579],[127.5370344,37.4129046],[127.5356414,37.4165397],[127.5326187,37.4243343],[127.5298823,37.4285933],[127.5268705,37.4321891],[127.5242326,37.4345323],[127.5228494,37.4355372],[127.5213068,37.4361991],[127.5185479,37.4369976],[127.5152206,37.4376996],[127.5126243,37.4383385],[127.5099528,37.4391648],[127.508274,37.4399105],[127.5079318,37.4401041],[127.5053608,37.4420866],[127.5032687,37.4440884],[127.5027939,37.4446416],[127.5017772,37.4458262],[127.4995351,37.4502212],[127.4986553,37.4523676],[127.4978936,37.4547268],[127.4973386,37.4571419],[127.4969494,37.4585849],[127.4959838,37.462562],[127.495554,37.4650055],[127.4953294,37.466607],[127.4952757,37.4690253],[127.4953508,37.4716225],[127.4953252,37.4742121],[127.4947304,37.4771717],[127.4940874,37.4798665],[127.4939982,37.4802402],[127.4936633,37.480947],[127.4929229,37.4825097],[127.4905663,37.4848881],[127.4860854,37.4890011],[127.4851668,37.4898442],[127.4820094,37.4925128],[127.4773878,37.4947093],[127.4717366,37.4973596],[127.4658794,37.4998464],[127.4620128,37.501117],[127.4564989,37.5033133],[127.4510078,37.5053098],[127.4463032,37.5071597],[127.4456998,37.507397],[127.4434188,37.5078567],[127.4414671,37.5082501],[127.4365023,37.5083953],[127.4318349,37.5079415],[127.4264582,37.506907],[127.4204208,37.5052121],[127.4179771,37.5042307],[127.4164023,37.5035983],[127.4138171,37.5020286],[127.4109731,37.5004754],[127.4090135,37.4998182],[127.4064616,37.4988299],[127.4021602,37.4973778],[127.397264,37.4976682],[127.3929398,37.4992837],[127.3887529,37.5011533],[127.3825526,37.5028958],[127.3798986,37.5050012],[127.37848,37.5083953],[127.3744533,37.5155639],[127.3717764,37.5203911],[127.368047,37.5257078],[127.3654845,37.5286836],[127.3612747,37.5321672],[127.3564472,37.5344896],[127.351917,37.5355237],[127.3456023,37.5355056],[127.3418958,37.5350883],[127.3378919,37.5344896],[127.3304523,37.5336828],[127.3298613,37.5336187],[127.3245614,37.5319257],[127.319167,37.5301968],[127.3153475,37.5281548],[127.3105144,37.5248733]]]}},{"type":"Feature","properties":{"name":"낙동강","source":"OpenStreetMap contributors via Nominatim"},"geometry":{"type":"MultiLineString","coordinates":[[[129.0430374,37.091703],[129.043133,37.0914401],[129.0433178,37.0910411],[129.0433583,37.0909758],[129.0434334,37.0909031],[129.0435889,37.0907939],[129.0437096,37.0907062],[129.0438893,37.0905201],[129.044069,37.0902976],[129.0443721,37.0899018],[129.0445089,37.0897156],[129.0446527,37.0895526],[129.0447503,37.0894332],[129.044804,37.0893455],[129.0448442,37.0892235],[129.044863,37.0888726],[129.0448308,37.0885324],[129.0447875,37.088176],[129.0447825,37.0880574],[129.044812,37.0879504],[129.0449569,37.0876873],[129.0453346,37.0871475],[129.0456945,37.086641],[129.0460673,37.0860761],[129.0463999,37.085569],[129.0465635,37.0852951],[129.0466961,37.0849725],[129.0467888,37.084726],[129.0468988,37.0844414],[129.0469739,37.0841568],[129.0470329,37.0838529],[129.0471134,37.0832217],[129.0471804,37.0829328],[129.0472737,37.0826431],[129.0474004,37.0823744],[129.0474889,37.082231],[129.0476315,37.0820448],[129.0477544,37.0819015],[129.0478885,37.0817667],[129.0480575,37.081664],[129.0482742,37.0815783],[129.0484625,37.0815035],[129.0486395,37.0814628],[129.0491277,37.0813515],[129.0495863,37.0812507],[129.0497714,37.0812531],[129.0500101,37.0812809],[129.050239,37.0812796],[129.0503937,37.0812488],[129.0504822,37.0812488],[129.0505868,37.0812638],[129.0506834,37.0813002],[129.050965,37.0813943],[129.0512493,37.0814607],[129.0515659,37.0815104],[129.0518072,37.0815505],[129.0520459,37.0815869],[129.0524214,37.0815933],[129.0533111,37.0815687],[129.0535587,37.0815591],[129.0538618,37.0815249],[129.0540737,37.0815077],[129.0543044,37.08145],[129.0545994,37.0813622],[129.0549239,37.0812339],[129.0552834,37.0810669],[129.0554953,37.0809514],[129.0555991,37.0808818],[129.0556374,37.0808016],[129.0556267,37.0807032],[129.0555623,37.0806133],[129.0555355,37.0805448],[129.0555409,37.0804015],[129.0555194,37.0802859],[129.0554523,37.0799649],[129.0553163,37.0796751],[129.0552378,37.079599],[129.0551251,37.0795305],[129.0548649,37.0794449],[129.0543419,37.0792481],[129.053953,37.0791304],[129.0535936,37.0790448],[129.0533709,37.0790084],[129.0532127,37.0789849],[129.0529579,37.0789314],[129.0526628,37.078865],[129.0522686,37.0787431],[129.0515779,37.0784879],[129.0508684,37.0782295],[129.0504527,37.0780669],[129.0502435,37.077962],[129.0500992,37.077863],[129.0500128,37.077763],[129.0499431,37.077626],[129.0499002,37.0774827],[129.0498787,37.0773157],[129.0498787,37.0770333],[129.0499077,37.0767213],[129.0499485,37.0765924],[129.0500075,37.0764277],[129.0500718,37.0762757],[129.0501851,37.076087],[129.05067,37.0755182],[129.0509623,37.0752507],[129.0512856,37.0749563],[129.0516651,37.0747264],[129.0519494,37.0746023],[129.0522374,37.0745079],[129.0524885,37.0744311],[129.0526387,37.074384],[129.0527768,37.0743337],[129.0529579,37.0742406],[129.0532207,37.0740566],[129.0539127,37.0734164],[129.0540951,37.0732733],[129.0542427,37.0732006],[129.0543634,37.0731321],[129.0544438,37.0729951],[129.0545163,37.0728239],[129.0545431,37.0727297],[129.0545329,37.0726237],[129.0544975,37.0725393],[129.0543768,37.0723552],[129.0541595,37.0720642],[129.0538114,37.071507],[129.0536875,37.0712873],[129.0535077,37.0710369],[129.0530437,37.0706089],[129.0525126,37.0700996],[129.0522498,37.0698513],[129.0520072,37.0695957],[129.0518394,37.0693548],[129.0517214,37.0690509],[129.0517402,37.0688968],[129.0517992,37.068824],[129.0519092,37.0687749],[129.0522203,37.0685587],[129.0524161,37.0684495],[129.0525341,37.0683703],[129.0526225,37.0683049],[129.0526468,37.0682119],[129.0526092,37.0681178],[129.0524536,37.0679808],[129.0522096,37.0677689],[129.0520701,37.0676855],[129.0519069,37.0676203],[129.051716,37.0675485],[129.0514961,37.0674843],[129.0510374,37.067403],[129.0503614,37.0673106],[129.049235,37.0672745],[129.0486154,37.0672788],[129.0479744,37.0672905],[129.047344,37.0673088],[129.0468828,37.0671878],[129.046542,37.0670006],[129.0462309,37.0667395],[129.0454048,37.0657807],[129.0437257,37.0641476],[129.0435251,37.0638319],[129.0434092,37.063452],[129.0432858,37.063208],[129.0426958,37.0623733],[129.0420306,37.0613074],[129.0418509,37.0605947],[129.0418616,37.0602607],[129.0419742,37.059822],[129.0421888,37.0595651],[129.0426636,37.0593297],[129.0431839,37.0592184],[129.0438392,37.0592861],[129.0447235,37.0595052],[129.0455496,37.0598177],[129.047159,37.0600703],[129.0476686,37.0600703],[129.0480548,37.0599932],[129.0484196,37.0597535],[129.0512037,37.0575274],[129.0522245,37.0567863],[129.0529901,37.0565642],[129.0534192,37.0565428],[129.0539396,37.0566883],[129.0555918,37.057262],[129.0581667,37.0576515],[129.0585744,37.057643],[129.0590197,37.0574675],[129.0592611,37.0572149],[129.0593255,37.0569323],[129.059878,37.0559563],[129.0600443,37.0553655],[129.0600818,37.0544664],[129.0599531,37.0534861],[129.0596795,37.0528482],[129.0584886,37.050943],[129.0581399,37.0501338],[129.0578691,37.0481558],[129.0578476,37.0478989],[129.0578958,37.0474686],[129.0581024,37.0469955],[129.0593094,37.0450902],[129.0598968,37.0442766],[129.0604252,37.0437885],[129.0615758,37.0431591],[129.0617636,37.0429878],[129.0618414,37.042748],[129.0619111,37.0417418],[129.0617257,37.041134],[129.0614444,37.040787],[129.0608919,37.0404744],[129.0600818,37.0402903],[129.059245,37.0402521],[129.0576893,37.0405857],[129.0570992,37.0407741],[129.056375,37.0411766],[129.0559566,37.0415748],[129.0553772,37.0422171],[129.0541702,37.0431934],[129.0532047,37.0436001],[129.052813,37.0436772],[129.0523624,37.0435487],[129.051944,37.0432876],[129.0509999,37.0419217],[129.0507102,37.041335],[129.0506351,37.0408769],[129.0510026,37.0398728],[129.0513405,37.0392219],[129.0517268,37.0388601],[129.0522927,37.0385775],[129.0527165,37.0385068],[129.0540361,37.0385304],[129.0544867,37.0384062],[129.0552431,37.037948],[129.0556562,37.037477],[129.0556937,37.0372158],[129.0551948,37.0354472],[129.0551948,37.0350104],[129.0553888,37.0344788],[129.0558493,37.0336915],[129.0568525,37.0329121],[129.057582,37.0327023],[129.0581077,37.0327365],[129.0590787,37.0331219],[129.0598287,37.033163],[129.0609562,37.0329806],[129.0615088,37.033032],[129.0623724,37.0333618],[129.0630591,37.0338799],[129.0632737,37.0339441],[129.0635848,37.0338885],[129.0639979,37.0336315],[129.0646416,37.0328778],[129.0649795,37.0317858],[129.065001,37.0313019],[129.0644485,37.0301457],[129.0644002,37.0297859],[129.0644592,37.0294133],[129.065645,37.0278541],[129.0658379,37.0276703],[129.0663367,37.027362],[129.067179,37.0271949],[129.0679461,37.0272035],[129.0690565,37.0274134],[129.0696466,37.027302],[129.0707107,37.026739],[129.0711701,37.0264112],[129.0714821,37.0259901],[129.0716904,37.0252463],[129.0717441,37.0250107],[129.0715863,37.0238098],[129.0714651,37.0229978],[129.0714973,37.0228136],[129.0717226,37.0224838],[129.0719908,37.0219228],[129.0722162,37.0204687],[129.0721625,37.0201325],[129.0720311,37.0197834],[129.0720069,37.0195628],[129.0720552,37.0180145],[129.0721732,37.0171193],[129.0722617,37.0166888],[129.0724146,37.0164061],[129.0726775,37.0161962],[129.0732166,37.0159478],[129.0735921,37.0157722],[129.0738067,37.0157058],[129.0740159,37.0156994],[129.0753061,37.0158407],[129.0759766,37.0158236],[129.0769905,37.0156008],[129.0774652,37.015361],[129.0775752,37.0152796],[129.0776476,37.0151661],[129.0776825,37.0150183],[129.077653,37.0148577],[129.0773499,37.013956],[129.0772158,37.0136262],[129.0769958,37.0133178],[129.0766874,37.0130051],[129.0763682,37.0125939],[129.0755889,37.011226],[129.0754992,37.011116],[129.0753168,37.0110347],[129.0750727,37.0110389],[129.0737128,37.0113881],[129.0728626,37.011705],[129.0726534,37.0117564],[129.0724173,37.011765],[129.072141,37.0117179],[129.0718781,37.0115923],[129.0714714,37.0113412],[129.071331,37.0112317],[129.0712371,37.0111011],[129.0711969,37.010889],[129.0714866,37.0099766],[129.0719211,37.008156],[129.0719211,37.0078904],[129.0718836,37.0076227],[129.0717655,37.0074514],[129.0715724,37.0073207],[129.0701589,37.0066631],[129.0700382,37.0065667],[129.069955,37.0064211],[129.069939,37.0061898],[129.0699846,37.0059863],[129.0701294,37.0056457],[129.0703279,37.0054422],[129.0706015,37.0053073],[129.0710011,37.0052088],[129.0730691,37.0050845],[129.0740991,37.0049646],[129.0748823,37.0049946],[129.075585,37.0051017],[129.0760088,37.0052602],[129.0762395,37.0054101],[129.0764594,37.0056757],[129.0767732,37.0063183],[129.0771675,37.0069394],[129.0783407,37.0083295],[129.0789539,37.0088928],[129.0794045,37.0092055],[129.0799087,37.0094069],[129.0803915,37.0094926],[129.0807563,37.0094583],[129.0812015,37.009257],[129.0822369,37.0084173],[129.0831917,37.0076548],[129.0833151,37.0074792],[129.0833151,37.0073207],[129.0832508,37.0071622],[129.0830791,37.0068709],[129.0830255,37.006721],[129.082945,37.0063654],[129.0828377,37.0061791],[129.0826714,37.0060248],[129.0819231,37.0056371],[129.0813249,37.0052173],[129.0806732,37.0046004],[129.0805793,37.0044676],[129.0805055,37.0042898],[129.0804559,37.0041185],[129.0803942,37.00402],[129.079898,37.0033966],[129.0798068,37.0031739],[129.07978,37.0028911],[129.0797907,37.0025698],[129.0798658,37.0022999],[129.0804398,37.0010061],[129.080869,37.0005391],[129.0813893,37.0001493],[129.0826392,36.999301],[129.0829825,36.9989625],[129.0831917,36.9986455],[129.0833258,36.9980092],[129.0832803,36.9975444],[129.0831113,36.9965719],[129.0829182,36.9955757],[129.0827465,36.9949309],[129.0827438,36.9946182],[129.0828779,36.9937891],[129.0832856,36.9928315],[129.0833983,36.9925123],[129.0837014,36.9920688],[129.0838221,36.9919531],[129.0841761,36.9917175],[129.0845731,36.9914861],[129.0850398,36.9913811],[129.0854073,36.9913747],[129.0858793,36.9914218],[129.0865338,36.9916318],[129.0875477,36.9920645],[129.0879178,36.9923388],[129.0884542,36.9929343],[129.0890068,36.9934656],[129.0892911,36.9940398],[129.0893072,36.9942068],[129.0892455,36.9944039],[129.0889102,36.9950295],[129.0887117,36.9957921],[129.0886849,36.9959892],[129.0887922,36.9969061],[129.0887922,36.9970303],[129.0888888,36.997206],[129.08957,36.9979043],[129.0897578,36.9980414],[129.0901923,36.9981185],[129.0916997,36.9979772],[129.0919518,36.9979],[129.0921289,36.9977415],[129.0922469,36.9974459],[129.0923193,36.996679],[129.0923488,36.9965376],[129.0924346,36.9963748],[129.0926036,36.9961456],[129.0927082,36.9959228],[129.0930462,36.9950723],[129.0931535,36.9940847],[129.0931293,36.9939219],[129.0930435,36.993667],[129.0930194,36.9934956],[129.0930891,36.9928079],[129.0931374,36.9921031],[129.0931213,36.9919938],[129.0929979,36.991574],[129.0929872,36.991439],[129.0930247,36.9909719],[129.0930569,36.9907877],[129.0931508,36.9906463],[129.0932098,36.9905199],[129.0932608,36.9900957],[129.0932876,36.989333],[129.0932795,36.9892473],[129.0931964,36.9890095],[129.0930194,36.9887567],[129.0929335,36.988671],[129.0923998,36.9882297],[129.0912384,36.9872763],[129.0906751,36.9867],[129.0905866,36.9865564],[129.0905437,36.9864321],[129.090364,36.9853909],[129.0902916,36.9848917],[129.0903103,36.9844825],[129.0902862,36.9842532],[129.0902969,36.9841632],[129.0903801,36.9840775],[129.090659,36.9839233],[129.0907663,36.9838397],[129.0908199,36.9837476],[129.090879,36.9834733],[129.0909567,36.9833276],[129.0911686,36.9831176],[129.0923113,36.9821792],[129.0924159,36.9821106],[129.0926975,36.9819778],[129.0928531,36.9818192],[129.0929738,36.9814143],[129.0929657,36.9811293],[129.0929013,36.9809793],[129.0927136,36.9808058],[129.0920645,36.9804565],[129.0917614,36.9801501],[129.0916273,36.9799316],[129.0915307,36.9796637],[129.0915227,36.9794923],[129.0916058,36.9792695],[129.091807,36.9790702],[129.0920484,36.9789309],[129.09233,36.9788645],[129.0933681,36.9788602],[129.0935934,36.9788559],[129.093761,36.9788324],[129.094339,36.9786202],[129.0945335,36.9785313],[129.0947923,36.9783674],[129.0949747,36.9781874],[129.0952885,36.9777181],[129.0953891,36.9775242],[129.0954199,36.9773646],[129.0954119,36.977221],[129.0951678,36.9758368],[129.0951624,36.9755711],[129.095145,36.9754093],[129.0950981,36.9752904],[129.0950699,36.9751854],[129.0950417,36.974999],[129.0949881,36.9746883],[129.0948808,36.9743818],[129.0944838,36.973574],[129.093824,36.9726697],[129.0931213,36.9719283],[129.0924883,36.9711397],[129.0920886,36.9705375],[129.0919948,36.9702868],[129.0919465,36.9700318],[129.0919974,36.9694939],[129.092035,36.969271],[129.0920806,36.9691424],[129.0923622,36.9686388],[129.0924561,36.9684267],[129.0924722,36.9681995],[129.0924373,36.9675009],[129.0922952,36.9671409],[129.0922737,36.9670401],[129.0923086,36.9668794],[129.0925205,36.9659408],[129.0924829,36.965645],[129.0923245,36.9650997],[129.0918702,36.9633188],[129.0915227,36.9625632],[129.0910774,36.9619203],[129.0907556,36.9616459],[129.0895915,36.9610287],[129.0889531,36.9609944],[129.088406,36.9611059],[129.0873223,36.9614531],[129.08681,36.9617167],[129.0842056,36.963339],[129.0838462,36.9634676],[129.0835136,36.9635105],[129.0826446,36.9634848],[129.0824246,36.9634119],[129.081856,36.962904],[129.0814564,36.9625675],[129.0813518,36.9624261],[129.0813062,36.9622867],[129.0812847,36.9615173],[129.0812713,36.9613545],[129.0811962,36.9612516],[129.0809816,36.9611551],[129.0809333,36.9610651],[129.0809119,36.9608872],[129.0807483,36.9607244],[129.0804747,36.9606065],[129.0801313,36.96057],[129.0800053,36.9605186],[129.0795869,36.9601628],[129.0791148,36.9595885],[129.077763,36.9585147],[129.0776396,36.9584118],[129.0776101,36.9583454],[129.0776101,36.9578288],[129.0776503,36.9571687],[129.07772,36.9569544],[129.0787795,36.9557155],[129.0789351,36.955544],[129.0800643,36.9549418],[129.0802252,36.9548132],[129.0810245,36.9543202],[129.0811855,36.9541401],[129.0812176,36.9539901],[129.0810245,36.9532099],[129.0809923,36.9530556],[129.0810567,36.9526826],[129.080987,36.9524725],[129.0807992,36.9522025],[129.0805685,36.9515809],[129.0803862,36.9510193],[129.0800911,36.9506206],[129.0791899,36.9500161],[129.078294,36.949626],[129.0780526,36.9496474],[129.0778595,36.9498361],[129.0777147,36.9501962],[129.0775296,36.9504491],[129.077374,36.9506077],[129.0765399,36.9511522],[129.0752202,36.9524725],[129.0748072,36.9531327],[129.0747079,36.9538808],[129.0747616,36.9540501],[129.0749681,36.9544745],[129.0751076,36.9546845],[129.0753847,36.9549699],[129.0756655,36.955259],[129.0757406,36.955439],[129.0758693,36.9565964],[129.0757942,36.9569651],[129.0755367,36.9573766],[129.0746838,36.9578588],[129.0743753,36.9579939],[129.0737772,36.9580196],[129.0730959,36.9581182],[129.0724575,36.9580496],[129.0720767,36.9579124],[129.0718365,36.9576886],[129.0709287,36.9567036],[129.0702957,36.9557648],[129.0701053,36.9552611],[129.0700865,36.9550639],[129.0700865,36.9547789],[129.0701723,36.9543716],[129.0701562,36.954243],[129.0700006,36.9535828],[129.0699094,36.9533771],[129.0697753,36.9532142],[129.0697056,36.9530813],[129.0694964,36.9520696],[129.0695983,36.9510621],[129.0696359,36.9505477],[129.0696198,36.9494031],[129.0696198,36.9491244],[129.0695339,36.9489829],[129.0686971,36.9487043],[129.0685415,36.9487064],[129.0683725,36.9487579],[129.0680614,36.9489057],[129.0678804,36.9489594],[129.0676215,36.9490172],[129.0673694,36.9491223],[129.0671548,36.9492316],[129.0665831,36.9496922],[129.0650439,36.9507899],[129.0648749,36.9508092],[129.0646335,36.9508049],[129.0644592,36.9508478],[129.0631664,36.9514737],[129.0623617,36.9517352],[129.0619862,36.9517395],[129.0613532,36.9516452],[129.059658,36.9515251],[129.0595132,36.9514137],[129.0594166,36.9512336],[129.0594059,36.9509721],[129.05954,36.9506163],[129.05954,36.9504491],[129.0594327,36.950029],[129.0594649,36.9493431],[129.0600163,36.9463268],[129.0605163,36.9450044],[129.060967,36.944387],[129.0619326,36.9434867],[129.0620291,36.943238],[129.062072,36.9419089],[129.0622052,36.940162],[129.0621203,36.9392035],[129.0621686,36.9386504],[129.0619433,36.9374584],[129.0620023,36.9372911],[129.0623027,36.9368238],[129.062705,36.9365365],[129.0634239,36.9357518],[129.0634507,36.9355503],[129.063499,36.9339423],[129.0633756,36.9334578],[129.0626299,36.9321628],[129.062292,36.9318755],[129.0614927,36.9314853],[129.0613049,36.9313309],[129.0611869,36.9311551],[129.0610528,36.9309879],[129.0603715,36.9305591],[129.0602052,36.930469],[129.0586066,36.9301689],[129.0579897,36.9301217],[129.0560156,36.9303404],[129.0542507,36.9307349],[129.0539074,36.9307435],[129.053666,36.9306491],[129.0530169,36.9303147],[129.0524483,36.9301903],[129.051547,36.930216],[129.0507907,36.9302932],[129.0500075,36.9303533],[129.0496373,36.9304991],[129.0494925,36.930662],[129.0492082,36.9316697],[129.0490885,36.9324818],[129.0489024,36.9337279],[129.049015,36.9342082],[129.0492457,36.9345427],[129.0503025,36.9357904],[129.0515149,36.9371754],[129.0516704,36.9372869],[129.0522605,36.937587],[129.0532261,36.938273],[129.0539557,36.9389505],[129.0541488,36.9392635],[129.0541488,36.9395379],[129.053961,36.9398638],[129.0531349,36.9407384],[129.0529203,36.940867],[129.0518206,36.9411114],[129.051193,36.9411715],[129.0507209,36.9411629],[129.0488007,36.9405786],[129.0479636,36.9401039],[129.0475452,36.9397223],[129.0468746,36.9394307],[129.0460539,36.9390834],[129.0457481,36.9390062],[129.0455389,36.9390148],[129.0442353,36.9398638],[129.0437525,36.9400953],[129.0427762,36.940181],[129.0424383,36.9402668],[129.0420949,36.9404554],[129.0415692,36.9409528],[129.0406305,36.941523],[129.0399063,36.941686],[129.039005,36.9416345],[129.0387636,36.9414887],[129.0375459,36.9403911],[129.0374333,36.9402153],[129.0369344,36.9392206],[129.0368807,36.9390234],[129.0368646,36.9378571],[129.0364386,36.9365629],[129.0361833,36.9361978],[129.0360868,36.9359748],[129.0359634,36.9348514],[129.0359151,36.9335736],[129.0358078,36.9333163],[129.0352714,36.9328789],[129.0342629,36.9322186],[129.0328252,36.931704],[129.031527,36.9314982],[129.030379,36.9315925],[129.0297675,36.9320299],[129.0293169,36.9326474],[129.0292954,36.9334106],[129.0297246,36.9344397],[129.0301752,36.9346884],[129.0306473,36.9346541],[129.0316182,36.9341224],[129.0321976,36.9340067],[129.0329862,36.9341353],[129.0338284,36.9345084],[129.0342361,36.9349843],[129.034338,36.9356704],[129.0348798,36.9372654],[129.0348315,36.9379472],[129.0344238,36.9387382],[129.0340295,36.9391198],[129.0335226,36.9394264],[129.0322467,36.9398579],[129.0316933,36.9399066],[129.0310791,36.9399374],[129.0306634,36.9399324],[129.0301055,36.9399152],[129.029121,36.9397993],[129.0284103,36.939718],[129.0280616,36.9396708],[129.0276861,36.9396429],[129.0271014,36.9395915],[129.0266427,36.9395508],[129.0264121,36.9395272],[129.0261332,36.9395263],[129.0257308,36.9395679],[129.0253097,36.9396322],[129.0250817,36.9396515],[129.0248108,36.9396579],[129.0245115,36.9397012],[129.0234831,36.9401424],[129.023121,36.9402411],[129.0227938,36.940344],[129.0224558,36.9405005],[129.0222117,36.9406388],[129.0218684,36.9408306],[129.0215393,36.9410328],[129.021391,36.9411071],[129.0212971,36.9411822],[129.0211657,36.9413301],[129.0209645,36.9416066],[129.0205729,36.9421619],[129.0203395,36.9424556],[129.0201035,36.9426957],[129.0195706,36.9432638],[129.0191138,36.9438232],[129.018926,36.9442134],[129.0186508,36.944549],[129.018183,36.945103],[129.0179068,36.9453688],[129.0176359,36.9455274],[129.0173811,36.9456518],[129.0172148,36.9457161],[129.0170619,36.9457654],[129.0168768,36.945819],[129.0166515,36.9458726],[129.0163699,36.945954],[129.0161633,36.9460334],[129.0160146,36.9460711],[129.0158656,36.9460698],[129.015753,36.9460505],[129.015525,36.9459969],[129.0151441,36.9459026],[129.0146801,36.9457675],[129.0145138,36.945699],[129.0143366,36.9456082],[129.0142348,36.9455618],[129.0141383,36.9454932],[129.0140793,36.9454353],[129.0140283,36.945356],[129.0139344,36.9451931],[129.0138513,36.9449787],[129.0137815,36.9448265],[129.0137172,36.94464],[129.0136796,36.9444728],[129.0136609,36.9442714],[129.0136796,36.9440355],[129.0137199,36.9437739],[129.0137869,36.9435446],[129.013862,36.9433967],[129.0139022,36.943268],[129.0139317,36.9430387],[129.0139773,36.9427493],[129.0140015,36.9426335],[129.0140337,36.9424813],[129.0141061,36.9422151],[129.0141356,36.9421169],[129.0142187,36.9419839],[129.0143689,36.9417396],[129.0145272,36.9415145],[129.0146989,36.9412572],[129.0148169,36.941015],[129.0149993,36.9407148],[129.0151441,36.9404469],[129.0152407,36.9403011],[129.0152943,36.9402368],[129.015324,36.9401844],[129.0153292,36.9400888],[129.0152755,36.9399474],[129.0152031,36.9398273],[129.01512,36.9397351],[129.0150261,36.939555],[129.014959,36.9393299],[129.0148652,36.9389376],[129.0148142,36.938749],[129.0147036,36.9385035],[129.0145647,36.9383009],[129.0143826,36.9381459],[129.0139264,36.9378142],[129.0136743,36.937662],[129.0135723,36.9376042],[129.0134564,36.9375133],[129.013288,36.9373769],[129.013095,36.9371991],[129.0129259,36.9370435],[129.012824,36.936961],[129.0127811,36.9369063],[129.0126389,36.9367016],[129.0123224,36.9362728],[129.0122581,36.9361549],[129.0121897,36.9360305],[129.0120646,36.9357635],[129.0118825,36.9354367],[129.0118034,36.9352566],[129.0117122,36.9350476],[129.0115593,36.9346456],[129.0114246,36.9342135],[129.0113407,36.9338073],[129.011225,36.9333296],[129.0112066,36.9332241],[129.0111959,36.9330998],[129.011212,36.9329583],[129.0112442,36.932791],[129.0112871,36.9326667],[129.0113568,36.9325144],[129.0114899,36.9322146],[129.011676,36.9319549],[129.0118745,36.9318348],[129.0120086,36.9317898],[129.0121858,36.9317565],[129.0123777,36.9317369],[129.0126969,36.9317219],[129.012942,36.9316761],[129.0131984,36.9315921],[129.0140229,36.9313953],[129.0142697,36.9313653],[129.0145594,36.9313674],[129.0146935,36.9313653],[129.0147905,36.9313465],[129.016101,36.9307686],[129.0169761,36.930454],[129.0178581,36.9301908],[129.0187865,36.9298494],[129.0197736,36.9294506],[129.0206909,36.9290475],[129.0211067,36.9288717],[129.0213749,36.9287516],[129.0216659,36.9286753],[129.0233436,36.9282606],[129.0241966,36.9280612],[129.0245211,36.9280033],[129.0248162,36.9279926],[129.0249664,36.9280076],[129.0251112,36.9280505],[129.0252212,36.9280741],[129.0253258,36.9280741],[129.0255815,36.927971],[129.025822,36.9278747],[129.0260687,36.9277525],[129.0262324,36.9276302],[129.0263155,36.9275466],[129.0264479,36.9273904],[129.0266025,36.9271843],[129.0267125,36.9269934],[129.0267634,36.9268734],[129.026772,36.9267781],[129.0267286,36.9266225],[129.0266883,36.9265153],[129.0266266,36.9264317],[129.026565,36.9263416],[129.0264845,36.926243],[129.026404,36.9261851],[129.0262806,36.9261346],[129.0253338,36.9258913],[129.0242615,36.9257411],[129.0222466,36.9254282],[129.0212381,36.9253124],[129.0207016,36.9252738],[129.0203878,36.9252545],[129.0201609,36.9252608],[129.0200177,36.9252802],[129.0198702,36.9253317],[129.0196931,36.9254239],[129.0194222,36.9255868],[129.0191433,36.9258077],[129.018878,36.9259924],[129.0187785,36.9260178],[129.01858,36.9260393],[129.0183011,36.9260371],[129.0177217,36.9259685],[129.016101,36.9257248],[129.0158737,36.925679],[129.015525,36.9255761],[129.0149939,36.9253553],[129.0145433,36.9251173],[129.0140761,36.9248215],[129.0137869,36.924637],[129.0136179,36.9245169],[129.0134609,36.9243853],[129.0133604,36.9242874],[129.0133014,36.9241695],[129.01328,36.9240666],[129.0132666,36.9239294],[129.01328,36.92376],[129.0133269,36.9235668],[129.0134543,36.923329],[129.013634,36.9230717],[129.0139693,36.9225506],[129.0143824,36.9220038],[129.0147304,36.9215512],[129.0152246,36.9209445],[129.0153667,36.9207901],[129.015592,36.9206121],[129.0160798,36.9202739],[129.0165377,36.9199755],[129.0171343,36.9195228],[129.0183118,36.9186586],[129.0202329,36.9172777],[129.0204549,36.9171103],[129.0206963,36.9169131],[129.0210772,36.9165228],[129.0214097,36.9161132],[129.0217675,36.9156554],[129.0220588,36.9152768],[129.0223673,36.9148093],[129.0229627,36.9138507],[129.0235555,36.9128985],[129.0241157,36.9119152],[129.0243307,36.9115625],[129.0245908,36.911185],[129.0250531,36.9105822],[129.0252426,36.9102264],[129.0254545,36.9098296],[129.0256315,36.9094607],[129.0257388,36.9092441],[129.025806,36.9090506],[129.0258461,36.9088259],[129.0258703,36.9084914],[129.0258381,36.9082233],[129.0257857,36.9079271],[129.0257576,36.9078587],[129.0256771,36.9077536],[129.0255591,36.9076185],[129.0254626,36.9074984],[129.0253311,36.9073911],[129.0251291,36.9072775],[129.0248483,36.9071724],[129.0245211,36.9070823],[129.0238493,36.9069248],[129.0228099,36.9066019],[129.0223002,36.9064689],[129.0217955,36.9063848],[129.0213561,36.9063574],[129.0209538,36.9063831],[129.0203618,36.9064859],[129.0199667,36.9066362],[129.0197253,36.9068035],[129.0194569,36.907015],[129.0192801,36.9073611],[129.0191835,36.9076142],[129.0190125,36.9081595],[129.0189314,36.9085149],[129.0188992,36.9088023],[129.0188777,36.9093814],[129.0188134,36.909806],[129.0187597,36.9101106],[129.0186709,36.9103569],[129.0185291,36.9105309],[129.0183896,36.9106553],[129.0181053,36.9108869],[129.0175742,36.9113416],[129.0165299,36.9122734],[129.0148222,36.9135505],[129.0138996,36.9141381],[129.0134865,36.9144512],[129.013072,36.9146957],[129.0126872,36.9148329],[129.0123653,36.9149187],[129.0117428,36.9150176],[129.0115392,36.9150173],[129.0113676,36.9149659],[129.0111315,36.9148629],[129.0106977,36.9145657],[129.0105629,36.9143997],[129.0104556,36.9142196],[129.0102357,36.913825],[129.0100801,36.9134433],[129.0097868,36.912225],[129.0095973,36.911466],[129.00949,36.9106682],[129.0094471,36.9099261],[129.0094502,36.909252],[129.0095115,36.908605],[129.0095758,36.9082747],[129.0096617,36.9079016],[129.0098709,36.9072539],[129.010123,36.9065075],[129.0104073,36.9057869],[129.0106112,36.905122],[129.010638,36.9048432],[129.0106595,36.904663],[129.0106434,36.9043885],[129.0105762,36.9037616],[129.0105817,36.9034812],[129.0105361,36.9031595],[129.0104771,36.9028485],[129.0103698,36.9025697],[129.0102971,36.9022986],[129.0102571,36.9020506],[129.0102518,36.9018104],[129.0102571,36.9015444],[129.010281,36.9012501],[129.0103322,36.9008838],[129.0104127,36.9005835],[129.0105465,36.9002179],[129.0107721,36.8997384],[129.0109371,36.8993199],[129.0113354,36.8983571],[129.0116086,36.8975136],[129.0117538,36.8968813],[129.0119201,36.8961477],[129.0119684,36.8955085],[129.0120006,36.8951138],[129.0119874,36.8948687],[129.0119523,36.8946505],[129.011904,36.8944574],[129.0117484,36.8940885],[129.0114489,36.8934406],[129.011436,36.8934127],[129.010976,36.8928357],[129.0105951,36.8925182],[129.0103644,36.8923337],[129.0100908,36.892205],[129.0097314,36.8921707],[129.0088463,36.8923123],[129.0069741,36.8928486],[129.0055954,36.8932175],[129.0044528,36.8933291],[129.0038466,36.8933033],[129.0032995,36.8931446],[129.0026128,36.8927156],[129.0021354,36.8923938],[129.0016258,36.8919691],[129.0012073,36.8916387],[129.0010035,36.8914242],[129.0009177,36.8912183],[129.0008694,36.8909137],[129.0007514,36.8903302],[129.0006387,36.8898067],[129.0004134,36.8886354],[129.000349,36.887816],[129.0003866,36.887108],[129.0004778,36.886473],[129.000982,36.8849884],[129.0019423,36.8823711],[129.0026182,36.8805904],[129.0028274,36.8798652],[129.0028542,36.8792173],[129.002645,36.8783118],[129.0022105,36.8770074],[129.0018672,36.8764924],[129.001143,36.8756814],[129.0003061,36.875278],[128.9994907,36.8750463],[128.9988309,36.8749562],[128.9983213,36.8750205],[128.9979726,36.8753424],[128.9978331,36.8758187],[128.9976937,36.8764023],[128.9974898,36.8769644],[128.9967602,36.8780973],[128.9959717,36.8793846],[128.995285,36.8810023],[128.994813,36.8822295],[128.9946091,36.8827573],[128.9944831,36.8832636],[128.9944509,36.8836733],[128.9944857,36.8839093],[128.9945447,36.884023],[128.9945662,36.8841131],[128.9945313,36.8842547],[128.9944428,36.8843727],[128.9943168,36.8845208],[128.9942765,36.8846345],[128.9941773,36.8848898],[128.994121,36.8850464],[128.994078,36.8851665],[128.9939895,36.8852673],[128.993901,36.8853703],[128.993724,36.8855763],[128.9934692,36.8859109],[128.9933136,36.8860933],[128.9931929,36.8861791],[128.9930427,36.8862413],[128.9928925,36.8863164],[128.9924312,36.8867519],[128.9921683,36.8869021],[128.9919135,36.8869943],[128.9918169,36.8870265],[128.991605,36.8870479],[128.9914253,36.8870351],[128.9909801,36.8868763],[128.9903015,36.8867304],[128.9901915,36.8867197],[128.9896095,36.8865931],[128.9892393,36.8864923],[128.9887109,36.8863228],[128.988263,36.8861083],[128.9877266,36.8857307],[128.9874999,36.8855999],[128.9873967,36.8855505],[128.9871928,36.8855301],[128.986997,36.8855259],[128.9868535,36.8855183],[128.986714,36.8854872],[128.986592,36.8854336],[128.9862889,36.8852631],[128.9859295,36.8850056],[128.9858276,36.8848511],[128.9857471,36.8845808],[128.9856666,36.8839544],[128.985621,36.8833451],[128.9855969,36.8830619],[128.9855996,36.8828216],[128.9856425,36.8826028],[128.9857417,36.882399],[128.9858866,36.8822702],[128.9862406,36.8821244],[128.9869621,36.8818455],[128.9878821,36.8814893],[128.9884374,36.8812276],[128.9891146,36.8809336],[128.9897704,36.8807191],[128.9901258,36.8806526],[128.9903699,36.8806429],[128.9905201,36.8806386],[128.9906166,36.8806268],[128.9907223,36.8805857],[128.9908205,36.8805475],[128.9909908,36.8804531],[128.9912644,36.8802407],[128.9915112,36.8800282],[128.9917418,36.8797686],[128.9917901,36.8794683],[128.9917338,36.8792344],[128.9916077,36.878889],[128.9913502,36.8785736],[128.9911115,36.8783676],[128.9907591,36.8781377],[128.9902787,36.8777293],[128.9899032,36.8775437],[128.9894164,36.8774204],[128.9887217,36.8773163],[128.9881986,36.8771962],[128.9878821,36.8771082],[128.987461,36.8769387],[128.9871553,36.8768035],[128.9868548,36.8767156],[128.9863452,36.8765761],[128.9856961,36.8763916],[128.9854708,36.8763465],[128.9851356,36.8763122],[128.9849183,36.8763165],[128.984693,36.8763358],[128.984414,36.8763851],[128.9841217,36.8764581],[128.983883,36.8764967],[128.9835638,36.8764967],[128.9827484,36.8764602],[128.9824212,36.8764259],[128.9820832,36.8763336],[128.9818338,36.8762113],[128.9816675,36.876074],[128.9815521,36.8759217],[128.9814636,36.8756964],[128.981249,36.8752909],[128.981005,36.8749132],[128.9807045,36.8744305],[128.980549,36.8741108],[128.9804256,36.8737761],[128.9803001,36.8733632],[128.9797255,36.8715639],[128.9795431,36.8711369],[128.9793044,36.8706197],[128.978819,36.869961],[128.978591,36.8697636],[128.9784005,36.8696005],[128.9781645,36.8694846],[128.9775985,36.8692314],[128.9772472,36.8691306],[128.976818,36.8690769],[128.9763996,36.8690962],[128.9760777,36.8691628],[128.9757022,36.86927],[128.9754286,36.869431],[128.9751148,36.8696928],[128.9748479,36.8699116],[128.9742324,36.8704695],[128.9739293,36.8706991],[128.9736745,36.8708965],[128.9734358,36.8711154],[128.9732614,36.8713922],[128.9732051,36.8715939],[128.973189,36.8719157],[128.9732105,36.8721453],[128.9732051,36.872302],[128.973138,36.8724758],[128.9730254,36.8726946],[128.9728671,36.872892],[128.97256,36.8732214],[128.972501,36.8732933],[128.9724541,36.8733823],[128.9724286,36.8734767],[128.9724192,36.8735958],[128.9724997,36.8747191],[128.9725989,36.8752791],[128.9726686,36.8755355],[128.9727679,36.8758187],[128.9728671,36.8762113],[128.9728644,36.8767306],[128.9727384,36.8770803],[128.9726472,36.8772219],[128.972556,36.8773249],[128.9720866,36.8777819],[128.9716145,36.8782582],[128.9710405,36.8788911],[128.9704129,36.8794543],[128.9702681,36.8795756],[128.9701447,36.8796571],[128.9700387,36.8797172],[128.9698899,36.8797644],[128.9696726,36.8798137],[128.9692917,36.8798609],[128.9689913,36.8798588],[128.9686722,36.8798223],[128.968471,36.8797644],[128.9682832,36.8796614],[128.96761,36.8791872],[128.9673901,36.8790156],[128.967272,36.8788654],[128.9670414,36.8783826],[128.9669099,36.8779986],[128.9668778,36.8778506],[128.966867,36.8775931],[128.9669126,36.8772863],[128.9670092,36.8766812],[128.9671674,36.8758187],[128.9672667,36.8750677],[128.9673954,36.8745013],[128.9674169,36.8742395],[128.9674088,36.8739541],[128.9673766,36.8735744],[128.9672935,36.8731688],[128.9671701,36.8727161],[128.9670534,36.8723449],[128.9669234,36.8720252],[128.9666498,36.8715553],[128.9665009,36.8713407],[128.96623,36.8709727],[128.9660718,36.8708064],[128.9659269,36.8706712],[128.9656694,36.8705006],[128.965475,36.8703172],[128.9653207,36.8701713],[128.9650713,36.8699942],[128.9647762,36.8698558],[128.9645442,36.8697711],[128.9643417,36.8696767],[128.9639582,36.8694471],[128.9636846,36.8693269],[128.9634861,36.8692711],[128.9632957,36.8692379],[128.9630918,36.8691794],[128.9628853,36.8690705],[128.9627646,36.8690184],[128.9626352,36.868953],[128.9624977,36.8689353],[128.9622939,36.8689632],[128.9618432,36.8691048],[128.9612076,36.8692529],[128.9593904,36.8696409],[128.9588633,36.8697486],[128.95841,36.8697936],[128.9581794,36.8698172],[128.9579567,36.8698043],[128.957769,36.8698086],[128.9576169,36.8697829],[128.9572084,36.8696734],[128.9567873,36.8695361],[128.9559102,36.8693301],[128.9555642,36.8692443],[128.9551941,36.8691263],[128.954899,36.869004],[128.9546871,36.8689289],[128.9544699,36.8688452],[128.9542735,36.8687177],[128.9541453,36.8686027],[128.9539817,36.8684353],[128.9536384,36.8681113],[128.952941,36.8675427],[128.9522597,36.8669139],[128.9517483,36.8664607],[128.9514846,36.8662916],[128.9511768,36.8661772],[128.9498142,36.8657354],[128.9494273,36.8656371],[128.9490947,36.8655964],[128.9489472,36.865605],[128.9487916,36.8656436],[128.9486575,36.8656801],[128.9485744,36.8656929],[128.9484698,36.865665],[128.9482981,36.8655899],[128.948105,36.8654912],[128.947755,36.8652548],[128.9472359,36.8648882],[128.9470267,36.8647788],[128.9467666,36.8646865],[128.9464159,36.8646269],[128.946104,36.8645985],[128.9458144,36.8646071],[128.9454979,36.8646629],[128.9451325,36.8647639],[128.9447683,36.8649505],[128.9443713,36.865223],[128.9436391,36.8657187],[128.9428478,36.8663088],[128.9425179,36.8665384],[128.942208,36.86672],[128.9419574,36.8668367],[128.9417106,36.8669161],[128.9412868,36.8670427],[128.9401577,36.8673014],[128.9386157,36.8676215],[128.9379439,36.8676794],[128.937757,36.8676693],[128.9375263,36.8676049],[128.9370167,36.8674289],[128.9360833,36.8670985],[128.9342442,36.8662803],[128.9338088,36.8660341],[128.9333743,36.8657337],[128.9329706,36.8652474],[128.9327145,36.8648367],[128.9325045,36.8642761],[128.9323229,36.8637294],[128.9322522,36.8631225],[128.9326539,36.8614176],[128.9329182,36.8604731],[128.9330524,36.8598581],[128.9334011,36.8583739],[128.9334011,36.8579931],[128.9333779,36.8575729],[128.9333555,36.8575017],[128.9333153,36.8574051],[128.9332483,36.857227],[128.9330685,36.8569523],[128.9328512,36.8566776],[128.9326675,36.8564397],[128.9325723,36.8563234],[128.9324892,36.8562119],[128.9324302,36.8561239],[128.9323094,36.8560122],[128.9320654,36.8558749],[128.9314082,36.8555122],[128.931089,36.8553534],[128.9307451,36.8552121],[128.9303943,36.8551065],[128.9300242,36.8550293],[128.929815,36.8549971],[128.9295924,36.8549713],[128.9291677,36.8549399],[128.9289942,36.8549477],[128.9287931,36.8549885],[128.9285463,36.8550786],[128.9282513,36.8551323],[128.9280152,36.8552825],[128.9278167,36.8554628],[128.9273875,36.8559714],[128.9270366,36.8565298],[128.9263436,36.8574048],[128.9257273,36.8582013],[128.9253116,36.8586219],[128.9251319,36.858785],[128.9249595,36.8589214],[128.9242521,36.8593859],[128.9235628,36.8598044],[128.9227983,36.8602486],[128.9223665,36.8604761],[128.9219686,36.8606479],[128.9215001,36.8609032],[128.9210361,36.8610856],[128.9206204,36.8612337],[128.9202207,36.8613538],[128.9196,36.8614841],[128.9191291,36.8615298],[128.9187214,36.8615298],[128.9178899,36.8615448],[128.9160906,36.8615406],[128.9154732,36.8615792],[128.9148617,36.8616564],[128.9142555,36.8617294],[128.9136558,36.8618632],[128.9132148,36.8620084],[128.9128661,36.8621629],[128.9122975,36.8623603],[128.911981,36.8623989],[128.9116645,36.8624891],[128.9111334,36.8627595],[128.9106871,36.8629641],[128.9103448,36.8632402],[128.9101195,36.8634719],[128.9097226,36.8638539],[128.9091593,36.8644333],[128.9086279,36.8650191],[128.9082742,36.865356],[128.9078879,36.865605],[128.90725,36.8659794],[128.9067078,36.866253],[128.906225,36.8664461],[128.9054509,36.8667426],[128.9046854,36.8668882],[128.9041543,36.8669783],[128.9039129,36.8669783],[128.9036824,36.8669319],[128.9033604,36.8668624],[128.9031235,36.866734],[128.9029044,36.8665663],[128.9027113,36.8663775],[128.9024699,36.8661028],[128.9022198,36.8657982],[128.9021158,36.8655964],[128.9020354,36.8653303],[128.9020193,36.8651414],[128.9020105,36.8648785],[128.902089,36.8645363],[128.9022177,36.8641414],[128.9023009,36.8639612],[128.9024028,36.8637745],[128.9025262,36.863605],[128.9025906,36.8635256],[128.9026564,36.8633958],[128.9027569,36.8630792],[128.9028749,36.8627702],[128.9030305,36.8624998],[128.9031994,36.8622036],[128.9035428,36.8616393],[128.903929,36.8610599],[128.9043045,36.8605598],[128.9046022,36.8599439],[128.9047068,36.8596177],[128.9047766,36.8593302],[128.9048907,36.8587326],[128.9049187,36.8586026],[128.9049644,36.8584953],[128.9050501,36.8583729],[128.9050957,36.8583043],[128.9051279,36.8582249],[128.9051521,36.8581433],[128.9051655,36.8580768],[128.9051977,36.8579824],[128.9052474,36.8576144],[128.9052352,36.8574394],[128.9052165,36.8573493],[128.9051789,36.8572269],[128.9050144,36.8569688],[128.9049443,36.8568589],[128.9046398,36.8565101],[128.9043218,36.856246],[128.9041692,36.8561143],[128.903985,36.856011],[128.9038539,36.8559435],[128.9035428,36.8557847],[128.9031967,36.8556817],[128.9028668,36.8556367],[128.902171,36.8555949],[128.9019415,36.855583],[128.9017162,36.8555336],[128.9013085,36.855407],[128.9004582,36.8551151],[128.899616,36.8549048],[128.8986987,36.8547524],[128.8980389,36.8546773],[128.897438,36.8546043],[128.8968587,36.8543983],[128.8960233,36.8541291],[128.8957214,36.8539648],[128.8954586,36.853866],[128.8952386,36.8538231],[128.894949,36.8537931],[128.8945734,36.8537201],[128.8943642,36.8536471],[128.8941565,36.8535153],[128.8939404,36.8533295],[128.8937581,36.8530891],[128.8933772,36.8525826],[128.8926208,36.8515867],[128.8918108,36.8506166],[128.8909378,36.849639],[128.8906306,36.8493546],[128.8901693,36.8490584],[128.8899118,36.8486162],[128.8897455,36.8482299],[128.8897133,36.8478607],[128.8896182,36.8471406],[128.8889691,36.8434616],[128.8888764,36.842091],[128.8888657,36.841374],[128.8888818,36.8406013],[128.8889462,36.8391201],[128.8889086,36.8383516],[128.8889301,36.8381713],[128.8889891,36.8379523],[128.8891247,36.837507],[128.8892573,36.8373212],[128.8894558,36.8370937],[128.8895738,36.8368361],[128.8896757,36.8365742],[128.8898113,36.8362663],[128.890357,36.8351101],[128.8904712,36.8348194],[128.8904589,36.8345863],[128.8904214,36.8343673],[128.8904428,36.8341161],[128.8905126,36.8336653],[128.8904683,36.8331844],[128.8904884,36.8330653],[128.8904951,36.8329805],[128.8904898,36.8329236],[128.8904697,36.8328742],[128.8904321,36.8328216],[128.8903758,36.8327658],[128.8903248,36.8326821],[128.8900861,36.8323515],[128.8900083,36.8321411],[128.8899508,36.831889],[128.8899386,36.8316237],[128.8899466,36.8313189],[128.8899654,36.8310269],[128.8899856,36.8306566],[128.8900512,36.8302969],[128.8900861,36.8301381],[128.8901156,36.8300565],[128.8901666,36.829962],[128.890298,36.829786],[128.8904577,36.8295854],[128.8905662,36.8293673],[128.8906386,36.8291119],[128.8906789,36.82888],[128.8907701,36.8287039],[128.8908666,36.8285945],[128.8909203,36.8284935],[128.8909739,36.8283433],[128.8910034,36.8282617],[128.8910115,36.8281393],[128.8910007,36.8279096],[128.8909981,36.8276519],[128.8910168,36.8272548],[128.8910329,36.8268576],[128.8910115,36.8262757],[128.8910344,36.8256864],[128.8910195,36.8255071],[128.8909712,36.8252988],[128.8909337,36.8251378],[128.8909084,36.8249006],[128.8908559,36.824513],[128.8908854,36.8243434],[128.89097,36.8241578],[128.8910249,36.8239741],[128.8910329,36.8238238],[128.8910249,36.8236542],[128.8910034,36.8235189],[128.8909727,36.8233462],[128.8908425,36.8229564],[128.890762,36.8227439],[128.8906306,36.8224926],[128.8905153,36.8223617],[128.8903409,36.8221899],[128.8899749,36.8218883],[128.8898474,36.8217583],[128.8897455,36.8215801],[128.8896731,36.821389],[128.8896328,36.8211743],[128.889496,36.8207685],[128.8893163,36.820382],[128.8892761,36.8202274],[128.8892546,36.8200213],[128.8892385,36.8198087],[128.8892385,36.8195682],[128.8892224,36.8194072],[128.8891768,36.819214],[128.8891286,36.8190357],[128.8890308,36.8188329],[128.8889489,36.8186364],[128.8888147,36.8184367],[128.8886806,36.8182864],[128.8885412,36.818164],[128.8881952,36.8178548],[128.8879096,36.8175812],[128.8877359,36.8173679],[128.8876158,36.8172471],[128.8873422,36.8168649],[128.8867897,36.8160747],[128.8856754,36.8144654],[128.8852501,36.8140863],[128.8850731,36.8139489],[128.8849336,36.813747],[128.8847673,36.8133991],[128.8846171,36.8128752],[128.8840177,36.8110511],[128.8838607,36.8105732],[128.8837963,36.8099891],[128.8838392,36.8094608],[128.8839373,36.8088478],[128.8843274,36.8072102],[128.8845742,36.8063813],[128.8848224,36.8055277],[128.8849282,36.8050326],[128.8851374,36.804427],[128.8858041,36.8027702],[128.8858616,36.8026359],[128.8859636,36.8024597],[128.8863337,36.8020775],[128.8870218,36.8014386],[128.8875622,36.8008662],[128.8880304,36.8001929],[128.8884151,36.7998353],[128.8888872,36.7995861],[128.889291,36.7993553],[128.8896221,36.7990191],[128.8899922,36.7986153],[128.8903892,36.7982545],[128.8907984,36.7977746],[128.8908935,36.7975715],[128.8909578,36.7974126],[128.8909739,36.7972107],[128.8911188,36.7968842],[128.8912046,36.7966823],[128.8912851,36.796459],[128.8914958,36.7961207],[128.8919932,36.7952819],[128.892531,36.7944627],[128.8933825,36.793366],[128.8937366,36.7928076],[128.8938224,36.7926056],[128.8938546,36.7924166],[128.893978,36.7922362],[128.8940853,36.792073],[128.8942623,36.7918625],[128.894949,36.7911751],[128.8952225,36.7907283],[128.8955244,36.7901452],[128.895877,36.7895212],[128.8960433,36.7892376],[128.8961414,36.7889553],[128.8961506,36.7887865],[128.8960969,36.7886276],[128.8958172,36.7879408],[128.8957697,36.7878242],[128.8953903,36.787138],[128.8952601,36.7868876],[128.8950294,36.786574],[128.894729,36.7863248],[128.8943282,36.7860725],[128.8931948,36.7856074],[128.8919893,36.7851875],[128.8912529,36.7850102],[128.8905087,36.7848867],[128.8895684,36.7847739],[128.8886458,36.7845977],[128.887648,36.7843614],[128.8864478,36.784006],[128.8861352,36.7838373],[128.8858294,36.7835838],[128.8856578,36.7833862],[128.8853749,36.7830951],[128.8847312,36.7828202],[128.8844991,36.7826772],[128.8844132,36.7826085],[128.8843381,36.7824839],[128.8843059,36.7823679],[128.8843113,36.7821789],[128.8843718,36.7817762],[128.8845634,36.7812637],[128.8847527,36.7808438],[128.8847673,36.780688],[128.8847458,36.7804903],[128.8847351,36.7803228],[128.8847903,36.7801177],[128.8850516,36.7796095],[128.8853911,36.7790264],[128.8855988,36.7786815],[128.8858509,36.7783162],[128.8864303,36.7775729],[128.8877016,36.7761292],[128.8882059,36.7755191],[128.8888228,36.7747456],[128.8893056,36.7740624],[128.8897469,36.7733847],[128.8899118,36.7730355],[128.8900834,36.7726015],[128.8905019,36.7717463],[128.8907915,36.7712565],[128.8910651,36.7707451],[128.8912598,36.7703487],[128.8913027,36.7697343],[128.8912731,36.769137],[128.891218,36.7688694],[128.8911885,36.768545],[128.8911912,36.7682399],[128.89121,36.7680895],[128.8912731,36.7678887],[128.891387,36.767649],[128.8914567,36.7675136],[128.8915721,36.767374],[128.8917249,36.7671699],[128.8918901,36.7669003],[128.8921514,36.7661922],[128.8922802,36.765857],[128.892366,36.7656658],[128.8924143,36.7655755],[128.892515,36.7654564],[128.8934442,36.7647161],[128.8938895,36.7643615],[128.8940611,36.7642111],[128.8941872,36.7641058],[128.8943013,36.7639802],[128.89478,36.7632829],[128.8950026,36.7629541],[128.8951635,36.7627693],[128.8953742,36.7625814],[128.8957509,36.7622815],[128.8958904,36.7621268],[128.8959601,36.7620559],[128.8960233,36.761941],[128.8960701,36.7617615],[128.8961077,36.7615273],[128.8961211,36.7613232],[128.8960889,36.7611104],[128.8960299,36.7609278],[128.895928,36.7607215],[128.8957992,36.7605066],[128.8957241,36.7604164],[128.8956478,36.7603444],[128.8955283,36.7602638],[128.8953808,36.7601993],[128.8950267,36.7601177],[128.8946849,36.760078],[128.892822,36.7599092],[128.8909298,36.7597363],[128.8905045,36.7597416],[128.8900647,36.759791],[128.8891554,36.7599415],[128.8881978,36.760122],[128.8872739,36.7603595],[128.8870257,36.7604529],[128.8868165,36.7605926],[128.8865724,36.7608289],[128.8861862,36.7612028],[128.8858536,36.7614328],[128.8855451,36.7616154],[128.8853547,36.7617078],[128.8851938,36.761783],[128.8848612,36.7619334],[128.8845715,36.7620989],[128.8841557,36.7623739],[128.8838285,36.7625695],[128.8835469,36.7627736],[128.883394,36.762866],[128.8832599,36.7629906],[128.88313,36.7631486],[128.8830131,36.7634032],[128.8829407,36.763603],[128.8828897,36.7638243],[128.8827637,36.7645184],[128.8826966,36.7651802],[128.8827234,36.7654939],[128.882792,36.7658066],[128.8828468,36.7663297],[128.8828054,36.7664899],[128.8826698,36.7667229],[128.882533,36.7668648],[128.8822851,36.7670121],[128.8820797,36.7671183],[128.8819081,36.7671763],[128.8816264,36.7672451],[128.8812819,36.7673236],[128.8809559,36.7673761],[128.8806769,36.7674019],[128.8804102,36.7673752],[128.8801888,36.7673031],[128.879942,36.7671613],[128.8797355,36.7669614],[128.8795358,36.7667348],[128.8789147,36.7663362],[128.8782564,36.7659119],[128.8775548,36.7654359],[128.8769206,36.7649794],[128.8768145,36.7648729],[128.8767233,36.764701],[128.8765463,36.7643572],[128.8761574,36.763747],[128.8757604,36.763126],[128.8754252,36.7624577],[128.8746795,36.7611985],[128.8742477,36.760642],[128.8740599,36.7603304],[128.8738199,36.7600415],[128.8734028,36.7597201],[128.8729361,36.7593484],[128.8721797,36.7586049],[128.8713965,36.7578442],[128.8706347,36.7570555],[128.8697925,36.7562496],[128.8689337,36.7554491],[128.8675758,36.7538955],[128.8674402,36.7535247],[128.8673393,36.7525275],[128.8674717,36.7512711],[128.8677532,36.7500281],[128.8679659,36.7492265],[128.8681698,36.7486936],[128.8686311,36.7481606],[128.8695264,36.7475643],[128.8722789,36.7464584],[128.8744266,36.7457233],[128.8774152,36.7448651],[128.8798249,36.7444859],[128.8811155,36.7441169],[128.8828146,36.7433892],[128.8845312,36.7423661],[128.8853359,36.7415107],[128.8857898,36.7407888],[128.8859957,36.7404102],[128.8864303,36.7399588],[128.8871274,36.7391333],[128.8873208,36.7384413],[128.8875478,36.7373907],[128.8875246,36.7363478],[128.8873529,36.7355137],[128.8869238,36.7347743],[128.8862693,36.734224],[128.885293,36.7337167],[128.8841557,36.7334673],[128.8829756,36.7334845],[128.8818812,36.7336565],[128.8802397,36.734052],[128.8786304,36.7344476],[128.8763451,36.7349549],[128.8738754,36.7353276],[128.8713455,36.7353848],[128.8687449,36.7352827],[128.8673973,36.7352128],[128.8658631,36.735058],[128.8652033,36.7347786],[128.8648117,36.7344347],[128.8646806,36.734058],[128.865009,36.7333317],[128.8658393,36.7323304],[128.866329,36.7318546],[128.8677362,36.7302627],[128.8687075,36.7288106],[128.8701224,36.7260552],[128.8701868,36.7255478],[128.8698435,36.7250921],[128.8689208,36.7246965],[128.868041,36.7243009],[128.866775,36.7234582],[128.8653374,36.7227874],[128.8636016,36.7226496],[128.8607669,36.722839],[128.8555312,36.7236474],[128.8501183,36.7243729],[128.8427532,36.725479],[128.8409078,36.725522],[128.8407306,36.7254827],[128.8397062,36.7252555],[128.8388586,36.7247911],[128.8381612,36.724],[128.8371956,36.7214201],[128.8369489,36.7205429],[128.836584,36.7140842],[128.8388156,36.7073067],[128.8409185,36.7036252],[128.8441291,36.7014119],[128.8529777,36.69855],[128.8555527,36.6965715],[128.8566147,36.6941987],[128.8566899,36.6920636],[128.8561848,36.6895066],[128.8556278,36.6884417],[128.8549089,36.6876416],[128.8540657,36.6871907],[128.8523769,36.6870221],[128.8505699,36.6872199],[128.8495123,36.6874351],[128.8450348,36.688826],[128.8344598,36.6925454],[128.8290524,36.6940595],[128.8257909,36.6946273],[128.8230657,36.6946875],[128.8216281,36.6944896],[128.8203835,36.6940509],[128.8195789,36.6934487],[128.8189244,36.6924766],[128.8189164,36.6924307],[128.8186669,36.6909968],[128.8187313,36.6885535],[128.8190102,36.6831762],[128.8192892,36.6815844],[128.8197398,36.6802938],[128.8204908,36.6791752],[128.8216388,36.6782115],[128.8229799,36.6776006],[128.8256623,36.6769988],[128.8288915,36.6763615],[128.830297,36.6758452],[128.8317776,36.6749762],[128.8327217,36.674064],[128.8331187,36.6731605],[128.8333654,36.6719988],[128.8336337,36.6693139],[128.8339019,36.6682382],[128.8355112,36.6646323],[128.8370236,36.6618983],[128.8376892,36.6610607],[128.8386977,36.6601657],[128.8395023,36.6596923],[128.8406289,36.6592361],[128.842088,36.6589607],[128.8461273,36.6584513],[128.8491905,36.6580656],[128.8501775,36.6576525],[128.8509607,36.6569295],[128.851304,36.6559225],[128.851304,36.6546228],[128.8510036,36.6532715],[128.8504243,36.650629],[128.8502419,36.6493378],[128.8502204,36.6481586],[128.8503814,36.6468587],[128.8514757,36.6424341],[128.8516045,36.6411342],[128.8514542,36.6397051],[128.8511538,36.6387409],[128.8505699,36.6378832],[128.8497054,36.637441],[128.8484609,36.6372516],[128.8452169,36.6375034],[128.8402748,36.6382933],[128.8385796,36.6384052],[128.8373351,36.638233],[128.8364339,36.6378025],[128.8357472,36.6370622],[128.8353717,36.6360204],[128.8353395,36.6349787],[128.8356614,36.6333601],[128.8362944,36.631311],[128.8365435,36.6307439],[128.8368845,36.6299679],[128.8375389,36.6290036],[128.8386333,36.6281942],[128.8419914,36.6267132],[128.8451779,36.6251634],[128.8463902,36.6243109],[128.8470983,36.6232949],[128.8476562,36.6217708],[128.8478708,36.620703],[128.8482678,36.6196352],[128.8488793,36.6188861],[128.8501882,36.618335],[128.8545656,36.6182489],[128.8560462,36.6178355],[128.8570332,36.6168883],[128.8574195,36.6156138],[128.8574838,36.6141842],[128.856411,36.6099988],[128.8549733,36.6051414],[128.854351,36.602747],[128.8542008,36.6010072],[128.8541364,36.5993362],[128.8546729,36.5978892],[128.8557887,36.5967005],[128.8571834,36.5958736],[128.8587498,36.5954601],[128.8620114,36.5954429],[128.8673758,36.5952189],[128.8709378,36.5952706],[128.8736932,36.5945671],[128.8749075,36.5933755],[128.8754411,36.591468],[128.8752079,36.59024],[128.8745307,36.5889243],[128.8728475,36.5871732],[128.8705251,36.5861173],[128.8688135,36.5859671],[128.8663029,36.5865874],[128.8638997,36.5864323],[128.8620543,36.585657],[128.8605737,36.5844509],[128.8600158,36.5834515],[128.8598442,36.5819352],[128.8585353,36.5772311],[128.8579988,36.5759732],[128.8566899,36.5748359],[128.8543081,36.573802],[128.8505745,36.573733],[128.8470125,36.5743534],[128.8438153,36.5759043],[128.8407361,36.5779204],[128.8386118,36.5787561],[128.8366592,36.57923],[128.8343632,36.5791697],[128.8322282,36.5784976],[128.8311446,36.577705],[128.8308656,36.5767659],[128.8311338,36.5750341],[128.8320672,36.5729145],[128.8323046,36.5722402],[128.8323033,36.570769],[128.8320351,36.5701313],[128.831048,36.5697177],[128.8300395,36.5695109],[128.8281405,36.569735],[128.8267887,36.5701572],[128.8248682,36.5713635],[128.8237524,36.572656],[128.8230979,36.5741294],[128.8223898,36.5763265],[128.8218641,36.5790663],[128.8207269,36.5821765],[128.8195896,36.5837789],[128.8182056,36.5850539],[128.8160705,36.5859757],[128.8137424,36.5865357],[128.8114142,36.5866735],[128.8089466,36.5865787],[128.8033893,36.5859177],[128.7983302,36.5842585],[128.7934373,36.5823894],[128.7890982,36.5812632],[128.7854719,36.5809186],[128.7822318,36.5819525],[128.7797856,36.5825038],[128.7772751,36.5827451],[128.7745748,36.5825878],[128.7736133,36.5824493],[128.7733161,36.5824769],[128.7712416,36.5828933],[128.7706339,36.5830035],[128.7696254,36.5832103],[128.7686169,36.583486],[128.7676299,36.5835721],[128.7668252,36.5832964],[128.7659713,36.5826491],[128.7626445,36.5788864],[128.7590154,36.5749724],[128.7586983,36.5746304],[128.7537197,36.5702024],[128.7494634,36.5664536],[128.7492245,36.5662236],[128.7479468,36.5650685],[128.7453622,36.5631925],[128.7437717,36.5620772],[128.7399524,36.5601314],[128.7365467,36.557618],[128.7327289,36.5564986],[128.7302613,36.5560505],[128.7272358,36.5556541],[128.7251758,36.5554472],[128.7215709,36.5551542],[128.7152195,36.5547405],[128.7114644,36.5544475],[128.7076449,36.5537063],[128.7044477,36.552741],[128.6995983,36.550707],[128.6959773,36.5486988],[128.6954784,36.5484144],[128.6951083,36.5481946],[128.6947542,36.5478886],[128.6941642,36.5471603],[128.6923241,36.5447598],[128.6909723,36.5435186],[128.6886978,36.5428118],[128.6867451,36.5429325],[128.6842346,36.5436221],[128.6822605,36.5445702],[128.6809516,36.5458631],[128.6800718,36.5479662],[128.6800289,36.5502589],[128.6803508,36.5530168],[128.6816811,36.5563435],[128.6829664,36.5589748],[128.6834836,36.560325],[128.6835158,36.5621002],[128.6830759,36.5636772],[128.6824,36.5646424],[128.6804581,36.5655558],[128.6779904,36.5659005],[128.6751795,36.565754],[128.6732525,36.5645691],[128.6719043,36.5632391],[128.6693644,36.5598424],[128.6688387,36.5587953],[128.6686563,36.5578517],[128.6686563,36.5572226],[128.668592,36.5555851],[128.6678624,36.5536891],[128.6671007,36.5516206],[128.6663496,36.5497934],[128.6654476,36.5487319],[128.6637854,36.5476904],[128.6607814,36.5471043],[128.6577451,36.546975],[128.6551336,36.5467101],[128.6546016,36.5466561],[128.6494088,36.5462079],[128.6473703,36.5460527],[128.6447525,36.5462424],[128.6417913,36.5465699],[128.6382293,36.5469836],[128.6349463,36.5470957],[128.6337984,36.5473973],[128.6331653,36.5478972],[128.6328113,36.5486643],[128.6328113,36.5504054],[128.6330902,36.5522153],[128.6335516,36.5549474],[128.6333585,36.556783],[128.6326933,36.5582912],[128.6317921,36.5593167],[128.6302364,36.5602819],[128.6269319,36.5615573],[128.6245072,36.5628241],[128.6222005,36.5644011],[128.6206951,36.5649001],[128.6183274,36.565685],[128.6156559,36.5661159],[128.6125445,36.5661504],[128.6100769,36.5658057],[128.6037683,36.5643838],[128.601408,36.5638754],[128.6000561,36.5631516],[128.598876,36.5619279],[128.5979533,36.5605146],[128.5976743,36.5591875],[128.5977173,36.5561367],[128.5971594,36.554482],[128.5961509,36.5528789],[128.594284,36.5511207],[128.593018,36.550414],[128.5909152,36.5498451],[128.5885807,36.5501101],[128.5852289,36.5518102],[128.5816455,36.5535684],[128.5795855,36.5557058],[128.5785985,36.5570674],[128.5772252,36.5582395],[128.5731911,36.5605663],[128.5689854,36.5619624],[128.5650291,36.5628541],[128.560574,36.5638582],[128.5576558,36.5636514],[128.554759,36.5625483],[128.551712,36.5600148],[128.5508859,36.5589462],[128.5506499,36.5577224],[128.5506928,36.5561711],[128.5500437,36.5546845],[128.5500759,36.554288],[128.5504085,36.5539304],[128.5518166,36.5529479],[128.5546531,36.5498403],[128.5555369,36.5489445],[128.5564971,36.5479231],[128.5584706,36.5465672],[128.5589433,36.5462424],[128.5595119,36.5455787],[128.5597372,36.5447167],[128.5593939,36.5426567],[128.5585785,36.5405879],[128.5546088,36.5385536],[128.5513794,36.5378036],[128.5465836,36.5353468],[128.5441267,36.5347951],[128.5419273,36.5350192],[128.5383332,36.5357175],[128.536402,36.5359933],[128.5340202,36.5355968],[128.5298467,36.5342865],[128.525598,36.5329158],[128.5237849,36.5325623],[128.5226047,36.5324934],[128.5204911,36.5328641],[128.5151696,36.5350451],[128.513571,36.5361657],[128.5127449,36.5373295],[128.5120582,36.5390363],[128.5121977,36.5402086],[128.512541,36.5413982],[128.5133779,36.5420188],[128.5144079,36.5422601],[128.5204053,36.5420016],[128.5217893,36.5420791],[128.523463,36.5426049],[128.5245573,36.543441],[128.5257482,36.5449581],[128.5260165,36.5461131],[128.5256302,36.5469836],[128.5246003,36.5476128],[128.5232913,36.5477421],[128.5203409,36.5480007],[128.518517,36.5487592],[128.5160279,36.5500865],[128.5141396,36.5506208],[128.5123586,36.5508105],[128.5060617,36.5496198],[128.4977138,36.546906],[128.4943771,36.546363],[128.4932077,36.5463889],[128.4915233,36.5465957],[128.4893131,36.5461045],[128.4866094,36.5448633],[128.4841847,36.543329],[128.4805155,36.5418119],[128.476417,36.5406741],[128.4761332,36.5406485],[128.4684884,36.5399586],[128.4660745,36.5397],[128.4614611,36.5393983],[128.4550666,36.5383639],[128.4468055,36.5369157],[128.444488,36.5357089],[128.4390163,36.5301398],[128.4344673,36.5249498],[128.4298968,36.5221132],[128.4271717,36.5215786],[128.4223765,36.5214341],[128.4174084,36.5215183],[128.4144044,36.5210009],[128.4117222,36.5197938],[128.4099841,36.5183323],[128.4073663,36.5153619],[128.4041047,36.5123784],[128.4005213,36.5099121],[128.3977532,36.5083254],[128.3936232,36.5067752],[128.3885223,36.5059017],[128.3848581,36.5057694],[128.3809594,36.506006],[128.3808231,36.5060143],[128.3766496,36.5065662],[128.3740747,36.507532],[128.3720577,36.5088342],[128.3706629,36.5103691],[128.369987,36.511861],[128.369472,36.5154912],[128.3690643,36.5184746],[128.3675086,36.5229581],[128.3667779,36.5245917],[128.3656418,36.5268293],[128.364526,36.5284501],[128.3639844,36.5290567],[128.3631366,36.5300062],[128.3611464,36.5319503],[128.3593011,36.5331744],[128.3558893,36.534433],[128.3513194,36.5364868],[128.3481002,36.5389328],[128.3453005,36.5421933],[128.3434653,36.5442944],[128.341062,36.54607],[128.3390021,36.5468112],[128.3358163,36.5473305],[128.330366,36.547296],[128.3247441,36.5469512],[128.3219218,36.5475525],[128.3200335,36.548966],[128.3187246,36.5507587],[128.3183068,36.5527776],[128.3176303,36.5575673],[128.3162141,36.56098],[128.3148408,36.562083],[128.31218,36.5633067],[128.30585,36.5653404],[128.3004963,36.5659694],[128.298651,36.5656075],[128.2958937,36.5634618],[128.2956469,36.5625397],[128.2950139,36.5598596],[128.2950783,36.5588514],[128.295325,36.5581619],[128.2970953,36.5558954],[128.2978785,36.5542837],[128.297857,36.5535253],[128.2974493,36.5528875],[128.2966876,36.5522929],[128.2946277,36.5520946],[128.2922459,36.5521636],[128.278116,36.5526721],[128.2704878,36.5524135],[128.2689857,36.5519998],[128.2660246,36.5499313],[128.2652628,36.5491556],[128.2637393,36.5461734],[128.2634497,36.5446909],[128.263514,36.5433462],[128.263793,36.5423894],[128.2653487,36.5402],[128.2675481,36.537614],[128.2679343,36.5368468],[128.2684064,36.5334847],[128.268975,36.5300321],[128.2688892,36.5294932],[128.2685566,36.5286311],[128.2673764,36.5255705],[128.2668259,36.5237012],[128.266862,36.5214428],[128.2667434,36.5191041],[128.2666262,36.5180802],[128.266148,36.5143918],[128.2658744,36.509481],[128.2660675,36.507808],[128.2669043,36.5042722],[128.2685302,36.4983985],[128.2692049,36.4950352],[128.2696372,36.4929695],[128.2700586,36.4909557],[128.2706702,36.4884629],[128.2708418,36.4872466],[128.2707238,36.4863841],[128.2704449,36.4854266],[128.2700908,36.4848745],[128.26949,36.4840636],[128.268621,36.4831147],[128.2654881,36.4807425],[128.2613897,36.4777921],[128.2578706,36.475066],[128.2543301,36.4722017],[128.2500386,36.4690784],[128.2482958,36.4679497],[128.2476139,36.4675081],[128.2459402,36.4659465],[128.2449853,36.4644883],[128.2446849,36.4634183],[128.2447171,36.4621844],[128.2449639,36.4614251],[128.2454681,36.4606572],[128.2467127,36.4595872],[128.2478714,36.458871],[128.2493842,36.4583532],[128.2512617,36.4579735],[128.2531285,36.4576198],[128.2540941,36.4572832],[128.2546681,36.4570114],[128.2556444,36.4564203],[128.2564115,36.4557127],[128.2569339,36.4549564],[128.2580209,36.4533827],[128.2588148,36.452002],[128.2597375,36.4505263],[128.2602632,36.4494993],[128.2608211,36.4482997],[128.261497,36.4465218],[128.2620978,36.4447181],[128.2628059,36.4426294],[128.2630741,36.4411967],[128.2630098,36.4405321],[128.2627416,36.4398157],[128.2623124,36.4388145],[128.2611537,36.4374249],[128.2591152,36.4357072],[128.257463,36.4347146],[128.2565617,36.4343089],[128.2550597,36.4338341],[128.2534397,36.4335924],[128.2494586,36.4332784],[128.2491481,36.433245],[128.2431507,36.4329537],[128.2408225,36.4326861],[128.2387411,36.4322113],[128.2374966,36.4312618],[128.236413,36.4293023],[128.2356834,36.4252882],[128.2354259,36.4213861],[128.2357156,36.4189601],[128.2365954,36.4170434],[128.237915,36.415593],[128.2400501,36.413728],[128.2421636,36.412312],[128.2437622,36.4112155],[128.2449424,36.4105334],[128.2473886,36.4101448],[128.2499742,36.4100757],[128.2542418,36.4101211],[128.2558,36.4101794],[128.2587719,36.4101362],[128.2617545,36.4099376],[128.2626921,36.4097698],[128.2653379,36.4088324],[128.2675588,36.4077099],[128.2697904,36.4064837],[128.2711959,36.4053957],[128.2717752,36.4046013],[128.2722258,36.4036946],[128.2726228,36.4019935],[128.272891,36.4003614],[128.2733416,36.3994287],[128.2743287,36.3984097],[128.2749617,36.3979693],[128.2756162,36.3976929],[128.2773757,36.3973043],[128.279221,36.3971748],[128.2809162,36.3972352],[128.2833302,36.3976239],[128.2859051,36.3983406],[128.2879865,36.3990315],[128.2890272,36.3994719],[128.2914626,36.4006463],[128.2927179,36.4014235],[128.2932436,36.4020107],[128.2941556,36.4029434],[128.2973742,36.4047049],[128.2999706,36.4052921],[128.3015799,36.4050849],[128.3040261,36.4041868],[128.3063803,36.4032027],[128.3088326,36.4023562],[128.3100557,36.4014408],[128.3116436,36.3996274],[128.31424,36.3966566],[128.3161711,36.3941176],[128.3167329,36.3928684],[128.3168578,36.389903],[128.3161926,36.3861028],[128.3147335,36.3824751],[128.3134031,36.3795038],[128.3122551,36.3759449],[128.3120298,36.3722304],[128.3115999,36.3673713],[128.3114719,36.3659239],[128.3104205,36.3634703],[128.3092618,36.3623471],[128.3058863,36.3602154],[128.3055993,36.3600704],[128.3019662,36.3582345],[128.2953679,36.3545796],[128.2903039,36.351443],[128.2866776,36.3491012],[128.285315,36.3477618],[128.2846519,36.3461775],[128.2842314,36.3429225],[128.284114,36.3394332],[128.2840276,36.3372273],[128.283813,36.3349715],[128.2838452,36.3336751],[128.2836413,36.3306932],[128.2833195,36.3281434],[128.2828152,36.3256022],[128.2822466,36.3237092],[128.2821071,36.32262],[128.2822573,36.3214271],[128.2826865,36.3204071],[128.2834589,36.3191968],[128.2855189,36.3166034],[128.2871067,36.3152981],[128.2887804,36.3144249],[128.2901215,36.3138543],[128.2924604,36.3128342],[128.2954216,36.3113472],[128.2978683,36.3101216],[128.299377,36.3093473],[128.3044666,36.3072772],[128.3069987,36.3062225],[128.3089083,36.3054011],[128.3133237,36.3036753],[128.3155596,36.3022949],[128.3173406,36.3011968],[128.3186339,36.3005031],[128.3216536,36.2986547],[128.32416,36.2972755],[128.3260631,36.2958617],[128.3283698,36.2941409],[128.3304405,36.2925757],[128.3332193,36.2906387],[128.3342849,36.2899884],[128.3351614,36.2893125],[128.3361972,36.288553],[128.3376717,36.2873957],[128.3395815,36.2853807],[128.3408153,36.2829764],[128.3416736,36.2801439],[128.3419096,36.2793786],[128.3421135,36.2782542],[128.3423924,36.2766627],[128.3424997,36.2747858],[128.3428583,36.2728936],[128.3432829,36.2703572],[128.3434224,36.2688348],[128.3432829,36.2678573],[128.3429718,36.2664127],[128.3425856,36.2655909],[128.3414912,36.2638521],[128.3398175,36.2613607],[128.3374357,36.2581165],[128.3360731,36.2554346],[128.3353272,36.2535681],[128.3351049,36.2524348],[128.3350432,36.2517749],[128.3351827,36.2505636],[128.335644,36.2495166],[128.3362126,36.248487],[128.3372211,36.2471026],[128.338455,36.2454413],[128.3397639,36.2437194],[128.3411801,36.2421186],[128.3422828,36.2407626],[128.3429932,36.2398515],[128.3452933,36.2367319],[128.345485,36.2364554],[128.3467591,36.2344776],[128.3476388,36.233015],[128.3487654,36.2314746],[128.3501601,36.2299428],[128.3514368,36.2288177],[128.3528953,36.2274062],[128.3540225,36.2260828],[128.3553529,36.2246807],[128.3577347,36.2229151],[128.3604812,36.2210974],[128.3618331,36.2199895],[128.3627558,36.2183623],[128.362949,36.2178862],[128.3635497,36.2164061],[128.3640218,36.2125627],[128.3636355,36.2084595],[128.363496,36.2076366],[128.3629489,36.204408],[128.362788,36.2015424],[128.3630454,36.1991009],[128.3637106,36.1968499],[128.3649015,36.1948325],[128.3650038,36.194684],[128.366071,36.1931355],[128.3673155,36.1915336],[128.3694613,36.189646],[128.3720469,36.1879922],[128.374182,36.1864595],[128.3751712,36.1857489],[128.3752549,36.1856888],[128.3761024,36.185048],[128.3769715,36.1843812],[128.3775347,36.1836538],[128.3781194,36.1827965],[128.3788276,36.181844],[128.3799648,36.1805103],[128.3807158,36.1795318],[128.3816492,36.1782674],[128.382132,36.1773754],[128.3826685,36.1764574],[128.3834624,36.175141],[128.3842317,36.174137],[128.3850999,36.1729715],[128.3859944,36.1720405],[128.386606,36.1708886],[128.3867884,36.1701005],[128.3868205,36.1690784],[128.3867025,36.1677186],[128.386327,36.1664108],[128.3856618,36.1645745],[128.3848357,36.1628335],[128.3842671,36.1618201],[128.3836985,36.1602609],[128.3834624,36.1592214],[128.3832908,36.1572897],[128.3829152,36.1549855],[128.3823895,36.1529497],[128.3816278,36.1509225],[128.3811644,36.1496924],[128.3803081,36.1480723],[128.379761,36.1463136],[128.3790529,36.1444682],[128.378216,36.1426141],[128.3776259,36.1414445],[128.3771109,36.1403528],[128.3764243,36.1389491],[128.3760273,36.1377274],[128.3757591,36.1357172],[128.3756626,36.1338023],[128.3755982,36.1319392],[128.3759093,36.1306741],[128.3763063,36.1298942],[128.3769929,36.129175],[128.3779907,36.1284297],[128.3788919,36.1279185],[128.3804262,36.1273379],[128.3826792,36.1264539],[128.3855975,36.1251107],[128.3876681,36.1241834],[128.3895349,36.1230915],[128.3907691,36.1223157],[128.3918319,36.12143],[128.3927392,36.1206371],[128.3934678,36.1200943],[128.3948243,36.1187843],[128.3955967,36.1175796],[128.3961224,36.1162622],[128.3966332,36.1145814],[128.3968991,36.1124662],[128.3968631,36.1108979],[128.3967535,36.1086634],[128.3967382,36.107816],[128.3967984,36.1062252],[128.3967662,36.1048903],[128.3965623,36.1028532],[128.3964121,36.1007901],[128.3964658,36.0988396],[128.3965623,36.0971405],[128.3967018,36.0951032],[128.3969915,36.0931353],[128.3971237,36.0917847],[128.3971417,36.0916007],[128.3971524,36.090361],[128.3968949,36.0891212],[128.3964229,36.0881154],[128.3956611,36.0872051],[128.3944164,36.0861873],[128.3932471,36.0854017],[128.3913159,36.0838236],[128.3901894,36.0827311],[128.3888805,36.0813438],[128.3874964,36.079731],[128.3858442,36.0770603],[128.3853538,36.0754601],[128.3853829,36.0750051],[128.385297,36.0740426],[128.3855224,36.0729586],[128.3861983,36.071363],[128.387711,36.0687787],[128.3891487,36.0666887],[128.3901787,36.065145],[128.392024,36.0625518],[128.3937728,36.0598198],[128.3970129,36.0549193],[128.3983433,36.0529503],[128.3990591,36.0518112],[128.3994913,36.0510941],[128.4005427,36.0491857],[128.4014439,36.0473294],[128.4021735,36.0457679],[128.403151,36.0435722],[128.4046506,36.0405977],[128.4057753,36.0373768],[128.4054472,36.0341179],[128.4049786,36.0311051],[128.4041351,36.0291345],[128.4026922,36.0275115],[128.4017218,36.0262731],[128.3995586,36.0225213],[128.3991236,36.0213255],[128.3983243,36.0192994],[128.3983266,36.0190464],[128.398515,36.0176914],[128.3986223,36.0168149],[128.3986652,36.0161988],[128.3986569,36.0156138],[128.3986437,36.015524],[128.3986115,36.0153938],[128.397721,36.0125105],[128.3971417,36.0106967],[128.3967876,36.0090738],[128.3963585,36.0071037],[128.3960688,36.0055067],[128.3956504,36.0042656],[128.3954036,36.0034323],[128.3951139,36.0024342],[128.3948457,36.0013232],[128.3945462,36.0003318],[128.3942712,35.9991619],[128.3940551,35.9981042],[128.3937891,35.9969873],[128.3936441,35.9961673],[128.3933866,35.9950562],[128.3930325,35.9927733],[128.3925176,35.9898392],[128.3920455,35.986931],[128.3917129,35.9844308],[128.3916807,35.9830417],[128.3917183,35.9819391],[128.3915734,35.9813401],[128.3913159,35.9809972],[128.3909435,35.9806441],[128.3907376,35.9798788],[128.3911057,35.9773101],[128.3913947,35.9739862],[128.391426,35.9734039],[128.3915213,35.97163],[128.3920455,35.9683944],[128.3924317,35.9645563],[128.3929467,35.9607788],[128.3936119,35.9563324],[128.3937767,35.9553631],[128.3947813,35.9494539],[128.3955538,35.9459101],[128.3962426,35.943225],[128.3965884,35.9419246],[128.3980268,35.9376302],[128.3995933,35.9325227],[128.399632,35.9324246],[128.3996558,35.9322344],[128.4003281,35.929918],[128.4016371,35.9252527],[128.4027958,35.9206305],[128.4037185,35.9175895],[128.4044695,35.915174],[128.404963,35.9134361],[128.4053707,35.9106381],[128.4053492,35.9083788],[128.4047913,35.906102],[128.4040618,35.9038077],[128.4030533,35.9011484],[128.4023881,35.899306],[128.4012508,35.8971159],[128.3992338,35.8934829],[128.3973241,35.8901453],[128.3952212,35.8875898],[128.3928609,35.8853994],[128.3918738,35.884391],[128.3905005,35.8824439],[128.3893633,35.8801142],[128.388505,35.8783582],[128.3872604,35.8751417],[128.3864236,35.8719424],[128.3856082,35.8688995],[128.3851361,35.8663259],[128.3847928,35.8643696],[128.3846533,35.8631089],[128.3847177,35.861709],[128.3848923,35.8605163],[128.3876133,35.856087],[128.3886552,35.8547962],[128.3900928,35.8533701],[128.3914876,35.8524657],[128.3940947,35.8514917],[128.395865,35.8511787],[128.3984506,35.8509613],[128.400929,35.8508743],[128.4046462,35.8507954],[128.4083104,35.8508221],[128.4093861,35.8508352],[128.4134518,35.8508847],[128.4166682,35.8504917],[128.4223115,35.8499873],[128.4273648,35.8493872],[128.4343988,35.8484568],[128.4365399,35.8481736],[128.4394669,35.8478567],[128.4423704,35.8475268],[128.4443404,35.8472436],[128.4477194,35.8466228],[128.450067,35.8460826],[128.4526302,35.8450982],[128.4548306,35.8440823],[128.4570184,35.8428366],[128.4600224,35.8406851],[128.4604329,35.8404299],[128.4606674,35.8402937],[128.4610053,35.8401071],[128.4616397,35.8396857],[128.4652426,35.8363025],[128.4666323,35.8343759],[128.4674692,35.8330016],[128.469336,35.8312098],[128.4736275,35.8274868],[128.4767175,35.8243552],[128.4781766,35.8224065],[128.4785045,35.820877],[128.4790668,35.819167],[128.4789965,35.8165261],[128.4787388,35.8156141],[128.4777954,35.8141054],[128.4771466,35.8134283],[128.4761166,35.8123669],[128.473928,35.8107138],[128.4710769,35.8091918],[128.4701256,35.8090906],[128.4682183,35.8088878],[128.4656656,35.8088084],[128.4621029,35.8086977],[128.4584141,35.8088518],[128.4548052,35.8087946],[128.4529209,35.8086082],[128.4509354,35.8084157],[128.4494233,35.8082602],[128.4478482,35.8082557],[128.4447563,35.8083124],[128.4417415,35.8082607],[128.4395625,35.8082598],[128.4342527,35.8083994],[128.4289825,35.8084585],[128.4252333,35.8086172],[128.4230733,35.8086952],[128.4220004,35.8086778],[128.4209886,35.8085544],[128.420198,35.808382],[128.4195015,35.8080787],[128.4188354,35.8076946],[128.4184867,35.8074467],[128.4182204,35.8071915],[128.4165716,35.805689],[128.4157348,35.8048668],[128.4148668,35.8040431],[128.4138089,35.8030221],[128.4127365,35.8019135],[128.4114861,35.8005508],[128.4103347,35.7992313],[128.4088738,35.7972675],[128.4067869,35.7941461],[128.4047695,35.7908728],[128.4031069,35.7879063],[128.402195,35.7862788],[128.4010988,35.7843159],[128.3997971,35.7811654],[128.3985901,35.777871],[128.3979034,35.7758864],[128.3968949,35.7743022],[128.3952212,35.7719867],[128.3936977,35.7701413],[128.3918524,35.7680868],[128.389345,35.7653641],[128.3876037,35.7632988],[128.3865309,35.7617318],[128.3859944,35.7607741],[128.3854794,35.7595552],[128.3853829,35.759059],[128.385297,35.7585627],[128.3853507,35.7575441],[128.385694,35.756299],[128.38696,35.7541224],[128.3888537,35.7511838],[128.3913159,35.7475659],[128.392142,35.7467909],[128.3961868,35.7444921],[128.4072268,35.7389276],[128.4128809,35.7362018],[128.4168509,35.7341138],[128.4169538,35.734055],[128.4225583,35.7310809],[128.4263778,35.7282851],[128.4281587,35.7270832],[128.4296822,35.7258551],[128.4310555,35.7243744],[128.4320872,35.7230379],[128.4326434,35.7221446],[128.4333676,35.7207509],[128.4337753,35.7196708],[128.4341347,35.7181291],[128.4343332,35.7171839],[128.4345639,35.7153111],[128.4346604,35.7139304],[128.4346765,35.7127674],[128.4345907,35.7104502],[128.4344606,35.7085345],[128.4342796,35.7077147],[128.4341025,35.7068784],[128.4335768,35.70565],[128.4328741,35.704439],[128.431887,35.7031321],[128.4310609,35.7022304],[128.430208,35.7014855],[128.4291512,35.7006534],[128.4257089,35.6983481],[128.4234381,35.6963144],[128.4224886,35.6956435],[128.4207022,35.6945151],[128.419683,35.6941274],[128.4184545,35.6937876],[128.4172744,35.6936656],[128.4160352,35.6936438],[128.4152418,35.6936482],[128.4143615,35.6937266],[128.4126341,35.6938311],[128.4106278,35.6941361],[128.4079564,35.694685],[128.4029245,35.695992],[128.3956611,35.6980134],[128.3921742,35.6989283],[128.3888805,35.6995992],[128.3852434,35.7002613],[128.3799112,35.701394],[128.3763599,35.7023524],[128.3740103,35.7030406],[128.368603,35.7047308],[128.3649766,35.7058286],[128.3628845,35.7062903],[128.3609372,35.7065734],[128.3591294,35.7067433],[128.3578741,35.7067346],[128.3566779,35.7064384],[128.3550578,35.7057676],[128.353765,35.7049138],[128.3529281,35.7038858],[128.3521771,35.7024743],[128.3510613,35.7003485],[128.3506965,35.6986408],[128.3508897,35.6954518],[128.3514476,35.6929424],[128.3532285,35.6865813],[128.3545375,35.6834267],[128.3561682,35.6806554],[128.358078,35.6782675],[128.3611893,35.6746768],[128.3644724,35.6709814],[128.368721,35.6668499],[128.372283,35.6635725],[128.3761668,35.6601032],[128.3790636,35.6575404],[128.3823252,35.655082],[128.3852219,35.6530595],[128.3881831,35.6513159],[128.3912086,35.6496072],[128.3935475,35.6484738],[128.3952212,35.6475496],[128.3971309,35.6464337],[128.3987403,35.6447074],[128.4001779,35.6424405],[128.4015055,35.6398106],[128.4015512,35.6397201],[128.4020018,35.6373659],[128.4018302,35.635465],[128.4015083,35.6336164],[128.4008217,35.6321688],[128.3997917,35.6307562],[128.3986544,35.6298318],[128.3967977,35.6283405],[128.3920669,35.6228203],[128.3857584,35.6150756],[128.3834195,35.6128253],[128.3809519,35.6112727],[128.3781194,35.6105226],[128.3757162,35.6104005],[128.3720362,35.6105575],[128.3683133,35.6109674],[128.3636141,35.6117263],[128.3604491,35.6117699],[128.356846,35.6112355],[128.3551919,35.6105487],[128.3537865,35.6095718],[128.3532178,35.6085513],[128.3526385,35.606859],[128.3525097,35.6036926],[128.3532286,35.5999677],[128.3551218,35.593617],[128.3555974,35.5921186],[128.3559416,35.5910342],[128.3560744,35.5906437],[128.3566332,35.5887581],[128.3567369,35.588408],[128.3569229,35.5878584],[128.3574664,35.586253],[128.359462,35.58066],[128.3603364,35.5780204],[128.3605617,35.5773834],[128.3606583,35.5768903],[128.3606851,35.5763755],[128.3606207,35.575673],[128.3605617,35.5752498],[128.360492,35.5747481],[128.3603686,35.5737489],[128.3597624,35.5695033],[128.3596015,35.5689579],[128.3593333,35.5683426],[128.3581102,35.5659645],[128.3574235,35.5646335],[128.3569193,35.5637695],[128.3558786,35.56212],[128.3538079,35.5588601],[128.3505785,35.5539373],[128.3502728,35.5534267],[128.3500528,35.5528026],[128.3498865,35.5520999],[128.3495915,35.5505723],[128.3494681,35.5496776],[128.3494091,35.5489225],[128.3494145,35.5480976],[128.3494735,35.5472989],[128.3495915,35.5463649],[128.3498061,35.5449725],[128.3502889,35.5421921],[128.3506268,35.540577],[128.3510452,35.5388964],[128.3514047,35.5377964],[128.3516031,35.5373555],[128.3518445,35.5369496],[128.3521664,35.5364999],[128.3541352,35.5342867],[128.3572626,35.5307856],[128.3584911,35.5294977],[128.3610016,35.5268827],[128.3640835,35.524023],[128.3676642,35.5209362],[128.3715802,35.5179672],[128.3718941,35.5177773],[128.3779308,35.5149631],[128.379879,35.5141117],[128.3819175,35.5133301],[128.3900124,35.5101163],[128.3912408,35.5095748],[128.3924264,35.5089547],[128.3946258,35.507684],[128.4000063,35.5046752],[128.4039223,35.5025834],[128.4091365,35.4999762],[128.4128594,35.4981943],[128.4182507,35.4956],[128.4194094,35.4949362],[128.420434,35.4942898],[128.4213513,35.4936827],[128.4222096,35.4930581],[128.422848,35.4925078],[128.4234381,35.4918788],[128.4240228,35.4911189],[128.4244358,35.4904593],[128.4247792,35.4897299],[128.4250259,35.4890136],[128.4252351,35.4880395],[128.4253639,35.4871703],[128.4253854,35.4863098],[128.4253317,35.4855323],[128.4251654,35.4846019],[128.4248704,35.4835579],[128.4244144,35.4823218],[128.4239155,35.4812646],[128.4232825,35.4800808],[128.421582,35.4773113],[128.4211448,35.4767412],[128.420772,35.4763174],[128.4203857,35.4759002],[128.419978,35.4755158],[128.4193289,35.4749784],[128.415032,35.4718024],[128.4137982,35.4709549],[128.412779,35.4703257],[128.4116203,35.4697185],[128.4102523,35.4690937],[128.4025919,35.4660529],[128.3947813,35.4632216],[128.3892453,35.4609409],[128.3854043,35.4593067],[128.3827865,35.4580745],[128.3814722,35.4572792],[128.3801043,35.4562764],[128.3788933,35.4552528],[128.3778888,35.4543253],[128.3773926,35.4538097],[128.37695,35.4532154],[128.3764967,35.4524813],[128.3760756,35.4515767],[128.3756947,35.4505105],[128.3753031,35.4492585],[128.3751234,35.448603],[128.3749303,35.4477093],[128.374823,35.4469074],[128.3748123,35.4464288],[128.3748311,35.4458695],[128.3749115,35.445144],[128.3753166,35.4434177],[128.3756304,35.4422334],[128.3759549,35.4412981],[128.3764672,35.4402055],[128.377237,35.4389577],[128.380233,35.4349389],[128.3839238,35.4299473],[128.3845621,35.4291605],[128.3852756,35.4283562],[128.385973,35.4277049],[128.3867615,35.427106],[128.3877003,35.4265072],[128.3887356,35.4259302],[128.3930433,35.4237926],[128.3942825,35.4232942],[128.3954948,35.4228571],[128.3987617,35.4218167],[128.4045339,35.4201599],[128.4059554,35.419797],[128.4075111,35.4194691],[128.4187978,35.4173008],[128.41986,35.417021],[128.4209007,35.4165926],[128.4219146,35.4160111],[128.423084,35.4151848],[128.423996,35.4144198],[128.4252459,35.4131431],[128.4265172,35.4114687],[128.4271985,35.4103931],[128.4299827,35.4055618],[128.432579,35.4007127],[128.4368598,35.3929465],[128.437171,35.3924392],[128.4376323,35.3918095],[128.4383511,35.3909436],[128.4391773,35.3900952],[128.4400731,35.3892861],[128.4411138,35.3884639],[128.4424603,35.387598],[128.4445685,35.3864741],[128.447063,35.3854113],[128.4499866,35.3843792],[128.452583,35.3835701],[128.4552491,35.3828659],[128.458398,35.3821749],[128.4636712,35.3811121],[128.4656775,35.3808059],[128.4678125,35.3806135],[128.4698564,35.380561],[128.4719324,35.380596],[128.4745878,35.3807622],[128.4767872,35.381029],[128.478536,35.381392],[128.4799522,35.3818775],[128.4809339,35.3823892],[128.4819317,35.3831327],[128.4841579,35.3851314],[128.4865183,35.3873006],[128.4872746,35.3879392],[128.4901683,35.3901097],[128.4922099,35.3916039],[128.4946453,35.3934494],[128.4967697,35.3950062],[128.4980035,35.3957496],[128.4995162,35.3963968],[128.5016298,35.3969652],[128.5039258,35.3973151],[128.5067582,35.3973063],[128.5092473,35.3971139],[128.5117364,35.3967291],[128.5147173,35.3959874],[128.5175085,35.394875],[128.5219341,35.3928634],[128.526864,35.3904057],[128.5282695,35.3896272],[128.5302973,35.3886039],[128.5328293,35.3874318],[128.5362518,35.3860236],[128.5385048,35.3851752],[128.5432791,35.3834345],[128.5477209,35.3813526],[128.5518963,35.3799099],[128.5522646,35.3798098],[128.5533857,35.3794982],[128.5584774,35.3783724],[128.5620332,35.3782035],[128.5649943,35.3780286],[128.5671186,35.3781335],[128.5738778,35.3785709],[128.5767102,35.3789383],[128.5804653,35.3797256],[128.5828042,35.3812302],[128.5850358,35.3829621],[128.5869026,35.3847641],[128.5888552,35.3867758],[128.5902393,35.388394],[128.5909468,35.3894859],[128.592267,35.3909829],[128.593651,35.3921724],[128.5953784,35.3932395],[128.5965264,35.3935981],[128.5977357,35.3936002],[128.598994,35.3934669],[128.6003244,35.3930733],[128.6017728,35.3925135],[128.6033821,35.3913328],[128.6056888,35.3892249],[128.6101091,35.3852364],[128.6125231,35.3828834],[128.615452,35.3794982],[128.6176836,35.3775737],[128.6196363,35.3762265],[128.6222112,35.3748793],[128.625462,35.3733396],[128.6279726,35.3725173],[128.6309874,35.3722023],[128.6350429,35.3721499],[128.6396027,35.3724123],[128.6425316,35.3726573],[128.6453211,35.3727622],[128.6502027,35.372666],[128.6518657,35.3726398],[128.6535609,35.3726048],[128.6552775,35.3725348],[128.6576378,35.3724473],[128.659451,35.3725698],[128.6620259,35.3731822],[128.6644077,35.3740045],[128.6770252,35.3776905],[128.6819601,35.3787984],[128.6865046,35.3791626],[128.6877478,35.3790178],[128.6901157,35.378742],[128.6933327,35.3777136],[128.6989546,35.3744069],[128.7016797,35.372911],[128.7033681,35.37197],[128.7048662,35.371135],[128.7133312,35.3666382],[128.7188244,35.3639609],[128.7256264,35.3606537],[128.7305403,35.3585537],[128.7349605,35.3561387],[128.7408399,35.3531636],[128.7439218,35.351456],[128.7480482,35.3497571],[128.7521728,35.3482916],[128.7589216,35.3461621],[128.7605381,35.3457954],[128.7619745,35.3456447],[128.7682068,35.3458547],[128.7733986,35.3471101],[128.7797826,35.3490828],[128.7863302,35.351186],[128.7883365,35.3519648],[128.7905145,35.3529886],[128.7926173,35.3541787],[128.7944627,35.3554387],[128.796072,35.3566637],[128.797456,35.3580025],[128.7984645,35.3592099],[128.7993979,35.3609511],[128.8000846,35.3628673],[128.8005674,35.3647746],[128.8013452,35.3692103],[128.8016295,35.3706276],[128.8020694,35.3720886],[128.8026166,35.3732609],[128.8033247,35.374232],[128.80517,35.3759903],[128.8072514,35.3775212],[128.8093114,35.3787546],[128.81172,35.3798262],[128.8126759,35.3801435],[128.8136566,35.3804691],[128.8148153,35.3807359],[128.815695,35.380854],[128.8164729,35.380924],[128.8171971,35.3809677],[128.8181707,35.3810443],[128.8225829,35.3815626],[128.8247073,35.3818644],[128.8263059,35.3821399],[128.8292992,35.3828309],[128.8319707,35.3835744],[128.8341486,35.3843529],[128.8362944,35.3851927],[128.8384402,35.3861461],[128.8402963,35.3870907],[128.8429677,35.3883677],[128.8479459,35.3905981],[128.8509393,35.3920675],[128.8532996,35.3930471],[128.855617,35.3937205],[128.8588786,35.3942715],[128.8620222,35.3943502],[128.8646185,35.3938255],[128.8666248,35.393152],[128.8682556,35.3918926],[128.8693231,35.3907205],[128.8701761,35.3891768],[128.8719463,35.3837406],[128.8735127,35.378396],[128.8744461,35.3755879],[128.8750577,35.373952],[128.87568,35.3728322],[128.8771069,35.37131],[128.8790059,35.369954],[128.8817632,35.3687991],[128.8870096,35.3666907],[128.8924813,35.3649846],[128.8946485,35.3646871],[128.8967085,35.3646959],[128.8982856,35.3647921],[128.9003241,35.3651858],[128.9022553,35.3655008],[128.9042187,35.365772],[128.9061284,35.365772],[128.9082849,35.3654921],[128.9110744,35.3647571],[128.9154868,35.3629061],[128.9173802,35.3618599],[128.9230156,35.3570662],[128.9289593,35.351991],[128.9313936,35.3495323],[128.9360189,35.3448328],[128.9400744,35.3414109],[128.9416301,35.3402907],[128.9450955,35.338199],[128.9472735,35.3373938],[128.9522302,35.336221],[128.9558029,35.3349781],[128.9588606,35.3339628],[128.9617252,35.33279],[128.9644718,35.3314946],[128.9670896,35.3299541],[128.9686741,35.3287323],[128.969847,35.3271181],[128.970319,35.3260764],[128.9708877,35.3243082],[128.9712953,35.3227063],[128.9718854,35.3183118],[128.9723146,35.3157993],[128.972851,35.3131729],[128.9731579,35.3120486],[128.9732163,35.3118346],[128.9733982,35.311168],[128.9741492,35.3092769],[128.9758336,35.3066766],[128.9776882,35.3041788],[128.9790094,35.3020273],[128.9803719,35.2999784],[128.981536,35.298481],[128.9821261,35.2977324],[128.9827591,35.2971501],[128.9834483,35.2966903],[128.9848888,35.2956264],[128.9873028,35.2942078],[128.9917123,35.2922813],[128.9954605,35.2905326],[128.9982355,35.2889185],[129.0005851,35.2873947],[129.0035248,35.2851966],[129.0064859,35.282937],[129.0091698,35.2807263],[129.0101981,35.2795826],[129.0112603,35.2779973],[129.0120757,35.2762806],[129.0126014,35.2750281],[129.0129232,35.2739245],[129.0129983,35.2724179],[129.0127623,35.2711128],[129.0114856,35.2666454],[129.0091681,35.2603731],[129.0036106,35.2467757],[129.0020871,35.2434461],[129.0019931,35.2432494],[128.9996409,35.2383287],[128.9987183,35.2359101],[128.9981067,35.2338069],[128.9981509,35.2324158],[128.9980316,35.2319666],[128.997699,35.2305995],[128.9975059,35.229171],[128.9966261,35.2237986],[128.9956713,35.2185397],[128.995167,35.216252],[128.9941049,35.2113433],[128.9936542,35.2097304],[128.9928174,35.2077756],[128.9918555,35.2062139],[128.9895917,35.2036867],[128.9881503,35.2021826],[128.9863908,35.2004993],[128.9845776,35.1990615],[128.9811657,35.1966023],[128.9773165,35.1942012],[128.9744925,35.1928717],[128.9674437,35.1891804],[128.9660919,35.1882773],[128.9646864,35.1870059],[128.9635277,35.1856029],[128.9629161,35.1844893],[128.9625406,35.1833318],[128.9623475,35.182148],[128.9622509,35.1806047],[128.9624011,35.1788421],[128.9627284,35.1768207],[128.9636457,35.1713834],[128.9637959,35.1700153],[128.9638227,35.1685594],[128.9637101,35.16695],[128.9634365,35.1650687],[128.9631307,35.1635909],[128.9624762,35.1612489],[128.9611083,35.1562404],[128.9610278,35.1557141],[128.9609679,35.1552352],[128.9603347,35.1501703],[128.9601856,35.1489771],[128.9601427,35.1482183],[128.9597726,35.1402568],[128.9596331,35.1386775],[128.9594625,35.1374136],[128.9590323,35.1347732],[128.9581581,35.1304358],[128.9575067,35.1274055],[128.9544786,35.1133163],[128.9531765,35.1073259]]]}},{"type":"Feature","properties":{"name":"금강","source":"OpenStreetMap contributors via Nominatim"},"geometry":{"type":"MultiLineString","coordinates":[[[126.7518224,36.0146905],[126.7521906,36.0157418],[126.752823,36.0178383],[126.7547362,36.0216409],[126.7601119,36.0253878],[126.7611298,36.0260973],[126.7716906,36.0293217],[126.7806233,36.0289142],[126.7850085,36.0287142],[126.7979791,36.0294539],[126.8094479,36.033574],[126.8187604,36.0428447],[126.8198218,36.0439012],[126.8292244,36.0465751],[126.8347752,36.0481536],[126.8434315,36.0520161],[126.8440241,36.0522805],[126.8626726,36.0602564],[126.867157,36.0642792],[126.8690278,36.0659573],[126.8719191,36.0719059],[126.8739811,36.0757238],[126.8740174,36.0775187],[126.8742385,36.0884504],[126.8723627,36.1035138],[126.8726116,36.1086243],[126.8749184,36.1137289],[126.8768791,36.1180674],[126.8780091,36.1205678],[126.8832287,36.1312347],[126.8841532,36.1331238],[126.8890914,36.1387319],[126.8939722,36.1416604],[126.9017814,36.1411053],[126.910214,36.1364524],[126.9151884,36.1365935],[126.9196202,36.1380811],[126.9227592,36.1393252],[126.9239216,36.1401372],[126.9279654,36.1429619],[126.9348527,36.1488708],[126.9383394,36.1518621],[126.9514123,36.1557476],[126.958054,36.1566089],[126.9604411,36.1557057],[126.9615949,36.1552691],[126.9616673,36.1552202],[126.9713565,36.1486848],[126.9723313,36.1482598],[126.9761652,36.146588],[126.9783575,36.1459316],[126.9820359,36.1453333],[126.9824297,36.1453308],[126.988393,36.1452936],[126.9936727,36.1458454],[126.9974463,36.146594],[127.0005047,36.1478838],[127.002289,36.149265],[127.0024982,36.1495308],[127.0055407,36.1533957],[127.0076657,36.1569726],[127.0071872,36.1615663],[127.0054837,36.1663896],[127.0031279,36.1710217],[127.0003924,36.1764],[126.9961241,36.1818933],[126.9942957,36.1835284],[126.9874344,36.1896643],[126.984409,36.1919322],[126.9752037,36.1988325],[126.9733647,36.2011345],[126.9697296,36.2056847],[126.9684663,36.211331],[126.9680305,36.2225514],[126.9680069,36.2231597],[126.9678642,36.2245801],[126.9668202,36.2349693],[126.9642554,36.2404817],[126.9598532,36.2439461],[126.9556423,36.2460516],[126.9413209,36.2495539],[126.9398324,36.2499179],[126.9260705,36.2529229],[126.9194671,36.252521],[126.9102414,36.2528464],[126.9039317,36.2538535],[126.9017623,36.2544542],[126.89491,36.2598709],[126.8910628,36.265613],[126.891216,36.2698621],[126.8920463,36.2754909],[126.891771,36.2769249],[126.8931874,36.2794323],[126.8986233,36.285672],[126.9086911,36.2924285],[126.915505,36.2946296],[126.9161765,36.294856],[126.9181297,36.2963184],[126.9211823,36.3021475],[126.924419,36.3094393],[126.9252237,36.3115482],[126.9270439,36.3137685],[126.9295046,36.3147824],[126.9324442,36.316373],[126.938416,36.3187656],[126.9411792,36.3199793],[126.9514888,36.3245077],[126.9555466,36.3266514],[126.9579483,36.3278283],[126.9603012,36.3292586],[126.9613864,36.3298432],[126.9628074,36.3306185],[126.9639844,36.3309729],[126.9648378,36.3312556],[126.9653266,36.3314175],[126.9662447,36.3319088],[126.9685811,36.3331591],[126.9703995,36.3338481],[126.9720901,36.3341816],[126.9732032,36.3345352],[126.9736916,36.3346903],[126.9838551,36.3398008],[126.9847347,36.340533],[126.9857692,36.3417531],[126.9872238,36.3462511],[126.9879511,36.3561466],[126.988447,36.3679957],[126.9889737,36.3701357],[126.9914538,36.3735833],[126.9939806,36.3754728],[126.9979041,36.3784067],[127.0016973,36.3805706],[127.0051009,36.382675],[127.0101209,36.3856847],[127.0134534,36.3884218],[127.0171198,36.3914331],[127.0187056,36.3926969],[127.0201569,36.393715],[127.0213935,36.3946229],[127.0225706,36.3952511],[127.0233493,36.3956702],[127.0254925,36.3965923],[127.0267858,36.3973108],[127.0302851,36.3998808],[127.0339535,36.4026959],[127.0356935,36.4039446],[127.0374841,36.4053889],[127.0390439,36.4062872],[127.0399594,36.4071623],[127.0410449,36.4081128],[127.0435016,36.409766],[127.0457049,36.4118399],[127.0473539,36.4143881],[127.0493234,36.4173398],[127.0503328,36.4187163],[127.0515816,36.420197],[127.0529278,36.4219019],[127.0536528,36.4233962],[127.0549028,36.4260505],[127.0559078,36.4287242],[127.0565793,36.4303136],[127.0584952,36.434864],[127.0614615,36.4396794],[127.0622302,36.4407418],[127.0627828,36.4412316],[127.0636233,36.4420365],[127.0637696,36.4421365],[127.0651517,36.4430806],[127.0667528,36.4438538],[127.0677293,36.4442584],[127.0693332,36.4450769],[127.0712211,36.4455663],[127.0726581,36.4459494],[127.0740626,36.4464077],[127.0753585,36.4466878],[127.0774156,36.447222],[127.0793315,36.4477489],[127.0805332,36.4481166],[127.0818593,36.4487304],[127.0826435,36.4491561],[127.0839568,36.4496851],[127.0853122,36.4501809],[127.0860847,36.4505058],[127.0871756,36.451211],[127.0887179,36.4520261],[127.0899652,36.4525867],[127.0917611,36.4532519],[127.0934389,36.4540814],[127.093893,36.4550775],[127.0945603,36.4564948],[127.0955695,36.4574246],[127.0964317,36.4591969],[127.0992577,36.4634599],[127.1020777,36.4681767],[127.1025611,36.4687901],[127.104442,36.4711764],[127.1074485,36.4731835],[127.1087897,36.4737104],[127.1113763,36.4735188],[127.1142024,36.4728961],[127.1155486,36.4719295],[127.1170315,36.4708648],[127.1186627,36.4700881],[127.1201856,36.469377],[127.1213427,36.4686544],[127.1219197,36.4683482],[127.1241188,36.4671493],[127.1244021,36.4670068],[127.1298284,36.4642762],[127.1337743,36.4620539],[127.1368413,36.4605829],[127.1393574,36.4604637],[127.1404277,36.460441],[127.1414093,36.4605859],[127.144427,36.4590532],[127.1486295,36.4574168],[127.1498396,36.4569456],[127.152537,36.4554363],[127.1552522,36.4541195],[127.160617,36.4522514],[127.1636826,36.4519161],[127.1639867,36.4517753],[127.1662691,36.4507186],[127.167117,36.4504445],[127.1726398,36.448659],[127.1785793,36.4476531],[127.1841835,36.4463598],[127.1883987,36.4454019],[127.1909374,36.4443002],[127.1955836,36.4418094],[127.2004694,36.4388876],[127.2034391,36.4375464],[127.2060257,36.4364447],[127.2068157,36.4362817],[127.2090434,36.435822],[127.2101515,36.4357692],[127.213067,36.4356304],[127.2175216,36.4356304],[127.2212099,36.4359178],[127.2236527,36.4367321],[127.2258082,36.4391271],[127.2267183,36.4425758],[127.2266704,36.4453061],[127.226862,36.447701],[127.2288738,36.4515808],[127.2323705,36.4555565],[127.2364419,36.4584305],[127.2412798,36.4601548],[127.2445083,36.4605264],[127.2512908,36.4611128],[127.2546916,36.4618313],[127.2572303,36.4636515],[127.2582117,36.4655021],[127.2580211,36.4668439],[127.2583799,36.4681541],[127.2598169,36.4706448],[127.260727,36.4737104],[127.2620575,36.4747176],[127.2635668,36.4754124],[127.2650328,36.4758877],[127.2662617,36.4764453],[127.268368,36.4768015],[127.2701153,36.478213],[127.2720875,36.4784654],[127.2733609,36.4787965],[127.2751004,36.4792489],[127.2763573,36.4801924],[127.2785819,36.4814705],[127.2830002,36.4822365],[127.2875986,36.4844399],[127.287899,36.4847448],[127.294065,36.4910021],[127.2962684,36.4942593],[127.296939,36.4968938],[127.3004835,36.5012047],[127.3014346,36.5023223],[127.3023995,36.503456],[127.3041718,36.505372],[127.3055309,36.5061302],[127.3087223,36.5079107],[127.3124105,36.5098745],[127.3170119,36.5112405],[127.318758,36.5103678],[127.3193833,36.5101063],[127.3209682,36.5099586],[127.3237168,36.5101936],[127.3268765,36.5115065],[127.3306849,36.512084],[127.3333493,36.5129096],[127.3360325,36.5127655],[127.3374623,36.5135865],[127.3409895,36.514229],[127.3429447,36.5152581],[127.3446022,36.515753],[127.3521946,36.5180857],[127.353596,36.518807],[127.3547583,36.5197256],[127.3561496,36.520191],[127.357449,36.5199072],[127.3581382,36.5194404],[127.3597984,36.5192289],[127.3607733,36.5191047],[127.3624847,36.5181422],[127.3635372,36.5170776],[127.3639229,36.5158648],[127.3629053,36.5141065],[127.3623431,36.512753],[127.3619281,36.5118268],[127.3611078,36.5097748],[127.3593405,36.5074051],[127.3563468,36.5047227],[127.3559786,36.504457],[127.3540237,36.5030462],[127.3523951,36.5019206],[127.3517005,36.5007231],[127.351461,36.4993579],[127.3520358,36.4978012],[127.3530896,36.4962205],[127.3549577,36.4947356],[127.3588615,36.4925083],[127.3615199,36.491239],[127.3650603,36.4899735],[127.3665733,36.4893709],[127.368123,36.4891067],[127.3693276,36.4893948],[127.370475,36.4896936],[127.3713335,36.4906438],[127.3755066,36.4937776],[127.3766322,36.4948075],[127.3773268,36.4962445],[127.378165,36.4974659],[127.3788356,36.4979689],[127.3808953,36.4996932],[127.3818293,36.4999567],[127.382329,36.5000355],[127.3831488,36.5001649],[127.3852188,36.5001075],[127.3861882,36.4994777],[127.387242,36.4985915],[127.3881281,36.497921],[127.3888227,36.4969869],[127.3893975,36.4959331],[127.3901159,36.4951428],[127.391026,36.4943285],[127.3926546,36.4934423],[127.3941635,36.493131],[127.3957681,36.491718],[127.397708,36.4900654],[127.3996719,36.488844],[127.4011568,36.4881734],[127.4021627,36.4872633],[127.4027854,36.4860419],[127.4039829,36.4841738],[127.4042942,36.4830721],[127.4042463,36.4825692],[127.4038791,36.4782961],[127.4035948,36.4764123],[127.4026706,36.4748129],[127.4016399,36.4734978],[127.4014682,36.4729598],[127.4011067,36.4718272],[127.4015332,36.4697657],[127.4012489,36.4679174],[127.4004314,36.4662469],[127.4003603,36.462266],[127.4011067,36.4583207],[127.4015332,36.4572189],[127.4019242,36.4564725],[127.4030616,36.4555128],[127.4051587,36.4548375],[127.4081504,36.4545158],[127.4111655,36.4542688],[127.4142948,36.4547017],[127.4150973,36.4548127],[127.4188429,36.455264],[127.4231611,36.4565319],[127.4260746,36.457003],[127.4289552,36.4573275],[127.4322861,36.4575851],[127.4354941,36.4571308],[127.4368279,36.4567213],[127.4383467,36.4551825],[127.4395292,36.4539844],[127.4412353,36.4522783],[127.4419817,36.4509632],[127.4439721,36.4500036],[127.4471355,36.4495059],[127.450971,36.4496471],[127.452929,36.4497192],[127.4538532,36.4498614],[127.45659,36.4511054],[127.4600022,36.4537001],[127.4624547,36.456117],[127.4632429,36.4581533],[127.4637342,36.4594226],[127.464374,36.4631191],[127.4652626,36.4664602],[127.4666843,36.4692326],[127.4689591,36.4718983],[127.4715538,36.4740309],[127.474184,36.4752394],[127.4797643,36.4773009],[127.4806829,36.4776304],[127.4823579,36.4777586],[127.4839028,36.4772755],[127.4847642,36.4759335],[127.4852761,36.4751359],[127.4850186,36.4721681],[127.4823579,36.4688551],[127.4793538,36.4627808],[127.4783629,36.4596603],[127.4790963,36.4576725],[127.4814996,36.4551872],[127.4882802,36.4527019],[127.4935159,36.4538065],[127.4996098,36.4535304],[127.5019273,36.4498023],[127.4999532,36.444417],[127.4965199,36.4386861],[127.4931725,36.4312283],[127.492915,36.4257726],[127.497979,36.4158271],[127.5047597,36.4078145],[127.5080212,36.4069164],[127.5115403,36.4103012],[127.5145444,36.4173466],[127.517291,36.4274301],[127.5194367,36.4334381],[127.5239857,36.4384789],[127.5349721,36.4423456],[127.5434693,36.4448313],[127.5498208,36.4453146],[127.5538548,36.4437266],[127.5557431,36.4407576],[127.5539407,36.434612],[127.5511082,36.4297781],[127.5484475,36.4252201],[127.5432118,36.4174847],[127.5437268,36.4127879],[127.5454434,36.4098177],[127.5507649,36.4066401],[127.5535115,36.4041533],[127.5559148,36.4015972],[127.558833,36.4009755],[127.5611504,36.403048],[127.5625237,36.4058803],[127.5623521,36.410094],[127.5634679,36.4142384],[127.5666436,36.4154817],[127.5759991,36.4152745],[127.5812348,36.4149291],[127.5820931,36.411959],[127.5809773,36.4089888],[127.5773724,36.4056039],[127.5681886,36.3997319],[127.5576314,36.3937904],[127.5567731,36.3916486],[127.5581464,36.3895067],[127.5608071,36.389023],[127.5647553,36.3892303],[127.5683602,36.3888849],[127.5712785,36.3870884],[127.5718793,36.3841863],[127.5701627,36.3805931],[127.5683602,36.3766542],[127.569476,36.3714711],[127.5732526,36.3664951],[127.5769433,36.3656657],[127.579604,36.3665642],[127.5817498,36.3702962],[127.5869855,36.3805931],[127.5905045,36.3830807],[127.5929936,36.3837717],[127.5965127,36.3830116],[127.5976285,36.3811459],[127.5974568,36.3763086],[127.5947102,36.3718857],[127.5925645,36.3687066],[127.592822,36.3663569],[127.5949677,36.3653893],[127.5990876,36.365804],[127.6026067,36.3669789],[127.6078423,36.3685684],[127.6126488,36.3705035],[127.616125,36.3726805],[127.6211032,36.376205],[127.6246651,36.3789692],[127.6288708,36.3804203],[127.6325616,36.3805931],[127.6377972,36.3804203],[127.6399859,36.379522],[127.640973,36.3777944],[127.6402863,36.3752029],[127.6371106,36.3725768],[127.6345357,36.3704344],[127.6317462,36.3670135],[127.6325616,36.3646635],[127.6345786,36.3618643],[127.6365098,36.3585465],[127.6357802,36.3552978],[127.6335915,36.3512193],[127.6297721,36.3493874],[127.6245364,36.34918],[127.6163825,36.3484196],[127.6063403,36.345516],[127.6051816,36.3434074],[127.6059111,36.3396741],[127.6088294,36.3333822],[127.6111897,36.3281271],[127.6138505,36.3261218],[127.6166829,36.3261564],[127.6226052,36.3295447],[127.6293429,36.3339008],[127.6336774,36.337427],[127.6367673,36.3407803],[127.6395139,36.3470715],[127.6411876,36.3521871],[127.6436766,36.3534659],[127.6480969,36.3537424],[127.6500281,36.3523599],[127.6506289,36.349733],[127.6472386,36.3418865],[127.6457795,36.3380147],[127.6464661,36.3363208],[127.6487836,36.3346268],[127.6543626,36.3335897],[127.6580104,36.3334168],[127.6594266,36.3343157],[127.6608857,36.3361825],[127.6616582,36.337911],[127.661744,36.3412297],[127.6613148,36.3430618],[127.6614865,36.3448938],[127.6624736,36.3458963],[127.6632899,36.3461676],[127.6641473,36.3461037],[127.6653918,36.3450667],[127.6656922,36.3435457],[127.665526,36.3423296],[127.6651772,36.3397778],[127.6650056,36.3364591],[127.6665934,36.3320685],[127.6686963,36.3275739],[127.6718323,36.323657],[127.6743182,36.3213503],[127.6758822,36.3206925],[127.6769836,36.3190285],[127.6826438,36.3172701],[127.6872786,36.3161981],[127.690111,36.3152299],[127.6915273,36.3135008],[127.6922139,36.3109764],[127.6922139,36.3081406],[127.6913985,36.3049935],[127.6902702,36.3038733],[127.687107,36.3032297],[127.6835879,36.3034026],[127.679511,36.3054431],[127.6749619,36.3088669],[127.6716145,36.3107689],[127.6684388,36.3112876],[127.6665505,36.3110802],[127.6652201,36.309351],[127.6644906,36.3062731],[127.6638283,36.304672],[127.6636752,36.3043018],[127.6631173,36.3032297],[127.6664647,36.2954476],[127.6676234,36.2938219],[127.6691254,36.2930264],[127.6714,36.2924037],[127.6774081,36.2920924],[127.6846179,36.292127],[127.6894231,36.2923789],[127.6898965,36.2924037],[127.6918277,36.2920578],[127.6961192,36.2893598],[127.6974925,36.2873535],[127.698222,36.2852088],[127.6983937,36.2831677],[127.6981791,36.2814726],[127.6973208,36.2799158],[127.6947888,36.278532],[127.6932439,36.2784282],[127.6893815,36.2790163],[127.6859912,36.2797774],[127.6788672,36.2795699],[127.6744469,36.2786704],[127.6732932,36.2782718],[127.6701983,36.2782898],[127.6670226,36.278186],[127.6631173,36.2786358],[127.6592549,36.2797428],[127.6574954,36.2826142],[127.6567658,36.2855201],[127.6546201,36.288841],[127.6529034,36.2904667],[127.6492556,36.2912968],[127.6467236,36.2908818],[127.6453074,36.2893253],[127.645522,36.2861428],[127.6476678,36.2820261],[127.6497706,36.2795699],[127.6514443,36.27784],[127.6517302,36.2771286],[127.6515301,36.2762832],[127.650576,36.2756491],[127.6498994,36.2751761],[127.6489123,36.2738267],[127.6487815,36.2723509],[127.6486977,36.2714048],[127.648569,36.2701592],[127.6480111,36.2691904],[127.6450928,36.2678756],[127.6395997,36.2654535],[127.6351365,36.2638618],[127.6323899,36.2623046],[127.6305875,36.2611973],[127.6291713,36.2597439],[127.6288708,36.2586712],[127.6292142,36.257633],[127.6304587,36.2571486],[127.6324328,36.2571832],[127.6356515,36.2578061],[127.6395568,36.2590172],[127.6450499,36.2599862],[127.6503714,36.2605745],[127.6548346,36.2604014],[127.6596411,36.2603322],[127.6625594,36.26009],[127.6645764,36.2592249],[127.6663789,36.2581867],[127.6674947,36.2558335],[127.668353,36.2535841],[127.6686872,36.2516302],[127.6690396,36.2495695],[127.6701125,36.2457278],[127.6703271,36.243755],[127.6700267,36.2416437],[127.6695546,36.2389092],[127.6699837,36.2331285],[127.6704558,36.2290437],[127.6719149,36.2265511],[127.6747474,36.2234699],[127.6778373,36.2212542],[127.6811367,36.2195914],[127.682156,36.2191023],[127.6834344,36.2185071],[127.6841891,36.2182238],[127.6849186,36.218029],[127.6855034,36.2178646],[127.6860505,36.2176352],[127.6865065,36.2173928],[127.6868981,36.2172024],[127.6872522,36.2171029],[127.6878422,36.2170596],[127.6885503,36.2171505],[127.6890546,36.2173193],[127.689532,36.2176395],[127.6900524,36.2180507],[127.6907283,36.2186393],[127.6908966,36.2188051],[127.691431,36.2193317],[127.6920909,36.2199722],[127.6928687,36.2206127],[127.6934642,36.2209849],[127.6940328,36.2212879],[127.6945209,36.2214956],[127.6949876,36.2217206],[127.6955295,36.2220409],[127.6960605,36.2225256],[127.6968384,36.2234344],[127.6977074,36.2246807],[127.6992416,36.2268617],[127.7002609,36.2283244],[127.7010226,36.2292937],[127.7013552,36.2298476],[127.7015269,36.2302803],[127.701602,36.2306351],[127.7015269,36.2309294],[127.7012586,36.2315871],[127.7010226,36.2324006],[127.7008188,36.2333785],[127.7006256,36.2343477],[127.7002931,36.2352651],[127.6999283,36.2360006],[127.6994026,36.2367968],[127.6988983,36.2377487],[127.698673,36.2387092],[127.6986623,36.2397736],[127.6989734,36.240587],[127.6995957,36.2412446],[127.700218,36.2418157],[127.7007973,36.2422224],[127.7014518,36.2424474],[127.702074,36.2425772],[127.7030826,36.2426551],[127.7039301,36.2426118],[127.7049386,36.2425166],[127.706033,36.2424388],[127.7072883,36.2423609],[127.7081251,36.2422051],[127.7087796,36.2419369],[127.7093589,36.2414869],[127.7099383,36.2407341],[127.7104103,36.2399553],[127.7110004,36.2389256],[127.7119553,36.2375583],[127.7123201,36.2367102],[127.7125132,36.2360006],[127.7125347,36.2351785],[127.7124917,36.2342006],[127.7124381,36.233292],[127.7121964,36.232758],[127.7116533,36.231656],[127.7111366,36.2310063],[127.7103144,36.2303834],[127.7095177,36.2300016],[127.7090146,36.2299628],[127.7085701,36.2297381],[127.7080034,36.2291062],[127.7077895,36.2287775],[127.7077423,36.228452],[127.7075146,36.2276274],[127.7073366,36.2273083],[127.7070715,36.2270368],[127.7063315,36.2265704],[127.706105,36.2263069],[127.7060661,36.2258916],[127.7059151,36.2249259],[127.705916,36.2240183],[127.7061629,36.2228249],[127.7065153,36.2220188],[127.7073185,36.2203785],[127.7080954,36.2192889],[127.7084569,36.2188396],[127.7087143,36.2181962],[127.7094231,36.2167644],[127.7092084,36.2161781],[127.7090222,36.2151521],[127.7085407,36.213537],[127.7077507,36.2116313],[127.7071049,36.2095696],[127.7063757,36.2080231],[127.7054522,36.2072443],[127.7040425,36.2064935],[127.7021398,36.2052664],[127.7006676,36.2039832],[127.6988344,36.2031595],[127.6961275,36.2023761],[127.6946109,36.2019996],[127.6933822,36.2017076],[127.6925413,36.2013392],[127.6919757,36.200408],[127.6914333,36.199664],[127.6913111,36.1986508],[127.691431,36.1979797],[127.6912222,36.1973507],[127.691346,36.1961589],[127.6919498,36.1953245],[127.6926821,36.1944192],[127.6933541,36.1938659],[127.6940416,36.1934031],[127.6944888,36.1929406],[127.6949447,36.1921744],[127.6965487,36.1912262],[127.6975787,36.1910098],[127.699129,36.190763],[127.700513,36.1906418],[127.7011025,36.190662],[127.7020258,36.1906937],[127.7029324,36.1907587],[127.7034044,36.190776],[127.7037661,36.190841],[127.7048272,36.1904734],[127.7054161,36.1897239],[127.7059847,36.1888494],[127.7064729,36.1884467],[127.7068055,36.18778],[127.7070683,36.1868578],[127.7069664,36.1860308],[127.7074492,36.1847492],[127.7079715,36.18386],[127.7078493,36.1831291],[127.7072771,36.1822951],[127.7064049,36.1814252],[127.7052772,36.1804611],[127.704255,36.1797616],[127.7030717,36.1790755],[127.7012662,36.1780352],[127.6983441,36.1769231],[127.6957831,36.1758424],[127.6947498,36.1750756],[127.6935443,36.174098],[127.692461,36.1735195],[127.6912944,36.1730307],[127.6902944,36.1723939],[127.68935,36.1715867],[127.6888001,36.1712772],[127.6879168,36.1709454],[127.6872668,36.1702368],[127.6864446,36.1690394],[127.6857835,36.1679765],[127.6846725,36.167102],[127.6838461,36.1665627],[127.683242,36.1661142],[127.682735,36.1655367],[127.68236,36.1649201],[127.6819989,36.1644267],[127.6815337,36.1641352],[127.6813531,36.163625],[127.6814642,36.162728],[127.6819434,36.1618366],[127.6823392,36.1612479],[127.6827767,36.1608947],[127.6837628,36.1607097],[127.6849502,36.1606593],[127.6857557,36.1607882],[127.6866932,36.1609059],[127.6880682,36.1607658],[127.6897834,36.1610685],[127.6912139,36.1611078],[127.6944776,36.1607546],[127.6972761,36.160749],[127.6990122,36.1611582],[127.700526,36.1609284],[127.7019704,36.1606705],[127.7029495,36.1602948],[127.7050675,36.1592632],[127.7062063,36.1584615],[127.7063799,36.1576205],[127.7064563,36.156073],[127.705623,36.1552768],[127.7053105,36.1547778],[127.7050466,36.1539592],[127.7047758,36.1522379],[127.703887,36.1508753],[127.7029287,36.1499557],[127.7016787,36.1492156],[127.6999774,36.1481221],[127.6982622,36.1470231],[127.6971581,36.14621],[127.695672,36.145638],[127.6948526,36.1450156],[127.6940193,36.1441744],[127.6939429,36.1437651],[127.6940401,36.1426435],[127.6943248,36.1414042],[127.6954012,36.1396433],[127.6960262,36.1377478],[127.6967761,36.1347025],[127.6968039,36.1339061],[127.6968664,36.1324144],[127.6974219,36.1309506],[127.6977067,36.1300924],[127.6974706,36.1293465],[127.6969567,36.1287688],[127.6966742,36.1285085],[127.6960678,36.1279499],[127.6951929,36.127159],[127.6945818,36.1266542],[127.6936721,36.1263682],[127.6925263,36.1263682],[127.6908528,36.1268281],[127.6889987,36.1277592],[127.6886562,36.1279513],[127.6855163,36.129712],[127.6840775,36.1302627],[127.682765,36.1308573],[127.6818137,36.131233],[127.6807929,36.1311096],[127.6790082,36.1315079],[127.6760084,36.1323099],[127.673071,36.1332744],[127.6706891,36.1338801],[127.6688559,36.13457],[127.6679531,36.1347214],[127.6668559,36.1350186],[127.6655643,36.1349233],[127.6633769,36.1351364],[127.6618561,36.1351869],[127.6607173,36.1350972],[127.6575577,36.1350467],[127.6550995,36.1343288],[127.6491622,36.1319453],[127.6464123,36.130818],[127.644468,36.1301506],[127.6425739,36.129404],[127.6413726,36.1289497],[127.6400324,36.1283384],[127.6387685,36.1273961],[127.6376575,36.1266669],[127.6375029,36.1265934],[127.6371505,36.1264257],[127.6350256,36.125691],[127.6332618,36.1250572],[127.6312202,36.1248889],[127.6287689,36.1247206],[127.6267273,36.1247767],[127.6255954,36.124973],[127.6237066,36.1261397],[127.6215817,36.1285291],[127.6206026,36.1299705],[127.619061,36.1310418],[127.6169708,36.1323822],[127.6156583,36.1328476],[127.6138667,36.1331393],[127.6114849,36.1334309],[127.6079642,36.1332682],[127.605999,36.1331168],[127.6046796,36.1326064],[127.6027908,36.1312549],[127.6012214,36.1298135],[127.6002839,36.1287254],[127.5993257,36.1275195],[127.5989298,36.1262575],[127.598291,36.1249169],[127.5980271,36.1239578],[127.5981729,36.1227182],[127.5983257,36.1214505],[127.5987708,36.1202829],[127.5988841,36.1191855],[127.598318,36.1175908],[127.5976954,36.1169392],[127.5965633,36.1164019],[127.5958062,36.1163334],[127.595042,36.116642],[127.5944689,36.1169964],[127.5937543,36.1173679],[127.5923746,36.1174822],[127.5909311,36.1174651],[127.5900396,36.1171621],[127.5893604,36.1164477],[127.5887024,36.1152016],[127.5881646,36.1135154],[127.5872589,36.1118063],[127.5867424,36.1111147],[127.5859287,36.1106517],[127.5852566,36.1106059],[127.5844995,36.110886],[127.5837212,36.1114119],[127.5828933,36.1119035],[127.5818037,36.1126294],[127.5806716,36.1136983],[127.5783311,36.1150237],[127.5757594,36.1164148],[127.5740661,36.1176997],[127.5721792,36.1183554],[127.5706158,36.1186306],[127.5680633,36.1191797],[127.5678207,36.1191955],[127.5667945,36.1189779],[127.5658324,36.1186256],[127.5649473,36.1179728],[127.564524,36.1171852],[127.5645112,36.1157241],[127.5647549,36.1144184],[127.565191,36.1133925],[127.5662301,36.1120246],[127.5679874,36.1101593],[127.5700142,36.1085011],[127.5718285,36.1075128],[127.5731882,36.1065076],[127.5747168,36.1046781],[127.5770729,36.1035771],[127.5784357,36.1029668],[127.5792978,36.1027479],[127.5813748,36.102476],[127.5835586,36.102131],[127.5853729,36.1017927],[127.5873186,36.101355],[127.590671,36.1002089],[127.5945006,36.0982153],[127.5968651,36.0968655],[127.5998655,36.0959665],[127.6029902,36.0949544],[127.6048624,36.0943284],[127.6057921,36.0935668],[127.6065409,36.0928678],[127.6078579,36.0915427],[127.608439,36.0901967],[127.6086197,36.0891533],[127.6083099,36.0881829],[127.6073802,36.0874421],[127.6062827,36.0873482],[127.6052239,36.0875673],[127.6042039,36.0874734],[127.6031322,36.0871187],[127.6011696,36.0869517],[127.5993362,36.0870769],[127.596431,36.0876717],[127.5929835,36.0877969],[127.5894457,36.0875047],[127.5875089,36.0870143],[127.5855851,36.0868578],[127.5809885,36.0874212],[127.5788451,36.0876821],[127.5774119,36.0881934],[127.5762111,36.0883812],[127.5746359,36.0878177],[127.572415,36.087536],[127.5674569,36.08691],[127.5646292,36.0862109],[127.5630798,36.0850005],[127.5619307,36.08355],[127.5617886,36.0827048],[127.5630282,36.0810561],[127.5634996,36.080742],[127.5654556,36.0794386],[127.5677539,36.0785412],[127.5698714,36.078009],[127.5721568,36.0775707],[127.5764435,36.0764749],[127.5776185,36.0756505],[127.5788064,36.074419],[127.5810789,36.0735007],[127.5855851,36.0723631],[127.5884902,36.0721648],[127.5902979,36.0720605],[127.5938874,36.0705367],[127.5962244,36.0689817],[127.5984065,36.067698],[127.5992199,36.0666751],[127.599646,36.0653601],[127.5994911,36.0640345],[127.5989359,36.0632204],[127.5977351,36.0625211],[127.5955272,36.061874],[127.5926866,36.0609972],[127.5903495,36.0595881],[127.586476,36.0568846],[127.5840486,36.0553084],[127.5825508,36.0538574],[127.5817374,36.0523439],[127.580614,36.051373],[127.5802267,36.0506423],[127.5802396,36.0496819],[127.5806528,36.0487424],[127.5818277,36.0480638],[127.5827445,36.0482099],[127.5841002,36.0479176],[127.5859983,36.0480847],[127.588671,36.0478654],[127.5919506,36.0485127],[127.5934613,36.0489929],[127.5960178,36.0487737],[127.5974639,36.0490555],[127.5989875,36.049233],[127.6007435,36.0487841],[127.6026287,36.0475209],[127.6030548,36.0465292],[127.604772,36.0439818],[127.6071736,36.0418311],[127.607703,36.0407036],[127.6085164,36.0398892],[127.6088263,36.0387512],[127.6099497,36.0375923],[127.6121447,36.0366735],[127.6143009,36.0358799],[127.6156954,36.0356502],[127.6174385,36.0366735],[127.6197626,36.0388138],[127.6212238,36.0399902],[127.6227065,36.0411838],[127.6241268,36.0419878],[127.6258054,36.0422696],[127.6283028,36.0420656],[127.6301142,36.0416855],[127.6306852,36.0413127],[127.6315859,36.0397525],[127.6315124,36.0383858],[127.6314216,36.0366853],[127.6314619,36.0359615],[127.6324291,36.034982],[127.6333717,36.0343764],[127.6344405,36.0342577],[127.6360666,36.034743],[127.63771,36.0347001],[127.6391628,36.034014],[127.6394833,36.0329767],[127.6400607,36.0315215],[127.6408138,36.0301933],[127.6422433,36.0283822],[127.6438346,36.0270926],[127.6453151,36.0262839],[127.6462835,36.0260647],[127.6477425,36.0263884],[127.6494081,36.0264301],[127.6513707,36.0268061],[127.6534883,36.0265241],[127.6564495,36.0253609],[127.6575085,36.0246156],[127.6584252,36.0236009],[127.6585964,36.0223792],[127.6584104,36.0219087],[127.6581229,36.021494],[127.6580644,36.0202426],[127.6579662,36.0199598],[127.6575413,36.0196764],[127.6572249,36.019347],[127.6568788,36.0189193],[127.6564518,36.0186016],[127.6546615,36.01797],[127.6529816,36.0175308],[127.6524813,36.0170405],[127.6520294,36.0169234],[127.6515037,36.0168821],[127.6504603,36.0168843],[127.6491567,36.0169689],[127.6479128,36.0171172],[127.6474026,36.0172336],[127.6468956,36.0176827],[127.6462189,36.0178774],[127.6455143,36.0180515],[127.643678,36.0182209],[127.6419336,36.0185077],[127.6410227,36.0188408],[127.6401563,36.0196411],[127.6393881,36.0200821],[127.6385947,36.0204131],[127.6378429,36.0210111],[127.6374489,36.0219304],[127.6369552,36.0226805],[127.6364484,36.0231452],[127.6358288,36.0235118],[127.6355797,36.0242097],[127.6352552,36.0253521],[127.6351717,36.0260585],[127.6351767,36.0267654],[127.6352119,36.0272733],[127.635389,36.0276659],[127.6355781,36.028526],[127.6352709,36.0291019],[127.6350583,36.0297101],[127.6337332,36.0311395],[127.6331005,36.0316407],[127.6317706,36.0322046],[127.630402,36.0328937],[127.6294336,36.0327893],[127.628052,36.0321732],[127.6274322,36.0313379],[127.6273677,36.0302937],[127.6279491,36.027973],[127.6277072,36.0268607],[127.6269427,36.0260065],[127.6259657,36.0253842],[127.6243302,36.0242077],[127.6230222,36.0243536],[127.621447,36.0249286],[127.6200413,36.0256813],[127.619572,36.0260911],[127.6192643,36.0265688],[127.6187512,36.0267267],[127.6182313,36.0268387],[127.6174844,36.02688],[127.6159099,36.0267206],[127.6127805,36.0265478],[127.6107595,36.0258442],[127.610085,36.0255097],[127.609512,36.0249336],[127.6095261,36.0238458],[127.6105064,36.0224509],[127.6116821,36.0220295],[127.6127055,36.0219006],[127.6135862,36.0213357],[127.6140359,36.0209238],[127.6147386,36.0203793],[127.6158437,36.0196829],[127.616291,36.019378],[127.6165652,36.0190863],[127.6167583,36.0187501],[127.6169381,36.0180992],[127.6171339,36.0169133],[127.61719,36.0156923],[127.6172841,36.0142549],[127.6175237,36.0128744],[127.6176361,36.0119614],[127.6190421,36.0081829],[127.6191294,36.007325],[127.6188344,36.0067522],[127.6186643,36.0060754],[127.6189536,36.0041108],[127.6190865,36.0034454],[127.6190658,36.0027756],[127.6189706,36.0021172],[127.6184253,36.0010316],[127.6175744,35.9998991],[127.6173765,35.9989885],[127.6176239,35.9974774],[127.6178465,35.9959163],[127.6175868,35.9939148],[127.6168075,35.9922836],[127.6170054,35.9910326],[127.6169742,35.990624],[127.6168817,35.9894113],[127.6166962,35.9888008],[127.6154222,35.9880102],[127.6136658,35.9872695],[127.6111549,35.9869393],[127.6098809,35.9869293],[127.6085203,35.9873296],[127.6075431,35.98777],[127.6068628,35.9887207],[127.6058238,35.9901719],[127.6056878,35.991533],[127.6062567,35.9931342],[127.6066854,35.9941127],[127.6072463,35.9948555],[127.6078647,35.9961064],[127.6083595,35.9980278],[127.609015,36.0002994],[127.6089779,36.0018504],[127.6084337,36.0034214],[127.6074071,36.0051324],[127.6048962,36.0065133],[127.6034613,36.0065333],[127.6021379,36.006123],[127.6015813,36.0055527],[127.6006783,36.0046722],[127.6002825,36.0037516],[127.6003567,36.0023907],[127.6007154,36.0009598],[127.6004928,35.9989184],[127.600473,35.9972012],[127.6004512,35.9950809],[127.6002286,35.9935397],[127.6001049,35.9922988],[127.5996349,35.9915382],[127.5982001,35.9901971],[127.5953181,35.988826],[127.5942791,35.9878652],[127.5920032,35.9871847],[127.5898139,35.9869144],[127.5878472,35.9870045],[127.5857321,35.9872547],[127.584891,35.9877852],[127.5841365,35.9900971],[127.5838273,35.991278],[127.5834933,35.9929793],[127.583951,35.9937399],[127.5838149,35.9949108],[127.5831841,35.996632],[127.5826893,35.9979329],[127.5819843,35.9986735],[127.5805247,35.9986034],[127.5797084,35.9979529],[127.5797331,35.9970423],[127.5799331,35.9966458],[127.5801166,35.9962818],[127.5799805,35.9956713],[127.5789044,35.9947707],[127.5751937,35.9926991],[127.5748141,35.9924936],[127.5735115,35.9917884],[127.5721451,35.991312],[127.5719901,35.991258],[127.5699987,35.9906475],[127.5676362,35.9901071],[127.5673394,35.9895666],[127.5673394,35.9883857],[127.567797,35.9871446],[127.568836,35.9860537],[127.570444,35.9847626],[127.5715077,35.9839519],[127.5718664,35.9835816],[127.5720396,35.982891],[127.5718912,35.98184],[127.5714088,35.980679],[127.5708769,35.9801485],[127.5699596,35.9799417],[127.5689188,35.9799856],[127.5678589,35.9801285],[127.566189,35.9819701],[127.5638389,35.9837918],[127.5627133,35.9842722],[127.5615878,35.9843823],[127.5605789,35.9838991],[127.5597696,35.9826534],[127.5589318,35.9811289],[127.5584443,35.9800876],[127.5579854,35.9783353],[127.5578624,35.9777481],[127.5579884,35.9771957],[127.5580903,35.9768052],[127.5578428,35.9766427],[127.5571081,35.9761824],[127.5563536,35.9755705],[127.556283,35.9747424],[127.5562371,35.9738784],[127.5564051,35.9725511],[127.5569865,35.9716602],[127.5586934,35.9702787],[127.5593366,35.9694078],[127.5596706,35.9680363],[127.5595098,35.9670953],[127.5590397,35.9658439],[127.5584793,35.9654854],[127.5577068,35.9653899],[127.5569022,35.965086],[127.5559044,35.9651207],[127.5550322,35.9657038],[127.554723,35.9664846],[127.5544879,35.9679562],[127.5541292,35.9690875],[127.5529666,35.97146],[127.5522244,35.9727212],[127.5507278,35.9736522],[127.5475489,35.9746532],[127.5453349,35.9750836],[127.5428497,35.9748859],[127.5401091,35.9741784],[127.5365529,35.9717703],[127.5349078,35.970569],[127.5346728,35.9689773],[127.534648,35.9648128],[127.5351552,35.9633812],[127.5356376,35.9619595],[127.5364295,35.9589961],[127.5362931,35.957244],[127.5362436,35.9551814],[127.5357365,35.9527584],[127.5343388,35.9513866],[127.5327185,35.950155],[127.5314197,35.9499247],[127.5306157,35.9504454],[127.5301333,35.9519573],[127.5299725,35.9531689],[127.5297283,35.9538929],[127.5294453,35.9545318],[127.5290989,35.9549051],[127.5281251,35.9548586],[127.5268207,35.9541835],[127.52592,35.9531449],[127.5258026,35.9529068],[127.5254324,35.952156],[127.5244709,35.9497416],[127.524221,35.9492213],[127.5235479,35.9482291],[127.5226444,35.9456485],[127.5221024,35.9442892],[127.521615,35.9420623],[127.5236669,35.9409637],[127.5238169,35.9369321],[127.5218294,35.9338517],[127.5153561,35.9311389],[127.511438,35.9294837],[127.5135958,35.9250695],[127.5174003,35.9210229],[127.5195013,35.9186317],[127.5196149,35.9161484],[127.5181953,35.913481],[127.5162646,35.9123313],[127.5139365,35.9123313],[127.511438,35.9144468],[127.5085989,35.9170221],[127.505419,35.9187236],[127.5013873,35.9190455],[127.4968446,35.9179879],[127.4943462,35.9160104],[127.4931537,35.9133891],[127.4936648,35.908652],[127.4942326,35.9050186],[127.4969014,35.9012469],[127.4977532,35.8980271],[127.4966175,35.8946692],[127.4948572,35.8921391],[127.4903972,35.8885316],[127.4871384,35.8863577],[127.4867891,35.8829011],[127.4954818,35.8823402],[127.5006492,35.8831683],[127.5037722,35.8850546],[127.5098481,35.8857907],[127.5130848,35.8842725],[127.5134823,35.8818801],[127.5123466,35.8780614],[127.5098481,35.8740124],[127.5074632,35.8721719],[127.5049079,35.8715277],[127.4993431,35.8718498],[127.4940622,35.8716657],[127.4907688,35.8707915],[127.4889517,35.8678005],[127.4890653,35.8656377],[127.4913366,35.861358],[127.4909959,35.8574003],[127.4895763,35.852982],[127.4889298,35.8466096],[127.4906125,35.8439596],[127.4913843,35.8404502],[127.4924,35.8370166],[127.4937517,35.8342055],[127.494509,35.8326806],[127.4958875,35.8307137],[127.4981481,35.8294844],[127.4999952,35.8290932],[127.5013599,35.8293391],[127.5026556,35.8301438],[127.5035792,35.8313843],[127.5051368,35.8328147],[127.5063498,35.8328818],[127.5072045,35.8323007],[127.5077421,35.8310378],[127.5081969,35.8299873],[127.5087208,35.8291603],[127.5098235,35.828635],[127.5122633,35.8277745],[127.5127182,35.8271598],[127.5123938,35.8265294],[127.5112847,35.8259793],[127.5086105,35.8249804],[127.5075629,35.8241533],[127.506524,35.8228962],[127.5068599,35.8221639],[127.5070804,35.8210909],[127.5066944,35.8195708],[127.5070528,35.8184419],[127.5081832,35.8169776],[127.5088448,35.8163852],[127.5100854,35.8163181],[127.511836,35.816497],[127.5128561,35.8166534],[127.5133474,35.8164224],[127.5140598,35.816144],[127.5142315,35.8159908],[127.5144632,35.815782],[127.5149353,35.8155036],[127.5151069,35.8153784],[127.5155533,35.8149329],[127.5155361,35.8146823],[127.5154503,35.8142647],[127.5153644,35.8140072],[127.5153816,35.8137636],[127.5153215,35.8135409],[127.5152099,35.813172],[127.5150211,35.8130815],[127.5148494,35.8129144],[127.5146778,35.8127892],[127.5144203,35.8125456],[127.5142057,35.8123855],[127.5139482,35.812288],[127.5136049,35.8122184],[127.5128324,35.8120235],[127.5124462,35.8118495],[127.5122059,35.8116755],[127.5118454,35.8115363],[127.5117424,35.8114667],[127.5115707,35.8111326],[127.5113991,35.8108959],[127.5112274,35.8108263],[127.5110042,35.8107359],[127.5107296,35.8106871],[127.5105751,35.8104226],[127.5105407,35.810353],[127.5104034,35.8102695],[127.5101717,35.8101581],[127.5100601,35.8100189],[127.5100858,35.8098658],[127.5099399,35.8097266],[127.5095709,35.8096918],[127.5095966,35.8095734],[127.509485,35.8092393],[127.5094249,35.8090653],[127.5093391,35.8089609],[127.5092275,35.8088774],[127.5090505,35.8081831],[127.5090129,35.8080908],[127.5089743,35.8079299],[127.5088799,35.8077507],[127.5086868,35.8077559],[127.5086697,35.8076166],[127.5086868,35.8073521],[127.5087555,35.8072338],[127.50891,35.8071294],[127.5090559,35.807025],[127.5091675,35.8069554],[127.5094851,35.806851],[127.509631,35.8067953],[127.5098713,35.8067257],[127.509956,35.8067474],[127.5103337,35.8067195],[127.5105053,35.8067891],[127.5108744,35.8068727],[127.5116726,35.8069562],[127.5123078,35.8070467],[127.5126768,35.8072764],[127.5132776,35.8073947],[127.5137325,35.8074643],[127.514196,35.8074991],[127.5146725,35.807473],[127.5158408,35.8075374],[127.5163557,35.8074678],[127.5166733,35.8073982],[127.5170137,35.8073924],[127.5174029,35.8073077],[127.5176432,35.8073077],[127.5179007,35.807259],[127.5181207,35.8071346],[127.5184114,35.8069423],[127.5185359,35.8067813],[127.5187805,35.8065386],[127.5188148,35.806281],[127.5189264,35.8060374],[127.5190122,35.8058146],[127.5189865,35.8056545],[127.5188663,35.805376],[127.5189264,35.8051672],[127.5188835,35.8048679],[127.5188663,35.8046312],[127.5188663,35.8043806],[127.5188406,35.8042274],[127.518729,35.8040534],[127.5187547,35.8038794],[127.5186088,35.8034965],[127.5186088,35.803406],[127.5184715,35.803239],[127.5184372,35.8031137],[127.5183256,35.8029605],[127.5182398,35.8028352],[127.5181797,35.8026612],[127.5180252,35.8026264],[127.5178964,35.8025429],[127.5178696,35.8021931],[127.5174722,35.8015754],[127.5172491,35.8009128],[127.5170902,35.8003219],[127.516865,35.799774],[127.5167193,35.7993121],[127.5166266,35.7987964],[127.5173021,35.7980874],[127.5180041,35.7979585],[127.518971,35.7977759],[127.5196862,35.7976362],[127.5206664,35.7972065],[127.5211962,35.7969701],[127.5215273,35.7964652],[127.5219379,35.7961537],[127.5223618,35.7959603],[127.5228518,35.7957776],[127.5229711,35.795552],[127.5229578,35.7950364],[127.5227724,35.7948],[127.5224015,35.7946603],[127.5218055,35.7945422],[127.5211167,35.7942843],[127.5209445,35.7941232],[127.5206531,35.7938116],[127.5203485,35.7934893],[127.520322,35.7931133],[127.5204147,35.7928232],[127.5207061,35.7924579],[127.5210373,35.7923612],[127.521726,35.7923612],[127.5223088,35.7925116],[127.5227061,35.7928769],[127.5229578,35.7929414],[127.5235538,35.7930381],[127.5240042,35.7929736],[127.5244545,35.7925868],[127.5249711,35.7923612],[127.5254876,35.7922323],[127.5260837,35.7920389],[127.5262823,35.7913083],[127.5264148,35.7908678],[127.5264148,35.790191],[127.5262294,35.7895356],[127.5265605,35.7892132],[127.5274612,35.7889232],[127.5279773,35.7888825],[127.5288254,35.7888157],[127.5296996,35.7888802],[127.5308519,35.7888479],[127.5317658,35.7889876],[127.5319418,35.789066],[127.5324414,35.7892885],[127.5328886,35.789539],[127.5329976,35.7896],[127.5337924,35.7904703],[127.5342824,35.7911257],[127.5353257,35.7926532],[127.5357803,35.7933898],[127.5359704,35.7936978],[127.5370639,35.7946818],[127.538256,35.7965082],[127.5391964,35.7969164],[127.5400573,35.7969486],[127.5406136,35.7969701],[127.5413421,35.7968412],[127.5416732,35.7963041],[127.5415143,35.7953157],[127.5413554,35.7943488],[127.5411302,35.7927158],[127.5412097,35.7909753],[127.5414348,35.7902554],[127.5417792,35.7896323],[127.5424282,35.7890736],[127.5432627,35.7885578],[127.544958,35.7880744],[127.5463404,35.7873052],[127.546477,35.7872292],[127.5465607,35.7871826],[127.5469846,35.7862156],[127.54717,35.7856891],[127.5468653,35.7851304],[127.5460441,35.7848403],[127.5453157,35.7845072],[127.5443753,35.7835401],[127.5442296,35.7826698],[127.5435673,35.7808539],[127.5430772,35.7801769],[127.5427726,35.7789412],[127.5427858,35.7778666],[127.5433819,35.7748148],[127.5435276,35.7729987],[127.5432627,35.7718811],[127.5428785,35.7713007],[127.542256,35.770613],[127.5410242,35.7697962],[127.5399249,35.7695383],[127.5385871,35.7691944],[127.5368785,35.7683239],[127.5365738,35.767851],[127.5366798,35.7674964],[127.5369182,35.7672814],[127.5378189,35.7672062],[127.5384944,35.7671095],[127.5400706,35.7670557],[127.5411832,35.7671417],[127.5419779,35.766959],[127.5425872,35.7664324],[127.5428653,35.7658843],[127.5432097,35.7650997],[127.5433421,35.7642614],[127.5433686,35.7633586],[127.5426931,35.7621764],[127.5420044,35.761424],[127.5404812,35.76036],[127.5392494,35.7595216],[127.5382427,35.7591347],[127.5381633,35.758737],[127.5384944,35.7575547],[127.5386401,35.7568668],[127.5392626,35.7562326],[127.5410242,35.7548568],[127.5438657,35.7507974],[127.5438984,35.7507507],[127.544038,35.7499692],[127.5440112,35.7492552],[127.5440059,35.7488808],[127.5438717,35.7485195],[127.5437559,35.7481751],[127.5435145,35.7477789],[127.5431443,35.7474567],[127.5428868,35.7473653],[127.5426293,35.7472042],[127.5423665,35.747078],[127.5420264,35.7469695],[127.5418301,35.7468211],[127.5418011,35.7465646],[127.5417549,35.7461245],[127.5418708,35.7457897],[127.5421712,35.7454109],[127.5425682,35.7452454],[127.5428707,35.7450621],[127.5433192,35.7449581],[127.5436464,35.7448623],[127.5440863,35.7447883],[127.544464,35.7446877],[127.5447408,35.7445575],[127.54495,35.7442571],[127.5450036,35.7440437],[127.5449285,35.7438522],[127.5448695,35.7436214],[127.5446893,35.743338],[127.5445766,35.7430724],[127.5446335,35.7428246],[127.5446657,35.7425765],[127.5446281,35.7424066],[127.5445906,35.7423065],[127.5446764,35.7421367],[127.5448105,35.7419799],[127.5451345,35.7417966],[127.5452772,35.7416403],[127.5456281,35.7414919],[127.5458834,35.7413007],[127.5460926,35.7411919],[127.5462589,35.7412267],[127.5464381,35.7412611],[127.5466934,35.7412572],[127.5467524,35.7411657],[127.546717,35.7410042],[127.5466527,35.7408649],[127.5464949,35.7404691],[127.5462589,35.7401817],[127.546025,35.7401421],[127.5453813,35.7401377],[127.5446603,35.7401425],[127.5441668,35.7401382],[127.5437505,35.740129],[127.5429888,35.7400158],[127.5421605,35.7399204],[127.5414578,35.7397724],[127.5409589,35.7395678],[127.5406424,35.7394589],[127.5398433,35.7389059],[127.5392479,35.7389756],[127.5387061,35.7394023],[127.5385398,35.7395199],[127.538193,35.7396588],[127.5378872,35.739698],[127.5375492,35.7396457],[127.5372235,35.7395746],[127.5369117,35.7393598],[127.5365461,35.7390971],[127.5364288,35.7389534],[127.5362573,35.7387172],[127.5358048,35.7381388],[127.5356073,35.7377124],[127.535525,35.7373384],[127.5354874,35.7370641],[127.5354717,35.7367843],[127.5355303,35.7363412],[127.5356914,35.7358486],[127.535761,35.7356358],[127.5360936,35.7351656],[127.5362063,35.7349173],[127.5365303,35.734459],[127.5367137,35.7339632],[127.5367937,35.7336034],[127.5367642,35.7330841],[127.5365461,35.7327788],[127.53604,35.7322132],[127.5354518,35.7310675],[127.5355089,35.7304844],[127.5354035,35.7300877],[127.5351495,35.728908],[127.5348134,35.7283937],[127.5347847,35.727767],[127.5347686,35.727484],[127.5346774,35.7270572],[127.5344808,35.7266605],[127.533803,35.7264998],[127.5331378,35.7261122],[127.5328535,35.7258683],[127.5326336,35.7255722],[127.5324565,35.7252412],[127.5321776,35.7246228],[127.5320274,35.7243223],[127.5317323,35.7235079],[127.5315196,35.7227366],[127.5312461,35.7222009],[127.5307901,35.7216043],[127.5304073,35.7210559],[127.5299245,35.7206378],[127.5298815,35.7206002],[127.5296509,35.7203983],[127.5290448,35.7198582],[127.5287623,35.7193221],[127.5283761,35.7187733],[127.5281508,35.7184118],[127.5279665,35.7179898],[127.5276393,35.7176283],[127.5275446,35.7172925],[127.5273442,35.71684],[127.527296,35.7164959],[127.5273013,35.7156901],[127.5270546,35.7142528],[127.5269312,35.7135341],[127.5267756,35.7131247],[127.5265289,35.7121708],[127.5264544,35.7119374],[127.5262982,35.7114478],[127.5262284,35.7110688],[127.5261499,35.7105936],[127.5259388,35.7097839],[127.5257135,35.7093701],[127.5254452,35.7088561],[127.524959,35.7082937],[127.5240363,35.7070915],[127.5237018,35.706713],[127.5232477,35.7064686],[127.5228186,35.7060461],[127.5226611,35.7056327],[127.5225342,35.7050267],[127.5223787,35.7044953],[127.5224752,35.7040945],[127.5225002,35.7036027],[127.5224948,35.7032717],[127.5225002,35.7028317],[127.5223983,35.7025093],[127.5222303,35.702191],[127.522167,35.702071],[127.5220925,35.7019299],[127.5216901,35.7013418],[127.5210518,35.7008017],[127.5207031,35.7005403],[127.5201782,35.6999308],[127.5196053,35.6992809],[127.5193199,35.6984845],[127.5193628,35.6977526],[127.5198349,35.6969684],[127.520028,35.6957835],[127.5202855,35.694825],[127.5208005,35.6941105],[127.5212082,35.693518],[127.5215086,35.6932043],[127.5223089,35.6928854],[127.5228819,35.6928209],[127.5235256,35.6922633],[127.5236329,35.6920193],[127.5238045,35.6911305],[127.523547,35.6905728],[127.5230385,35.6895916],[127.5224527,35.6889695],[127.5215515,35.6879238],[127.5208863,35.6873487],[127.5205001,35.6868084],[127.5191482,35.6856058],[127.5182899,35.6850481],[127.5176676,35.6843858],[127.5175333,35.6839341],[127.517438,35.6836137],[127.5178608,35.6826429],[127.518747,35.6815222],[127.5197919,35.6806385],[127.5205644,35.6798542],[127.5210365,35.6790699],[127.5213798,35.6778672],[127.5217017,35.6759673],[127.5221738,35.6750086],[127.5224098,35.6742067],[127.5230106,35.6734398],[127.5233754,35.672882],[127.5241049,35.6726554],[127.5245341,35.6722544],[127.524577,35.6717141],[127.5245556,35.6712957],[127.5240191,35.6706856],[127.5236758,35.6701975],[127.5230964,35.6698314],[127.5226673,35.6696397],[127.5208863,35.6694828],[127.5201846,35.6694253],[127.5193843,35.6689075],[127.5192555,35.6682277],[127.5191332,35.6676472],[127.519234,35.6666762],[127.5191268,35.6657174],[127.5189336,35.6650026],[127.5180968,35.6638694],[127.5176676,35.6631198],[127.5171527,35.6612021],[127.5171741,35.6598248],[127.5171956,35.6588136],[127.5171312,35.6579768],[127.5170239,35.6574799],[127.5168277,35.6569547],[127.5165089,35.6565123],[127.5152,35.6549431],[127.51417,35.654019],[127.5135049,35.6529206],[127.5124534,35.6518919],[127.5118312,35.6508283],[127.5111874,35.6500959],[127.5109943,35.6492764],[127.5111874,35.6484046],[127.511718,35.6476396],[127.5123286,35.6469106],[127.5124923,35.6465059],[127.5125281,35.6462152],[127.5126895,35.6451962],[127.5130703,35.6444301],[127.5134955,35.6439405],[127.5138859,35.6436356],[127.5142595,35.6432297],[127.5145072,35.6429924],[127.5145735,35.6426917],[127.514542,35.6421471],[127.5142082,35.6418823],[127.5138267,35.6414819],[127.5133611,35.6407792],[127.5130392,35.6400991],[127.5131401,35.6391975],[127.5132255,35.6388735],[127.5133332,35.6384651],[127.5131401,35.6377501],[127.512904,35.6368084],[127.5128155,35.636041],[127.5128155,35.6355527],[127.5128584,35.6350993],[127.5129684,35.6347679],[127.5128737,35.634569],[127.5126144,35.6343538],[127.5120798,35.6341286],[127.5112537,35.633963],[127.5100931,35.6335646],[127.5095352,35.6329716],[127.5093056,35.6323386],[127.5092991,35.6318206],[127.5090202,35.6315241],[127.5083979,35.6313671],[127.5070246,35.6314195],[127.5063659,35.6312049],[127.5060287,35.6310003],[127.5058445,35.630809],[127.5056666,35.6305883],[127.5054368,35.6301812],[127.5048619,35.6293522],[127.5045355,35.6289429],[127.5041324,35.6287178],[127.5035404,35.628423],[127.5028897,35.6281179],[127.5023683,35.6279313],[127.5023469,35.6275999],[127.5027806,35.6272647],[127.5030965,35.6270233],[127.5032875,35.6268537],[127.5033795,35.6267257],[127.5034659,35.6265398],[127.5034806,35.6264122],[127.5034506,35.6262581],[127.5032639,35.6258963],[127.5030877,35.6256568],[127.5029165,35.6253873],[127.5027975,35.6247395],[127.5027546,35.6240244],[127.5027135,35.6236401],[127.5028015,35.623355],[127.5029844,35.6229206],[127.5031757,35.6226465],[127.5039345,35.6219232],[127.5039991,35.6218616],[127.5041278,35.6216871],[127.5040206,35.6211987],[127.5039765,35.6211322],[127.5038637,35.6209623],[127.5032089,35.6203721],[127.5024935,35.6203461],[127.5022088,35.6200915],[127.5017117,35.619671],[127.5013364,35.6195074],[127.5008577,35.619556],[127.5002866,35.6197462],[127.4999929,35.6197506],[127.4991171,35.6193924],[127.4979477,35.6190476],[127.4975071,35.6189547],[127.4967184,35.6189724],[127.4961745,35.6187646],[127.4957285,35.6183578],[127.4952226,35.6182561],[127.4944557,35.6183445],[127.4925558,35.6175041],[127.4912423,35.6166123],[127.4905928,35.6161195],[127.4904196,35.615832],[127.4902247,35.6150165],[127.4900154,35.6142303],[127.4895896,35.6137492],[127.4894164,35.6134734],[127.4893514,35.6131918],[127.489171,35.6130333],[127.4889401,35.6129923],[127.4885864,35.6129571],[127.4882256,35.6127987],[127.4879585,35.6125112],[127.4878575,35.6121709],[127.4878286,35.6119772],[127.4878864,35.6116604],[127.4878214,35.6114726],[127.4875472,35.6112614],[127.4869193,35.6110091],[127.4866001,35.610651],[127.4865223,35.6106052],[127.4860449,35.6104853],[127.4854494,35.6103392],[127.4852831,35.6102498],[127.4851946,35.6101691],[127.4852503,35.6100651]]]}},{"type":"Feature","properties":{"name":"영산강","source":"OpenStreetMap contributors via Nominatim"},"geometry":{"type":"LineString","coordinates":[[126.8010073,35.0998385],[126.8016664,35.0953994],[126.8019471,35.0937881],[126.8014935,35.0922008],[126.8006034,35.0908101],[126.7994993,35.0893107],[126.7972801,35.0879186],[126.7955039,35.0865923],[126.7939691,35.0845792],[126.7914014,35.0822045],[126.7892807,35.0802432],[126.7888376,35.0795371],[126.788015,35.0779565],[126.786033,35.075091],[126.7845232,35.0739014],[126.7825866,35.0728512],[126.7795964,35.0717727],[126.7767176,35.0708219],[126.7726982,35.0691837],[126.7688698,35.0667814],[126.7639963,35.0638709],[126.7615595,35.0626641],[126.7577174,35.0598495],[126.7503023,35.0523994],[126.7477682,35.0500345],[126.7444149,35.0481297],[126.7413248,35.0473152],[126.7402245,35.04679],[126.7393953,35.046295],[126.7381807,35.0454363],[126.7360654,35.043635],[126.7348037,35.0421949],[126.7338913,35.0401541],[126.7333938,35.0389351],[126.733144,35.0371102],[126.7331421,35.0363567],[126.7333512,35.0352078],[126.7335165,35.034906],[126.7339737,35.0342856],[126.735564,35.0322135],[126.7363396,35.0316365],[126.736787,35.0312732],[126.7374532,35.0305148],[126.7380167,35.0290435],[126.7382363,35.0279491],[126.7383575,35.0271064],[126.7384017,35.0260926],[126.7386224,35.0210269],[126.7385402,35.0194205],[126.7382003,35.0176076],[126.7376594,35.015525],[126.737205,35.0135073],[126.736868,35.011481],[126.7368549,35.009949],[126.7366242,35.008679],[126.735954,35.0073905],[126.7340841,35.0060841],[126.7300803,35.0066652],[126.7253699,35.0074556],[126.7222568,35.0078203],[126.7199132,35.0077557],[126.7179315,35.0073018],[126.7169548,35.0069325],[126.7157502,35.006137],[126.7128223,35.0035246],[126.7107749,35.0018167],[126.7092406,35.0010252],[126.7064373,35.0002858],[126.7018902,34.9992174],[126.7009951,34.9989615],[126.6995299,34.9984261],[126.6977169,34.9978474],[126.696615,34.9975671],[126.6955989,34.9975403],[126.6949103,34.997554],[126.6939828,34.9976994],[126.6931603,34.9979421],[126.6918234,34.9983889],[126.690865,34.9987983],[126.6884841,35.0002894],[126.6852667,35.0022394],[126.683079,35.0033133],[126.6822717,35.0036562],[126.681588,35.0038495],[126.6809257,35.0039636],[126.6802978,35.0039674],[126.6798409,35.0039098],[126.6794061,35.003731],[126.6783892,35.0031529],[126.6771629,35.002464],[126.6747729,35.0007721],[126.671806,34.9979105],[126.663608,34.9897224],[126.662053,34.9872641],[126.6599982,34.985013],[126.6584962,34.983538],[126.6572134,34.9825403],[126.6555627,34.981824],[126.6541934,34.981374],[126.6522495,34.9811572],[126.6504668,34.9810873],[126.6481129,34.9816577],[126.64617,34.98232],[126.645375,34.98301],[126.64396,34.983495],[126.6430459,34.983534],[126.64091,34.983625],[126.63913,34.983145],[126.63554,34.980375],[126.635015,34.979595],[126.63452,34.97779],[126.632475,34.97582],[126.63172,34.974775],[126.630425,34.973955],[126.62941,34.9737],[126.627335,34.972575],[126.62202,34.97035],[126.620145,34.97031],[126.616385,34.97075],[126.613645,34.971375],[126.61205,34.972275],[126.611485,34.972965],[126.61081,34.974625],[126.60884,34.98086],[126.608025,34.98163],[126.60575,34.98236],[126.6029387,34.9824975],[126.60115,34.982585],[126.59964,34.9832],[126.598505,34.98453],[126.59539,34.98961],[126.59385,34.990975],[126.593005,34.99123],[126.5908564,34.9910198],[126.59045,34.99098],[126.587685,34.989005],[126.5864535,34.9875272],[126.5840599,34.984655],[126.583385,34.983845],[126.581675,34.97829],[126.581015,34.97686],[126.57972,34.9758],[126.57897,34.97483],[126.578585,34.97463],[126.57449,34.973325],[126.57184,34.97321],[126.57113,34.973455],[126.57023,34.974975],[126.56922,34.977525],[126.568475,34.981105],[126.56747,34.983785],[126.56665,34.985055],[126.56545,34.98625],[126.5635266,34.9874584],[126.562975,34.987805],[126.5619,34.988175],[126.56046,34.988525],[126.55734,34.98833],[126.5551053,34.9880193],[126.5535459,34.9876828],[126.552268,34.9871971],[126.55115,34.98654],[126.548625,34.98488],[126.54482,34.981785],[126.5426275,34.9784644],[126.54138,34.976575],[126.539148,34.97119],[126.5382615,34.9690512],[126.5368655,34.9656829],[126.536655,34.965175],[126.5364041,34.96478],[126.5346714,34.9620519],[126.5336,34.960365],[126.532015,34.958405],[126.52949,34.954245],[126.52848,34.951525],[126.5281337,34.9498589],[126.528255,34.948695],[126.5284128,34.947977],[126.529155,34.9446],[126.53185,34.93772],[126.533575,34.93512],[126.534295,34.934555],[126.53511,34.93329],[126.538255,34.92988],[126.538995,34.92862],[126.53996,34.927605],[126.542445,34.922775],[126.54253,34.92008],[126.541845,34.919235],[126.54086,34.91831],[126.53964,34.917455],[126.537935,34.917035],[126.53637,34.917125],[126.535425,34.917495],[126.53455,34.918125],[126.533,34.92053],[126.531655,34.92358],[126.529555,34.92624],[126.527175,34.927475],[126.5265205,34.9278357],[126.52448,34.92896],[126.52104,34.92928],[126.519955,34.928995],[126.51735,34.927335],[126.51651,34.926805],[126.5147,34.92478],[126.5144373,34.9241108],[126.5139296,34.9228175],[126.5136465,34.9220962],[126.513175,34.920895],[126.5149227,34.9154956],[126.515075,34.915025],[126.51667,34.912775],[126.51817,34.911],[126.518583,34.9106204],[126.5241985,34.9054589],[126.52454,34.905145],[126.53486,34.893725],[126.5381501,34.8907554],[126.540045,34.889045],[126.544455,34.884545],[126.54789,34.88059],[126.551025,34.87568],[126.55221,34.87073],[126.552655,34.869255],[126.5532,34.867735],[126.5532,34.86258],[126.5527556,34.8585703],[126.551945,34.851255],[126.549765,34.839815],[126.54815,34.83329],[126.54741,34.825435],[126.54387,34.814125],[126.53975,34.809405],[126.536225,34.806355],[126.5329631,34.804538],[126.529565,34.802645],[126.52627,34.801005],[126.5227,34.79949],[126.52032,34.7924],[126.520295,34.79194],[126.520835,34.78788],[126.5206912,34.7873715],[126.52006,34.78514],[126.5182713,34.7813436],[126.514875,34.774545],[126.51316,34.772025],[126.511214,34.7706254],[126.50708,34.769055],[126.50573,34.76878],[126.499675,34.768045],[126.497155,34.76818],[126.4911063,34.771269],[126.4700483,34.7893317],[126.4633536,34.7926059],[126.4584381,34.7925907],[126.4552433,34.7919212],[126.4490698,34.7888938],[126.4462527,34.7879841],[126.41714,34.7822],[126.4023443,34.7785517],[126.3936998,34.7774725],[126.3808368,34.7755412],[126.3753735,34.7758252],[126.3673514,34.7782677],[126.3623722,34.7830958],[126.3594676,34.7876396],[126.3548066,34.7882016],[126.3519675,34.7869368],[126.3354794,34.7647432]]}},{"type":"Feature","properties":{"name":"섬진강","source":"OpenStreetMap contributors via Nominatim"},"geometry":{"type":"MultiLineString","coordinates":[[[127.8019016,34.9084249],[127.794091,34.9156744],[127.7819888,34.9231345],[127.7718522,34.9316141],[127.7702215,34.9384394],[127.7715947,34.9461085],[127.7714231,34.9502593],[127.7679899,34.9565203],[127.7628649,34.9617777],[127.761647,34.963027],[127.7606728,34.9668077],[127.7615611,34.9727334],[127.7623336,34.974773],[127.7653377,34.9787817],[127.7710025,34.9822276],[127.776839,34.9875017],[127.7769941,34.9879273],[127.777375,34.9889729],[127.7785556,34.992213],[127.7793406,34.994528],[127.7798431,34.9960099],[127.7839629,35.0032517],[127.7853362,35.0073293],[127.7858512,35.0101414],[127.7853362,35.0141483],[127.7835338,35.0209668],[127.7800147,35.0237081],[127.775809,35.0265195],[127.7716033,35.0319313],[127.7696493,35.0390276],[127.7689971,35.041396],[127.7684061,35.0431404],[127.7678697,35.0481295],[127.7664749,35.0521697],[127.7653806,35.0542952],[127.7645819,35.0547659],[127.7637713,35.0552437],[127.7596514,35.0558058],[127.7558105,35.0555599],[127.7501886,35.0571759],[127.7475922,35.0582649],[127.7444594,35.0595295],[127.7441721,35.0596616],[127.7413266,35.0609698],[127.7406842,35.0618204],[127.7405179,35.0620405],[127.7398674,35.0629018],[127.739052,35.0667833],[127.7389662,35.0686273],[127.7383225,35.0711387],[127.7386658,35.071806],[127.7389662,35.0731758],[127.7385156,35.0744402],[127.7377217,35.0754763],[127.7351253,35.0764422],[127.7329795,35.0769514],[127.7277868,35.0787953],[127.7224653,35.0799367],[127.7189891,35.0808147],[127.7184646,35.0811323],[127.7163498,35.0824126],[127.7137534,35.0849411],[127.7103417,35.0899277],[127.7099984,35.0919292],[127.7089898,35.0942292],[127.7082603,35.094791],[127.7080886,35.095704],[127.7074878,35.0966696],[127.7056639,35.097442],[127.702295,35.0994785],[127.6993553,35.1004441],[127.698025,35.1009532],[127.6957719,35.1024454],[127.6946561,35.10313],[127.6938836,35.1040955],[127.6935832,35.1049206],[127.6931541,35.107466],[127.6929395,35.1080101],[127.6925103,35.1085192],[127.6925962,35.1096075],[127.6922743,35.110415],[127.6929824,35.1107309],[127.6941197,35.1112927],[127.695214,35.1128198],[127.6956646,35.1141538],[127.6961582,35.1152947],[127.6963727,35.1165409],[127.6960938,35.1179626],[127.6949286,35.1190666],[127.6952784,35.1219292],[127.695493,35.1232806],[127.69545,35.1248777],[127.6951926,35.1264747],[127.6951496,35.1287562],[127.6944201,35.130125],[127.6935135,35.1319413],[127.6905577,35.1343718],[127.687382,35.1358458],[127.6855151,35.1368811],[127.6841419,35.1378112],[127.6818888,35.1397764],[127.6806067,35.1418426],[127.6801936,35.142619],[127.6794641,35.1439701],[127.6756875,35.1476547],[127.6737349,35.149146],[127.6719968,35.1502513],[127.6689284,35.1523041],[127.6673834,35.1527251],[127.665066,35.1539006],[127.6631348,35.1549181],[127.6603453,35.1569882],[127.6581995,35.1595671],[127.6558177,35.1605845],[127.6534574,35.1609179],[127.65114,35.1604091],[127.6494448,35.1597951],[127.6480286,35.1600758],[127.6472132,35.1605495],[127.6454351,35.1625318],[127.6448529,35.1631808],[127.6436298,35.1659875],[127.6418488,35.1690396],[127.6405828,35.1703552],[127.6395099,35.1716005],[127.6370852,35.1733019],[127.6361625,35.1736527],[127.6350038,35.1737404],[127.6336305,35.174214],[127.6328151,35.1746524],[127.6314633,35.1760731],[127.6310985,35.177143],[127.6300685,35.179195],[127.6279871,35.1805104],[127.6269786,35.181019],[127.6259272,35.1817907],[127.6251904,35.1823985],[127.6236312,35.1836848],[127.6220927,35.1869748],[127.6209276,35.188525],[127.618932,35.1901559],[127.6176016,35.1910853],[127.6164214,35.1918043],[127.6149623,35.1923303],[127.6121728,35.1946625],[127.6106708,35.1960303],[127.6095121,35.1968018],[127.6084821,35.1976084],[127.6073448,35.198152],[127.6037185,35.1987832],[127.6014772,35.1990497],[127.5995821,35.1994145],[127.5994543,35.1994244],[127.5977533,35.1993443],[127.5944059,35.2006769],[127.5932686,35.2012906],[127.591037,35.2019393],[127.5899212,35.2022199],[127.5873034,35.201799],[127.5825827,35.200747],[127.5799005,35.2001859],[127.5765745,35.1992742],[127.574064,35.1981695],[127.5730258,35.1979208],[127.5728195,35.1978714],[127.5714247,35.1981344],[127.5705235,35.1978539],[127.5697081,35.1973805],[127.5688712,35.1964686],[127.5666826,35.1959075],[127.5638716,35.195627],[127.5629918,35.1952587],[127.5619833,35.1942943],[127.5594513,35.1915588],[127.5579707,35.1908573],[127.5566618,35.1898402],[127.555825,35.1892791],[127.55531,35.1893667],[127.5530285,35.1897102],[127.5520484,35.1898578],[127.5458042,35.1904014],[127.5436799,35.190454],[127.5409763,35.1909625],[127.5402229,35.19085],[127.5389807,35.1906644],[127.5371997,35.190191],[127.5360992,35.1889798],[127.5355904,35.1884198],[127.5328438,35.1867363],[127.5306122,35.185684],[127.5287883,35.185649],[127.5249259,35.1857191],[127.5229733,35.1857893],[127.5214927,35.1861049],[127.5195401,35.1867012],[127.516772,35.1881567],[127.5152914,35.1892615],[127.5108068,35.1911554],[127.5069873,35.1924531],[127.5037257,35.1937156],[127.4994342,35.1955393],[127.4977605,35.196416],[127.4963872,35.1982747],[127.4956004,35.1991014],[127.4944346,35.2003262],[127.4923103,35.2012555],[127.4878493,35.202659],[127.4814312,35.2016062],[127.476732,35.1992742],[127.471153,35.1953639],[127.4704191,35.194406],[127.4696081,35.1933474],[127.4678914,35.1876482],[127.4675481,35.184965],[127.4677627,35.1795107],[127.4679344,35.1754242],[127.4676983,35.1711971],[127.4674837,35.1697062],[127.4666898,35.1684608],[127.465338,35.1663032],[127.4636643,35.1637948],[127.4631064,35.1629001],[127.462012,35.1620756],[127.4608748,35.162023],[127.4595229,35.162216],[127.4581926,35.16283],[127.4569051,35.1636193],[127.4545877,35.1648824],[127.4520128,35.1662506],[127.4469058,35.1685835],[127.4436657,35.1711445],[127.4408977,35.173109],[127.4387305,35.1749506],[127.4371211,35.1770904],[127.4340098,35.179844],[127.4335932,35.1800249],[127.4326365,35.1804403],[127.4313919,35.180756],[127.4300186,35.1813523],[127.4290745,35.1824396],[127.4258129,35.1841057],[127.4246542,35.1850176],[127.4222939,35.1860523],[127.4206202,35.1866486],[127.4179809,35.1872448],[127.4147622,35.1882093],[127.4125521,35.1881918],[127.4097411,35.1886478],[127.4076812,35.1888056],[127.4065674,35.1891066],[127.4049561,35.1895421],[127.4038832,35.1904891],[127.4026387,35.1906995],[127.4004285,35.1903137],[127.395343,35.1899104],[127.3938839,35.1901559],[127.3931012,35.1899484],[127.3922961,35.189735],[127.3911803,35.188753],[127.389807,35.1885776],[127.387747,35.188788],[127.3864167,35.1888757],[127.384979,35.1895421],[127.383434,35.1900156],[127.3820607,35.1909099],[127.380387,35.1914535],[127.378134,35.1927863],[127.3772772,35.1936092],[127.3771469,35.1940313],[127.3767392,35.1958199],[127.3760891,35.1975014],[127.3750806,35.1983782],[127.3741579,35.2002543],[127.3734712,35.202183],[127.3729133,35.2041643],[127.3728061,35.2046903],[127.3722052,35.2053741],[127.3720121,35.206128],[127.3719048,35.2067416],[127.3720121,35.2078111],[127.3720765,35.2096695],[127.3722267,35.2112649],[127.3726988,35.2127726],[127.3734498,35.2143153],[127.3737352,35.2146853],[127.3743725,35.2156828],[127.3745656,35.2165242],[127.3744731,35.2169668],[127.3744154,35.217243],[127.3736979,35.2182153],[127.3730099,35.218584],[127.3717975,35.2190836],[127.3696518,35.2211872],[127.3679845,35.2229594],[127.3669481,35.2244476],[127.3669696,35.225289],[127.3670983,35.2265685],[127.3677914,35.2276921],[127.3682999,35.2288297],[127.3691278,35.2292223],[127.3703449,35.230479],[127.3707601,35.2309689],[127.3709178,35.231599],[127.3712182,35.2328259],[127.371583,35.2342105],[127.3714113,35.2356477],[127.3705315,35.2371725],[127.3704521,35.2381907],[127.3711388,35.2395753],[127.3700595,35.2406951],[127.3682849,35.2425721],[127.3648946,35.2450956],[127.3635578,35.2466535],[127.3613262,35.2484935],[127.3590517,35.2492295],[127.357893,35.2490192],[127.3563115,35.2492487],[127.3545949,35.250931],[127.3529212,35.2531739],[127.3521058,35.2551889],[127.3510694,35.2583411],[127.3501746,35.2616894],[127.3486876,35.2636149],[127.3455977,35.2651041],[127.3433028,35.2654773],[127.3420051,35.2657901],[127.339588,35.2666968],[127.3367168,35.2677345],[127.335603,35.268137],[127.3301155,35.2701104],[127.3274101,35.2714443],[127.3265601,35.2721557],[127.3261958,35.2726705],[127.3255528,35.2738896],[127.3254772,35.2747505],[127.3257603,35.276975],[127.3259998,35.278857],[127.3282981,35.2812742],[127.3294994,35.2834094],[127.3301808,35.2874961],[127.3290702,35.2919752],[127.3276984,35.2973605],[127.3272853,35.3011309],[127.3267383,35.303052],[127.3265347,35.3045369],[127.3264543,35.3052776],[127.3254232,35.3064015],[127.3249676,35.3068981],[127.3232261,35.3072809],[127.3222319,35.3073929],[127.3199673,35.3073962],[127.315749,35.3059083],[127.3135941,35.3048639],[127.3111052,35.3041657],[127.3070078,35.3046093],[127.3039211,35.3062287],[127.2997747,35.3088743],[127.2973113,35.3105509],[127.2948909,35.3119083],[127.2934245,35.3125426],[127.2916041,35.3131134],[127.2898209,35.3136452],[127.287742,35.3139122],[127.2844667,35.3140583],[127.2815336,35.3138085],[127.2794859,35.3135718],[127.2765204,35.3135251],[127.2740149,35.3131839],[127.2708053,35.3130869],[127.2678959,35.3134027],[127.2667367,35.3137524],[127.265436,35.313975],[127.2642771,35.3136275],[127.2631183,35.3129912],[127.2613849,35.3118804],[127.2606679,35.3116207],[127.2589528,35.3119618],[127.2582981,35.3120451],[127.2568227,35.3124692],[127.2538259,35.3138213],[127.2533122,35.3142732],[127.2525008,35.3151131],[127.2517773,35.3165506],[127.2512554,35.3176655],[127.2500569,35.318845],[127.2492397,35.3192895],[127.2480548,35.3199851],[127.2442515,35.3223159],[127.2390132,35.3271502],[127.2379889,35.3279857],[127.2365682,35.328596],[127.2353461,35.3294452],[127.2331302,35.33156],[127.2322806,35.3330824],[127.2308724,35.3342887],[127.2281548,35.3353119],[127.2268755,35.3353912],[127.2248518,35.3355166],[127.2207963,35.3354825],[127.2200991,35.3352923],[127.219542,35.3349367],[127.2171789,35.3312421],[127.2168813,35.3307026],[127.216392,35.3298154],[127.2161635,35.3289096],[127.216286,35.3271163],[127.2165719,35.3254782],[127.2170782,35.3241722],[127.2178228,35.3228942],[127.2174538,35.3214363],[127.2171808,35.3201963],[127.2172554,35.31882],[127.2169242,35.3175463],[127.2164932,35.3170363],[127.2156805,35.3167021],[127.2088304,35.3162872],[127.2040942,35.3158942],[127.2000805,35.3162217],[127.1983412,35.3172261],[127.1959865,35.3190601],[127.1942472,35.3203046],[127.1922938,35.3209814],[127.1902335,35.3217674],[127.1884139,35.3226188],[127.1860529,35.3233139],[127.184534,35.3254788],[127.1842664,35.3273345],[127.1835707,35.3290154],[127.1837045,35.3315259],[127.1843199,35.3336215],[127.1856578,35.3353897],[127.186969,35.3365903],[127.1894574,35.3371724],[127.1907836,35.3374054],[127.1926312,35.337625],[127.1939939,35.3380701],[127.1946753,35.3386858],[127.1943275,35.3407157],[127.1928825,35.3415888],[127.1900461,35.3425056],[127.1880125,35.3432913],[127.1873703,35.3443608],[127.1876647,35.3456704],[127.1885477,35.3487696],[127.1894842,35.3505593],[127.1906616,35.3528072],[127.1917854,35.3544003],[127.1929628,35.3564736],[127.1939528,35.3586558],[127.194798,35.3613378],[127.1957724,35.3636967],[127.1974849,35.364875],[127.1976506,35.3655226],[127.1982609,35.3679081],[127.1986222,35.3691686],[127.1984643,35.3701725],[127.1983859,35.3706712],[127.1979479,35.3718817],[127.1964146,35.3742792],[127.1942357,35.3774871],[127.1936159,35.3788125],[127.1930163,35.3809554],[127.192375,35.3849249],[127.1923393,35.3863085],[127.1926684,35.3876746],[127.193712,35.3906631],[127.1950988,35.3920951],[127.1953175,35.392321],[127.1978863,35.3928445],[127.2015789,35.3928227],[127.2065024,35.3924736],[127.2093351,35.3931111],[127.2105967,35.3936711],[127.220467,35.400648],[127.2213746,35.4017927],[127.2209807,35.4034677],[127.2206211,35.4052963],[127.2205012,35.4069294],[127.2202957,35.4087718],[127.2207067,35.409693],[127.2219569,35.4107119],[127.2231385,35.4111027],[127.2255874,35.4115214],[127.2267348,35.4119681],[127.2273685,35.4126799],[127.2283275,35.4140337],[127.2287655,35.4150603],[127.2287839,35.4162242],[127.228468,35.4171133],[127.2280159,35.4179746],[127.2263409,35.4197977],[127.2243202,35.4214165],[127.2225421,35.422164],[127.2221624,35.4223236],[127.22033,35.4227981],[127.2182578,35.4231191],[127.2149527,35.4232307],[127.2131545,35.4238727],[127.2120414,35.4241518],[127.2102946,35.4248356],[127.20925,35.4250309],[127.2079656,35.4249751],[127.2070237,35.4253659],[127.2057222,35.4257566],[127.2049858,35.4260776],[127.2045919,35.4268869],[127.2044378,35.4278079],[127.2044891,35.4295941],[127.2048316,35.4311151],[127.2046433,35.43325],[127.2045063,35.4342965],[127.2044891,35.4357337],[127.2041638,35.4373243],[127.2038384,35.4396125],[127.2033075,35.4415519],[127.2024512,35.4429192],[127.2013723,35.4447189],[127.2010641,35.4452351],[127.2008243,35.4460722],[127.2009785,35.4466163],[127.2016977,35.4474534],[127.2019889,35.4479417],[127.2022971,35.4486671],[127.2025711,35.4494623],[127.2028109,35.450118],[127.2029479,35.4510666],[127.2036329,35.4518897],[127.2038041,35.4531591],[127.2039925,35.4544425],[127.2040953,35.4560328],[127.2041809,35.4568977],[127.203787,35.4580694],[127.2033075,35.4591574],[127.2025197,35.4601478],[127.2015436,35.4613753],[127.2007045,35.4622262],[127.1997968,35.4628538],[127.1989748,35.4635094],[127.1981186,35.4644718],[127.1974164,35.4652669],[127.1966972,35.4662014],[127.1958923,35.4669127],[127.194214,35.4676938],[127.1924501,35.4685585],[127.1912856,35.4688933],[127.1903779,35.4690746],[127.1892306,35.469214],[127.187929,35.4694372],[127.186696,35.4697301],[127.1859596,35.4700369],[127.1853431,35.4703996],[127.184504,35.470553],[127.1833909,35.4705809],[127.1827401,35.4703996],[127.1821521,35.4699572],[127.1809829,35.4699223],[127.1801884,35.4702182],[127.1788355,35.4702601],[127.1776539,35.4708319],[127.1769175,35.4717942],[127.1766264,35.4727705],[127.1766435,35.4734957],[127.1769689,35.4742488],[127.177808,35.4753645],[127.1787842,35.4761316],[127.1799127,35.4769258],[127.1802477,35.476997],[127.1809248,35.4769126],[127.182449,35.4779446],[127.1858398,35.4808871],[127.1877578,35.4818772],[127.1890422,35.4818214],[127.1895559,35.4820863],[127.1903437,35.4829788],[127.1910116,35.4838016],[127.1926727,35.4847219],[127.1938886,35.4855446],[127.1949333,35.4863534],[127.1953785,35.4878036],[127.1954601,35.4891464],[127.1954641,35.4892119],[127.1954813,35.4907039],[127.1953271,35.4915684],[127.1945736,35.4922377],[127.1939742,35.4930045],[127.1929981,35.4944964],[127.1921076,35.4954027],[127.1912513,35.4961417],[127.1902238,35.49656],[127.1888881,35.4967412],[127.1878605,35.4966297],[127.1868673,35.4960023],[127.1861138,35.495347],[127.185326,35.4944407],[127.1837162,35.4930185],[127.1831168,35.4924189],[127.1823291,35.4912337],[127.1812159,35.4897836],[127.1805138,35.4888215],[127.1792123,35.4875247],[127.1783047,35.4867996],[127.1772258,35.4860466],[127.1764723,35.4855446],[127.1751879,35.484959],[127.1739377,35.4847498],[127.1730301,35.4845127],[127.1724478,35.4841502],[127.1717628,35.48369],[127.1713347,35.4830485],[127.1703585,35.4823373],[127.1699818,35.4817935],[127.1695708,35.4814309],[127.168646,35.4811938],[127.1680295,35.4812636],[127.1670191,35.4814588],[127.1662857,35.4819873],[127.1659167,35.4824245],[127.1655617,35.4829563],[127.1651905,35.4836279],[127.16481,35.4843872],[127.1638338,35.4856143],[127.1596382,35.4907178],[127.1587648,35.4912337],[127.1582681,35.4917915],[127.157155,35.4923074],[127.156196,35.4925305],[127.1551856,35.4926141],[127.1542951,35.492642],[127.1534559,35.4930185],[127.1522914,35.4933671],[127.1515208,35.4937296],[127.15087,35.4942734],[127.1505447,35.494845],[127.1503734,35.4957234],[127.1506645,35.4967273],[127.1509043,35.4979542],[127.1520081,35.4994665],[127.1530784,35.5006374],[127.154918,35.5024618],[127.1560218,35.5037143],[127.1566573,35.5044767],[127.1575938,35.506056],[127.1599017,35.5085337],[127.161641,35.5103852],[127.1628786,35.5111747],[127.1639154,35.5122094],[127.1642165,35.5135706],[127.1639489,35.5147686],[127.1626779,35.516157],[127.1608383,35.5176],[127.1591993,35.5191789],[127.1584969,35.5202407],[127.1569918,35.5219013],[127.1551187,35.522473],[127.151707,35.522963],[127.148195,35.522963],[127.1467568,35.5225274],[127.1450175,35.5221191],[127.1420406,35.5221191],[127.1387628,35.5223096],[127.1349832,35.5221735],[127.1319394,35.5218468],[127.1305346,35.5204585],[127.1285947,35.5189339],[127.1268888,35.5178177],[127.1247147,35.5175455],[127.1225072,35.5179811],[127.1205338,35.5186889],[127.1190955,35.5199684],[127.1169883,35.5217924],[127.1157842,35.5237252],[127.1148476,35.5259029],[127.114647,35.527509],[127.1158511,35.5305033],[127.1165869,35.5322453],[127.1171221,35.5345045],[127.1168545,35.5362737],[127.1158176,35.5380973],[127.1137439,35.5390499],[127.1111684,35.5397031],[127.1087936,35.5417443],[127.1012163,35.5436456],[127.0919895,35.5475914],[127.0881271,35.5489182],[127.0860672,35.5508386],[127.0852518,35.5534573],[127.0852518,35.5535969],[127.0855093,35.5556918],[127.0869907,35.5585348],[127.087183,35.5589038],[127.0934057,35.567771],[127.096281,35.5717505],[127.0968389,35.5744034],[127.0965814,35.5776146],[127.095809,35.5803546],[127.0951009,35.581646],[127.0948863,35.5831119],[127.0953369,35.5840891],[127.0962381,35.5847348],[127.0997572,35.5848046],[127.1019458,35.5837925],[127.1039629,35.5822219],[127.1055078,35.5802673],[127.1069669,35.5779288],[127.1098852,35.5768817],[127.1126318,35.5775099],[127.1138334,35.580023],[127.1131038,35.5848395],[127.1126747,35.592971],[127.1134472,35.5978216],[127.1135115,35.5990604],[127.1128893,35.5998107],[127.111516,35.6004039],[127.1096921,35.60084],[127.1084475,35.6017822],[127.1079111,35.6029511],[127.1078896,35.6045562],[127.1085763,35.6075569],[127.1083188,35.6124764],[127.1083832,35.6137149],[127.1091771,35.6154419],[127.1103358,35.6169246],[127.1123099,35.6181631],[127.1176314,35.6199249],[127.1190047,35.6213377],[127.1197772,35.6226633],[127.1207213,35.6269192],[127.1213436,35.6279308],[127.1225667,35.6287854],[127.1255064,35.6293784],[127.12821,35.6295702],[127.1300769,35.6292563],[127.1316433,35.6285063],[127.1327376,35.6269192],[127.1352052,35.6199423],[127.1365571,35.6179887],[127.1378875,35.6169246],[127.1394753,35.6164188],[127.1407199,35.6163839],[127.1418142,35.616663],[127.1428227,35.6174305],[127.1452689,35.6203609],[127.1466422,35.6232041],[127.1476078,35.6261168],[127.1475649,35.627425],[127.1469855,35.6281924],[127.1455908,35.6290121],[127.1435737,35.6297097],[127.1423936,35.6304771],[127.1418357,35.6311922],[127.1415353,35.6319247],[127.1406555,35.6343314],[127.1407628,35.6365113],[127.1412992,35.6379762],[127.1429515,35.6386563],[127.1444964,35.6389179],[127.1461487,35.6386912],[127.1478009,35.6377146],[127.1484875,35.6365288],[127.1487236,35.6349243],[127.1485305,35.6323084],[127.1484232,35.6310352],[127.1486378,35.629919],[127.1497321,35.6291865],[127.1510196,35.6286982],[127.1543026,35.6284191],[127.1590876,35.628018],[127.1629071,35.6273377],[127.1684646,35.625925],[127.17031,35.6256459],[127.1723699,35.6256285],[127.1749449,35.6260645],[127.1771121,35.6268668],[127.1800732,35.629047],[127.1820044,35.6304771],[127.1841287,35.6308608],[127.186253,35.6307562],[127.190094,35.6292911],[127.1914029,35.6283319],[127.1915746,35.6272505],[127.1908879,35.6263087],[127.1889138,35.6258901],[127.1865427,35.6257331],[127.1827769,35.6256198],[127.1814144,35.6254628],[127.1806097,35.6252186],[127.1800518,35.6248436],[127.179687,35.6243291],[127.1796012,35.6237186],[127.1797407,35.6230383],[127.180202,35.6221575],[127.1804058,35.621486],[127.1802449,35.619419],[127.1796655,35.6173433],[127.1796655,35.616506],[127.1799016,35.6157036],[127.1806741,35.6150233],[127.1819186,35.6144302],[127.1871705,35.6133516],[127.1886485,35.6128671],[127.189471,35.6118593],[127.1903172,35.6102798],[127.1904925,35.6095065],[127.1908883,35.6070839],[127.1925179,35.60574],[127.1947528,35.6054182],[127.1971972,35.6057778],[127.2003633,35.6071596],[127.2046236,35.6104529],[127.2048564,35.6125159],[127.2044697,35.6144637],[127.2028368,35.6186497],[127.2012992,35.6227579],[127.2002622,35.625742],[127.2006555,35.6278638],[127.2011442,35.6294721],[127.2025149,35.6312934],[127.2043267,35.6334925],[127.2052087,35.6338025],[127.2064007,35.6331922],[127.2073662,35.6318747],[127.2088442,35.6304893],[127.2103341,35.6302471],[127.211526,35.6305765],[127.2134093,35.6318553],[127.2138359,35.6324272],[127.2143271,35.6330857],[127.2157813,35.6347519],[127.2169017,35.6367281],[127.2174023,35.637755],[127.2177599,35.6406514],[127.2175573,35.64193],[127.2170805,35.6431893],[127.2164082,35.6453004],[127.216115,35.6462211],[127.2158409,35.6482455],[127.2166991,35.6495724],[127.2193214,35.6505894],[127.2218245,35.6517904],[127.2246551,35.654886],[127.224995,35.6552577],[127.2278676,35.6561681],[127.2310859,35.6564974],[127.2364854,35.6565846],[127.2400798,35.6556512],[127.2472166,35.6530895],[127.2532061,35.6504018],[127.2576792,35.6487966],[127.2603745,35.6479739],[127.2631398,35.6487519],[127.2644986,35.6499055],[127.2656818,35.6516579],[127.266613,35.6540697],[127.26865,35.6561978],[127.2728695,35.6581839],[127.2741209,35.6589397],[127.2749143,35.6598756],[127.2751431,35.660545],[127.2748456,35.6617598],[127.2737547,35.6628011],[127.2724732,35.6634456],[127.272265,35.663642],[127.2718996,35.6639867],[127.2711,35.664741],[127.2702838,35.6655652],[127.2689907,35.6673726],[127.2688834,35.6680636],[127.269384,35.6686446],[127.2704443,35.6699013],[127.2711243,35.6707072],[127.2740565,35.6740962],[127.2758861,35.6777053],[127.2786574,35.6820623],[127.2794171,35.6838235],[127.2799834,35.6851362],[127.2809033,35.6881178],[127.2811663,35.6886713],[127.2823337,35.6911285],[127.2836173,35.6940857],[127.2837841,35.6971737],[127.2839748,35.700397],[127.2834444,35.7025483],[127.2824164,35.7051979],[127.2825354,35.7070537],[127.2833269,35.7094018],[127.2848883,35.71126],[127.2867634,35.7127535],[127.2878838,35.7135374],[127.2893738,35.713789],[127.2900651,35.7139632],[127.290634,35.7137389],[127.2912928,35.7134793],[127.2918769,35.7123857],[127.2924639,35.7091701],[127.2927099,35.7080196],[127.292924,35.7073839],[127.2932953,35.7070432],[127.2944395,35.7067625],[127.2968949,35.7066464],[127.3011859,35.7061334],[127.304356,35.7056591],[127.3069544,35.705843],[127.3091714,35.7060269],[127.3103634,35.7064238],[127.3109951,35.7070819],[127.3108521,35.7083498],[127.3100415,35.7095887],[127.30879,35.7117276],[127.3075258,35.7147465],[127.306711,35.7182518],[127.3054754,35.7210442],[127.3041977,35.7232196],[127.3029989,35.7239101],[127.3022074,35.7242894],[127.2994734,35.7246514],[127.298055,35.7247772],[127.2970299,35.7253482],[127.2965293,35.7262287],[127.2961955,35.7270028],[127.2957545,35.7283478],[127.2960167,35.7289574],[127.2970776,35.7301572],[127.2981384,35.7308636],[127.2997952,35.7311635],[127.3028347,35.7315409],[127.3047459,35.7313555],[127.3064589,35.7311854],[127.3080766,35.7307827],[127.3101413,35.7299734],[127.3115597,35.7292767],[127.3142845,35.7279157],[127.3152287,35.7275963],[127.3167107,35.7274472],[127.3172066,35.727607],[127.3183632,35.7279796],[127.319032,35.728778],[127.3192419,35.7296936],[127.3186648,35.7314503],[127.317773,35.7330259],[127.3169992,35.7346866],[127.3201599,35.7395302],[127.3217861,35.7404244],[127.3239894,35.7408076],[127.3258648,35.7408183],[127.3286583,35.7407544],[127.3319894,35.7407225],[127.3346255,35.7423405],[127.3361599,35.7431814],[127.3371567,35.7434369],[127.3378124,35.7430963],[127.3382583,35.7419999],[127.3389796,35.740137],[127.3398452,35.7382528],[127.3399632,35.7370925],[127.3407239,35.7363686],[127.341537,35.736028],[127.3425337,35.7359215],[127.3440944,35.7362515],[127.3450911,35.7364218],[127.3456419,35.7371564],[127.3460354,35.738157],[127.3460091,35.7389128],[127.3455632,35.7395941],[127.3442255,35.7412228],[127.3435436,35.7429259],[127.3428616,35.7437456],[127.3430321,35.7443417],[127.3436485,35.744512],[127.3456026,35.7441926],[127.3473993,35.7435753],[127.3484878,35.7434475],[127.3495239,35.7434475],[127.3499277,35.7428682],[127.3506359,35.741825],[127.3516195,35.7402496],[127.3518424,35.7390573],[127.3520916,35.7375138],[127.3528129,35.7363002],[127.3546752,35.7352889],[127.3579408,35.7337346],[127.3590556,35.7330107],[127.3601441,35.7329042],[127.3615211,35.7329255],[127.3624261,35.7328297],[127.3636195,35.7324571],[127.3644195,35.7317758],[127.3647998,35.7306686],[127.3652779,35.7274011],[127.3657751,35.7254982],[127.3669244,35.7250365],[127.3687212,35.7249194],[127.3711212,35.724781],[127.37259,35.7240889],[127.373495,35.7224599],[127.3745573,35.7208841],[127.3755671,35.7197448],[127.3773507,35.718893],[127.3811802,35.7188823],[127.384131,35.7187013],[127.3860327,35.7184245],[127.3878163,35.7180518],[127.3896261,35.7173277],[127.3910819,35.7163801],[127.3918819,35.7155069],[127.3921048,35.7138245],[127.3920524,35.7129513],[127.3917454,35.7116923],[127.3915409,35.7108535],[127.3912262,35.7096608],[127.3910201,35.7095125],[127.3906409,35.7092395],[127.3892114,35.7084941],[127.3888179,35.7078871],[127.3882409,35.7049372],[127.3879393,35.704213],[127.3879655,35.7033717],[127.3882671,35.7027007],[127.3893819,35.7003364],[127.390077,35.698856],[127.3906125,35.6977242],[127.3907037,35.6975316],[127.3908639,35.6969495],[127.3905229,35.6962253],[127.3897622,35.6957567],[127.389054,35.6952454],[127.388595,35.6946809],[127.3886475,35.6938927],[127.3891589,35.692753],[127.3891327,35.691624],[127.3886343,35.6900689],[127.388491,35.689775],[127.3878606,35.6884818],[127.3873917,35.6875923],[127.3862606,35.6863807],[127.3851786,35.685422],[127.3842442,35.6842902],[127.3836407,35.6831842],[127.3834901,35.6820664],[127.3837032,35.6804153],[127.3840147,35.6791768],[127.3848507,35.6771128],[127.3857196,35.6756346],[127.3867708,35.6741763],[127.3878917,35.6729824],[127.389195,35.6726382],[127.3908999,35.6725717],[127.392277,35.6727048],[127.3940639,35.6725583],[127.3956837,35.6721602],[127.3965734,35.6717374],[127.3978324,35.6709397],[127.3988648,35.6698078],[127.3995195,35.6688395],[127.4004731,35.6677899],[127.4012989,35.6672098],[127.4023117,35.6666718],[127.4024405,35.6666034],[127.4029593,35.6665185],[127.4040754,35.6665017],[127.4050121,35.6661828],[127.4062603,35.6652158],[127.4066904,35.6646447],[127.4083377,35.6637156],[127.4090826,35.662974],[127.4102787,35.6624029],[127.411758,35.6622409],[127.4123165,35.6626093],[127.4130051,35.6630706],[127.4133279,35.6633709],[127.4137604,35.6635945],[127.414882,35.6639239],[127.4163462,35.6641043],[127.4172557,35.66421],[127.4176851,35.6643207],[127.417994,35.6643643],[127.4192295,35.6643643],[127.4199077,35.6643534],[127.420183,35.6642552],[127.4204068,35.6641095],[127.4205548,35.663651],[127.4205663,35.6632601],[127.4204932,35.6626771],[127.4203041,35.6618321],[127.420115,35.6612804],[127.4202096,35.6607427],[127.4205222,35.6597219],[127.4210007,35.6589035],[127.4217225,35.6582897],[127.4226458,35.657826],[127.4241818,35.6575327],[127.4258689,35.6573145],[127.427195,35.6570963],[127.4285212,35.6567007],[127.4296879,35.6562165],[127.4307088,35.6555686],[127.4311768,35.6550971],[127.4318089,35.6549206],[127.4325585,35.6547229],[127.4330705,35.6543546],[127.4340021,35.6533521],[127.4348499,35.6523222],[127.4354038,35.6521108],[127.4360585,35.6519539],[127.4365538,35.6515583],[127.4369315,35.6507876],[127.4374267,35.6503307],[127.437712,35.649826],[127.4379806,35.6493622],[127.4385934,35.6490211],[127.4389795,35.6490007],[127.4396509,35.6490348],[127.4401629,35.6487961],[127.4410443,35.6481754],[127.4413128,35.6478344],[127.4413536,35.6471195],[127.4411323,35.6464951],[127.4408092,35.6460337],[127.4408932,35.6456654],[127.4412037,35.6451743],[127.4417157,35.6448878],[127.4419999,35.6445651],[127.4421685,35.6443232],[127.44253,35.6439488],[127.4430419,35.643585],[127.44405,35.6429084],[127.4447336,35.642768],[127.4455154,35.6430857],[127.4457112,35.6431031],[127.4464381,35.6422356],[127.4469048,35.6412024],[127.4466044,35.6398509],[127.4469423,35.6392165],[127.4470657,35.6390182],[127.4472856,35.6385975],[127.4472803,35.6382552],[127.4471408,35.6377037],[127.4470711,35.6370672],[127.4470201,35.6369495],[127.4467841,35.6368122],[127.4466071,35.636762],[127.4464783,35.636701],[127.4464595,35.6366072],[127.4464783,35.6362759],[127.4463925,35.6360601],[127.4459955,35.6356219],[127.445797,35.6353363],[127.4456763,35.6349679],[127.4456012,35.6345799],[127.4455047,35.6344229],[127.4453062,35.6343248],[127.4449789,35.6341635],[127.4447724,35.6340109],[127.4445069,35.6336818],[127.4443084,35.6333155],[127.4442306,35.6330844],[127.4442762,35.6327487],[127.4443942,35.6324217],[127.4443996,35.6322451],[127.4442413,35.6319138],[127.4439248,35.6314799],[127.4435306,35.6310766],[127.4431363,35.6309676],[127.4429619,35.6308499],[127.4427044,35.6304117],[127.4427018,35.6301763],[127.4425784,35.6299059],[127.4423718,35.6297947],[127.4422082,35.629568],[127.4422914,35.6293347],[127.4423397,35.6290731],[127.4423692,35.6289162],[127.4421412,35.6278588],[127.4422377,35.6273639],[127.4423745,35.6269475]]]}},{"type":"Feature","properties":{"name":"압록강","source":"OpenStreetMap contributors via Nominatim","osmRelation":2899525},"geometry":{"type":"MultiLineString","coordinates":[[[128.0849299,41.9811352],[128.0856568,41.980844],[128.0858016,41.9807663],[128.0860189,41.9806347],[128.0861878,41.9805808],[128.0863461,41.980521],[128.0867243,41.9804253],[128.0869603,41.9803835],[128.0871239,41.9803456],[128.0872875,41.9802698],[128.0874056,41.980198],[128.0875209,41.9801063],[128.0876228,41.9799647],[128.0877891,41.9798232],[128.0880252,41.9797434],[128.0883363,41.9796597],[128.0884168,41.9796178],[128.0885133,41.97956],[128.0886099,41.9794503],[128.0887359,41.9793626],[128.0888459,41.9792988],[128.0890954,41.979233],[128.0892777,41.979227],[128.0895084,41.979221],[128.0896667,41.979211],[128.0898039,41.979185],[128.0899188,41.9791632],[128.0901521,41.9791213],[128.0903667,41.9790615],[128.0904794,41.9790077],[128.0906644,41.9788501],[128.0907583,41.9787165],[128.090879,41.9786288],[128.0911338,41.9785271],[128.0914316,41.9783736],[128.0917346,41.9781901],[128.0920753,41.9780286],[128.0924132,41.9778711],[128.0927002,41.9777834],[128.0927968,41.9777415],[128.0928799,41.9777076],[128.0929792,41.9776558],[128.0930248,41.9776518],[128.0930516,41.9776737],[128.0930918,41.9777275],[128.093175,41.9777734],[128.0933171,41.9777535],[128.0934298,41.9777694],[128.0934834,41.9778133],[128.0935129,41.9778631],[128.0936015,41.9778711],[128.0937544,41.9778292],[128.0938429,41.9778133],[128.0940494,41.9777634],[128.0942935,41.9777455],[128.0946368,41.9777216],[128.0950418,41.9776578],[128.0952457,41.977578],[128.0956051,41.9773307],[128.0958921,41.9770576],[128.0960047,41.976912],[128.0961174,41.9768183],[128.0962355,41.9767685],[128.0963963,41.9766887],[128.0965117,41.9766029],[128.0965734,41.9765052],[128.0966592,41.976254],[128.0966833,41.9760027],[128.0966887,41.9758083],[128.0966699,41.9757565],[128.0966324,41.9757136],[128.0966042,41.9756777],[128.0966029,41.9756109],[128.0966189,41.9754564],[128.0966887,41.9753068],[128.0968493,41.9751449],[128.0969945,41.9749977],[128.0970642,41.974897],[128.0970977,41.9748203],[128.0970843,41.9747614],[128.0970615,41.9747375],[128.0970079,41.9746976],[128.096973,41.9746498],[128.0969328,41.9745052],[128.0969153,41.9744544],[128.0968697,41.9744254],[128.0967933,41.9744075],[128.096745,41.9743836],[128.0967249,41.9743567],[128.0967396,41.9743237],[128.0967316,41.9742729],[128.0966914,41.9741991],[128.0965962,41.9740894],[128.0965586,41.9740456],[128.0965586,41.9739987],[128.0965559,41.9739209],[128.0965412,41.9738691],[128.0964996,41.9738192],[128.0964178,41.9737335],[128.0963762,41.9736797],[128.09634,41.9736139],[128.0963293,41.973567],[128.0963373,41.9734852],[128.0963534,41.9734075],[128.0963279,41.9733576],[128.0962998,41.9732968],[128.0962434,41.9732569],[128.09623,41.973226],[128.0962072,41.9731771],[128.0961817,41.9731582],[128.0961348,41.9731422],[128.0961134,41.9731203],[128.096112,41.9730685],[128.0960892,41.9729857],[128.0960664,41.9729119],[128.096057,41.9728641],[128.0960463,41.9728232],[128.0959739,41.9727524],[128.0959457,41.9726976],[128.0959375,41.9726699],[128.0959323,41.9726427],[128.0959564,41.9725998],[128.0959779,41.972552],[128.0959927,41.9725091],[128.095994,41.9724583],[128.0960275,41.9724164],[128.0960436,41.9723536],[128.096053,41.9723177],[128.0960798,41.9722987],[128.096104,41.9722838],[128.0961281,41.9722489],[128.0961294,41.972224],[128.096104,41.972206],[128.0960423,41.9721911],[128.0960087,41.9721821],[128.0959725,41.9721522],[128.095943,41.9720545],[128.09588,41.9719478],[128.0958264,41.971882],[128.0957888,41.9718241],[128.095766,41.9717483],[128.0957499,41.9716616],[128.095762,41.9716137],[128.0957781,41.9715709],[128.0957834,41.971532],[128.0957848,41.9714981],[128.0957539,41.9714602],[128.0956922,41.9714273],[128.0956426,41.9713715],[128.0955876,41.9713076],[128.0955367,41.9712329],[128.0954964,41.9711571],[128.0954817,41.9711192],[128.0954804,41.9710574],[128.0954911,41.9710015],[128.0954964,41.9709617],[128.0955072,41.9709258],[128.0955353,41.9708899],[128.0955501,41.970858],[128.0955447,41.970825],[128.0955286,41.9707862],[128.0954911,41.9707672],[128.0954629,41.9707533],[128.0954616,41.9707263],[128.0954475,41.9707013],[128.0954213,41.9706795],[128.0953731,41.9706595],[128.0953409,41.9706406],[128.0953114,41.9705887],[128.0952698,41.9705349],[128.0952577,41.970493],[128.0952577,41.9704452],[128.095239,41.9703644],[128.0952175,41.9703036],[128.0952188,41.9702358],[128.0952175,41.970165],[128.0952108,41.9700972],[128.0951866,41.9700463],[128.0951732,41.9700184],[128.095184,41.9699905],[128.0952121,41.9699376],[128.0952591,41.9699027],[128.0952832,41.9698619],[128.0952913,41.969805],[128.0952577,41.9697492],[128.0952121,41.9696953],[128.0951625,41.9696545],[128.0950834,41.9696495],[128.0949935,41.9696604],[128.0949372,41.9696627],[128.0948836,41.9696597],[128.0948219,41.9696096],[128.0947655,41.9695687],[128.094728,41.9695218],[128.0947119,41.969471],[128.094724,41.9693822],[128.0947521,41.9692716],[128.0947709,41.9691898],[128.0947883,41.969128],[128.0948219,41.9690622],[128.0948514,41.9690123],[128.0948581,41.9689894],[128.0948313,41.9689495],[128.094791,41.9689186],[128.0947749,41.9688867],[128.0948004,41.9688149],[128.094783,41.9687561],[128.0947521,41.9687042],[128.0946958,41.9686464],[128.0946274,41.9686085],[128.0945925,41.9685806],[128.0945724,41.9685327],[128.0945134,41.9684649],[128.0944973,41.968431],[128.0944879,41.9683462],[128.0944906,41.9682834],[128.094504,41.9682415],[128.0945201,41.9681977],[128.0945201,41.9681648],[128.0945067,41.9681139],[128.0945,41.968095],[128.0944839,41.968076],[128.0944262,41.9680571],[128.094319,41.9680421],[128.0942868,41.9680212],[128.0942797,41.9679716],[128.0942774,41.9679324],[128.0942532,41.9678925],[128.0941942,41.9678497],[128.0941594,41.9678008],[128.0941124,41.967743],[128.0940789,41.9677044],[128.0940584,41.9676737],[128.0940548,41.9676472],[128.0940789,41.9676133],[128.0941245,41.9676004],[128.094146,41.9675874],[128.094146,41.9675655],[128.0941433,41.9675046],[128.094154,41.9674658],[128.094205,41.967397],[128.0942599,41.9673202],[128.0943672,41.9672494],[128.0944759,41.9672105],[128.094563,41.9671886],[128.0946676,41.9671786],[128.0947226,41.9671796],[128.0947357,41.9671733],[128.0947454,41.9671606],[128.094736,41.9671327],[128.0947468,41.9670938],[128.0947816,41.9670689],[128.0948795,41.967024],[128.0949399,41.9669792],[128.0950163,41.9669612],[128.09507,41.9669562],[128.0951317,41.9669283],[128.0951773,41.9668994],[128.0951974,41.9668405],[128.0952121,41.9667618],[128.0952108,41.966682],[128.0952376,41.9666222],[128.095239,41.9665843],[128.0952188,41.9665185],[128.0951679,41.9664357],[128.0951008,41.9663848],[128.0950472,41.9663509],[128.0950163,41.9663235],[128.0950063,41.9662816],[128.0950083,41.9662602],[128.0950297,41.9662213],[128.0950834,41.9662014],[128.0951276,41.9661844],[128.0951558,41.9661326],[128.0951558,41.9660847],[128.095133,41.9660079],[128.0950914,41.9659531],[128.0950566,41.9659212],[128.0950204,41.9658464],[128.0950163,41.9658085],[128.095019,41.9657696],[128.0949976,41.9657337],[128.0949439,41.9656948],[128.0949064,41.9656699],[128.094897,41.965629],[128.0948889,41.9655761],[128.0948648,41.9655353],[128.0948232,41.9655213],[128.0947682,41.9655083],[128.0947374,41.9654694],[128.0947293,41.9654345],[128.0947414,41.9653867],[128.0947347,41.9653288],[128.0947186,41.965278],[128.0946864,41.9652401],[128.0946314,41.9652231],[128.0945885,41.9652052],[128.094555,41.9651603],[128.0945188,41.9651005],[128.094492,41.9650377],[128.0944826,41.9649828],[128.0944946,41.964931],[128.0944973,41.9648921],[128.0944772,41.9648622],[128.0944276,41.9648253],[128.0943713,41.9647944],[128.0943458,41.9647784],[128.0943364,41.9647565],[128.0943525,41.9647255],[128.0943538,41.9646697],[128.0943471,41.9645829],[128.094331,41.9645131],[128.0943176,41.9644563],[128.094323,41.9643945],[128.094323,41.9643426],[128.0943565,41.9642997],[128.0944088,41.9642579],[128.0944256,41.9642307],[128.0944276,41.9641821],[128.0944383,41.9641382],[128.0944665,41.9640784],[128.0944745,41.9640155],[128.0944531,41.9639667],[128.0944182,41.9639078],[128.0943739,41.9638261],[128.0943297,41.9637453],[128.0943176,41.9636835],[128.0943525,41.9636336],[128.0943726,41.9635907],[128.0943927,41.9635239],[128.0944075,41.9634601],[128.0944249,41.9634073],[128.0944557,41.9633574],[128.0945054,41.9633165],[128.0945684,41.9632806],[128.0946261,41.9632637],[128.094677,41.9632447],[128.0947092,41.9632138],[128.094736,41.9631749],[128.0947521,41.963132],[128.0947427,41.9630792],[128.0947012,41.9630363],[128.0946395,41.9630114],[128.0946127,41.9629884],[128.0946127,41.9629605],[128.0946167,41.9629266],[128.0945952,41.9628578],[128.0945724,41.962794],[128.094559,41.9627381],[128.094559,41.9626773],[128.0945939,41.9626205],[128.0946489,41.9625746],[128.0947132,41.9625676],[128.0947548,41.9625566],[128.094779,41.9625317],[128.0947924,41.9624888],[128.0948313,41.9624519],[128.0948581,41.96241],[128.0948661,41.9623781],[128.0949117,41.9623542],[128.0949721,41.9623183],[128.0950566,41.9622605],[128.0951263,41.9621946],[128.0951866,41.9621258],[128.0952993,41.96206],[128.0953597,41.9620301],[128.0954254,41.9620311],[128.0954991,41.9620261],[128.0956104,41.9620032],[128.0956534,41.9619523],[128.0957164,41.9619044],[128.0957593,41.9618735],[128.0957861,41.9618207],[128.0958223,41.961702],[128.0958652,41.9616302],[128.0958984,41.961588],[128.0959202,41.9615604],[128.0960047,41.9614846],[128.0960557,41.9614258],[128.0960812,41.9613909],[128.0960771,41.961352],[128.0960557,41.9613131],[128.096049,41.9612682],[128.0960557,41.9612193],[128.0960758,41.9611894],[128.0961388,41.9611804],[128.096163,41.9611735],[128.0961871,41.9611346],[128.0962193,41.9611226],[128.0963185,41.9611356],[128.0963883,41.9611356],[128.0964795,41.9611166],[128.0965586,41.9610937],[128.0965827,41.9610747],[128.0965921,41.9610528],[128.0965948,41.9610209],[128.0965747,41.9609551],[128.0965425,41.9608922],[128.0965184,41.9607965],[128.0964915,41.9607476],[128.0964942,41.9607018],[128.0965599,41.9606419],[128.0966109,41.9605901],[128.096635,41.9605651],[128.0966417,41.9605063],[128.0966337,41.9604215],[128.0966324,41.9603597],[128.0966619,41.9603348],[128.0967437,41.9602989],[128.0968228,41.960253],[128.0968952,41.9601972],[128.0969663,41.9601044],[128.0970468,41.9599518],[128.0971728,41.9597773],[128.0972238,41.9597225],[128.0972479,41.9596846],[128.0972922,41.9596636],[128.0973539,41.9596537],[128.0974223,41.9596437],[128.0974786,41.9596327],[128.0975229,41.9596098],[128.0975631,41.9595729],[128.0976006,41.959519],[128.0976395,41.9594432],[128.0976623,41.9593854],[128.0976838,41.9593285],[128.0977106,41.9592797],[128.0977803,41.9592458],[128.097893,41.9592198],[128.0980821,41.9591829],[128.0982336,41.959145],[128.098404,41.9591311],[128.0984831,41.9591311],[128.0985542,41.9591101],[128.0985984,41.9590673],[128.0986333,41.9589805],[128.0987084,41.9588937],[128.0988961,41.958794],[128.0990061,41.9587421],[128.0990919,41.9586644],[128.0991416,41.9585836],[128.0991657,41.9584729],[128.0991764,41.958417],[128.099155,41.9583751],[128.099155,41.9583333],[128.0991845,41.9582435],[128.0992113,41.9581986],[128.0992717,41.958061],[128.0993374,41.9579473],[128.0994017,41.9578526],[128.0994728,41.9578077],[128.0994916,41.9577837],[128.099501,41.9577369],[128.0995265,41.9576332],[128.0995023,41.9574925],[128.0994594,41.957325],[128.0994499,41.9572802],[128.0994312,41.9572053],[128.0994138,41.9570717],[128.0994125,41.9569999],[128.0994312,41.956953],[128.0995023,41.9568852],[128.0995586,41.9567595],[128.0995586,41.9566538],[128.0994728,41.9564982],[128.0992985,41.9563426],[128.0992354,41.9562629],[128.0991966,41.956205],[128.0991858,41.9561781],[128.0991952,41.9561312],[128.0992328,41.9560554],[128.0992462,41.9560055],[128.0992515,41.9559567],[128.0992113,41.9559088],[128.0991416,41.9558619],[128.099104,41.955825],[128.0990531,41.9557951],[128.0990329,41.9557512],[128.0990396,41.9557103],[128.0990826,41.9556535],[128.0990852,41.9556206],[128.0990584,41.9555418],[128.0990463,41.9554441],[128.0990759,41.9553513],[128.0991308,41.9553014],[128.0991724,41.9552605],[128.0992126,41.9552157],[128.0992435,41.9551478],[128.0992529,41.9550661],[128.0992569,41.9549713],[128.0992784,41.9548746],[128.0993052,41.9548127],[128.0993454,41.9547788],[128.0994138,41.9547499],[128.0995238,41.9546891],[128.0996203,41.9546442],[128.0996861,41.9545863],[128.0997156,41.9545245],[128.0997102,41.9544746],[128.0996995,41.9544008],[128.0996834,41.9543181],[128.0996767,41.9542762],[128.0996378,41.9542433],[128.0995975,41.9542163],[128.0995747,41.9541694],[128.0995734,41.9541226],[128.0995895,41.9540847],[128.0995935,41.9540258],[128.0995814,41.9539819],[128.0995439,41.9539351],[128.0995164,41.9539151],[128.0995037,41.9538972],[128.099509,41.9538692],[128.0994996,41.9538353],[128.0994487,41.9538004],[128.0993709,41.9537745],[128.0993266,41.9537256],[128.0992985,41.9536528],[128.099281,41.95357],[128.0992582,41.9535331],[128.0992086,41.9534853],[128.099151,41.9534523],[128.0991255,41.9534264],[128.0991335,41.9533676],[128.0991778,41.9532628],[128.0992033,41.9531721],[128.0992126,41.9531142],[128.0992596,41.9530644],[128.0992757,41.9530115],[128.0992717,41.9529636],[128.0992663,41.9529078],[128.0993092,41.9527931],[128.0993387,41.9527253],[128.0993481,41.9526624],[128.0993146,41.9526006],[128.0992837,41.9525517],[128.0992207,41.9525188],[128.099151,41.95245],[128.0991215,41.9523971],[128.0990987,41.9523283],[128.0990987,41.9521917],[128.0990852,41.9521079],[128.0990973,41.9519643],[128.0990919,41.9518286],[128.0991094,41.9516311],[128.0991375,41.9514725],[128.0991684,41.9512641],[128.0991952,41.9510526],[128.0991912,41.9509868],[128.099159,41.950933],[128.0990759,41.9508641],[128.0989873,41.9507724],[128.0989283,41.9506826],[128.0988707,41.9506367],[128.0987594,41.9505998],[128.0986762,41.9505908],[128.0986226,41.9505589],[128.0985998,41.950518],[128.0985957,41.9504741],[128.0986252,41.9504163],[128.098707,41.9502996],[128.0987473,41.9502667],[128.0988759,41.9502199],[128.0989417,41.9501959],[128.0990222,41.950164],[128.0990852,41.950135],[128.099104,41.9500842],[128.0990852,41.9500064],[128.0990624,41.9499086],[128.0990531,41.9498468],[128.0990209,41.9497969],[128.0989914,41.949759],[128.098994,41.9497181],[128.0990571,41.9496503],[128.099096,41.9496004],[128.0990973,41.9495585],[128.0990866,41.9495017],[128.0990946,41.9494408],[128.0991147,41.949385],[128.0991697,41.9493261],[128.0992153,41.9492922],[128.0992824,41.9492713],[128.0993535,41.9492663],[128.0994219,41.9492693],[128.0994648,41.9492643],[128.0995131,41.9492443],[128.0995654,41.9491925],[128.099627,41.9490987],[128.0996378,41.9490538],[128.0996324,41.948995],[128.0996311,41.9489281],[128.0996391,41.9488713],[128.0996834,41.9488015],[128.0997303,41.9487536],[128.0997732,41.9487287],[128.0998081,41.9487017],[128.0998188,41.9486848],[128.0998014,41.9486638],[128.0997558,41.9486548],[128.099729,41.9486389],[128.0997156,41.948612],[128.0997182,41.948577],[128.0997343,41.9485431],[128.0997598,41.9484593],[128.099798,41.9483786],[128.0997967,41.9483332],[128.0997933,41.9482274],[128.099798,41.9481786],[128.0998128,41.9481432],[128.0998524,41.9480978],[128.0999147,41.9480559],[128.0999556,41.9480314],[128.1000133,41.9480145],[128.1000307,41.9479876],[128.1000455,41.9479207],[128.1000535,41.9478629],[128.100071,41.947833],[128.1000998,41.947803],[128.1001514,41.9477552],[128.1001598,41.9477417],[128.1001618,41.947722],[128.1001528,41.9477],[128.10013,41.9476923],[128.1000616,41.9476813],[128.100024,41.9476594],[128.100016,41.9476414],[128.100024,41.9476135],[128.1000897,41.9475686],[128.1001233,41.9475247],[128.1001259,41.9474908],[128.1001031,41.9474509],[128.1000475,41.9473781],[128.0999985,41.9473163],[128.0999771,41.9472534],[128.099965,41.9472235],[128.0999181,41.9471806],[128.099855,41.9471327],[128.0997786,41.9471078],[128.0997223,41.9470679],[128.0997035,41.947035],[128.0996874,41.9469961],[128.0996767,41.9469123],[128.0996646,41.9468525],[128.0996405,41.9467667],[128.0996217,41.9467298],[128.0995975,41.9467058],[128.0995345,41.9466988],[128.0994634,41.9466909],[128.0994178,41.9466729],[128.0993709,41.94664],[128.0993132,41.9465921],[128.0992556,41.9465063],[128.0992194,41.9464315],[128.0992073,41.9464016],[128.0992046,41.9463658],[128.0992353,41.9463189],[128.0992649,41.9462799],[128.0993186,41.9462141],[128.0994004,41.9461482],[128.099446,41.9461303],[128.0994782,41.9461133],[128.0995063,41.9460824],[128.0995238,41.9460505],[128.0995385,41.9460066],[128.0995426,41.9459617],[128.0995184,41.9459318],[128.0995023,41.9459098],[128.0994983,41.9458719],[128.0995305,41.9458191],[128.0995882,41.9457313],[128.0996311,41.9456615],[128.099682,41.9456226],[128.0997249,41.9455936],[128.099741,41.9455647],[128.0997545,41.9455278],[128.0997491,41.9454919],[128.0997196,41.945433],[128.0997223,41.9454001],[128.0997129,41.9453423],[128.0996927,41.9452965],[128.0996579,41.9452585],[128.0996297,41.9452156],[128.0996244,41.9451827],[128.099627,41.9451408],[128.0996458,41.9451019],[128.099674,41.945056],[128.0997156,41.9449862],[128.0997357,41.9449413],[128.0997558,41.9449014],[128.0997853,41.9448535],[128.0998282,41.9447976],[128.0999596,41.9446849],[128.1000254,41.944653],[128.1001031,41.9446051],[128.1002735,41.9444734],[128.1002896,41.9444395],[128.1002922,41.9444026],[128.1002936,41.9443567],[128.1002788,41.944278],[128.1002734,41.9442092],[128.1002626,41.9441524],[128.1002252,41.9441084],[128.1001863,41.9440784],[128.1001782,41.9440445],[128.1001769,41.9440036],[128.1001675,41.9439597],[128.1001407,41.9439168],[128.1001058,41.9438919],[128.1000857,41.943868],[128.100079,41.943839],[128.100083,41.9437742],[128.1000951,41.9437183],[128.1001219,41.9436455],[128.1001447,41.9436056],[128.1001809,41.9435637],[128.1002238,41.9435348],[128.1002761,41.9435049],[128.100303,41.943466],[128.1003124,41.9434171],[128.1002882,41.9433682],[128.1002332,41.9433323],[128.1001554,41.9432844],[128.1000695,41.9432595],[128.0999837,41.9432346],[128.0999328,41.9432206],[128.0998819,41.9431877],[128.0998296,41.9431418],[128.0998053,41.9431089],[128.099792,41.9430551],[128.0997919,41.9430032],[128.099796,41.9429453],[128.0998,41.9429044],[128.0998202,41.9428794],[128.0998658,41.9428226],[128.0999006,41.9427707],[128.0999207,41.9426979],[128.0999368,41.942638],[128.1000026,41.9425662],[128.1000777,41.9425014],[128.1001581,41.9424275],[128.1002091,41.9423717],[128.1002426,41.9423048],[128.1002426,41.9422649],[128.1002118,41.942233],[128.1001125,41.9421911],[128.0999583,41.9421452],[128.0997558,41.9420744],[128.0997075,41.9420505],[128.0996713,41.9420265],[128.0996552,41.9420116],[128.0996498,41.9419886],[128.0996525,41.9419607],[128.0996766,41.9419059],[128.099694,41.9418301],[128.0997142,41.9417483],[128.0997545,41.9416445],[128.0997813,41.9415886],[128.0998282,41.9415637],[128.0999167,41.9415487],[128.1000562,41.9415407],[128.1002372,41.9415487],[128.10037,41.9415337],[128.1004612,41.9415028],[128.1005591,41.9414489],[128.1006409,41.9413881],[128.10072,41.9413252],[128.100763,41.9412794],[128.1007951,41.9412335],[128.1008273,41.9411547],[128.1008233,41.9411277],[128.1008045,41.9410918],[128.1007831,41.9410619],[128.1006852,41.941],[128.1006369,41.9409701],[128.1006007,41.9409412],[128.1005685,41.9409013],[128.1005377,41.9408424],[128.1005135,41.9406968],[128.1005001,41.9405691],[128.1005041,41.9405152],[128.1005417,41.9404763],[128.1006034,41.9404235],[128.1007414,41.9403627],[128.1007871,41.9403397],[128.1008019,41.9402998],[128.1008139,41.9402279],[128.1008099,41.9401741],[128.1007871,41.9400982],[128.1007817,41.9399945],[128.1007804,41.9399187],[128.1008172,41.939791],[128.1008705,41.939671],[128.1008263,41.9396017],[128.1006348,41.9394557],[128.1004301,41.9392887],[128.1004271,41.9392344],[128.1008592,41.9391041],[128.1008907,41.9389658],[128.1006596,41.93874],[128.1005497,41.9385281],[128.1006511,41.9383695],[128.100834,41.9382608],[128.1008527,41.9381094],[128.1008393,41.9379116],[128.1009515,41.9377526],[128.1009547,41.9373989],[128.1008742,41.9371334],[128.1008867,41.9369358],[128.1009522,41.9367135],[128.1006161,41.9363817],[128.1004831,41.936116],[128.100494,41.936022],[128.1006213,41.9359271],[128.1007168,41.9358612],[128.1007253,41.9358051],[128.1005145,41.9356652],[128.100143,41.9355752],[128.0999882,41.9355111],[128.0998058,41.935238],[128.0996953,41.9350198],[128.0996841,41.9348159],[128.0998141,41.9346637],[128.0998954,41.9343259],[128.1001072,41.9340378],[128.1002383,41.9337595],[128.1002598,41.9334802],[128.1000802,41.9332346],[128.1000536,41.9330825],[128.1001031,41.9329333],[128.1000629,41.9328535],[128.0997839,41.9327305],[128.0996292,41.9325649],[128.0996498,41.9323367],[128.0998108,41.9319256],[128.1002815,41.9310816],[128.1004295,41.9307318],[128.1006311,41.930477],[128.1006315,41.9304051],[128.1005574,41.9303549],[128.1001444,41.930193],[128.099981,41.9300859],[128.0999857,41.9298721],[128.100188,41.9293917],[128.1001572,41.928929],[128.1001042,41.9284811],[128.0999712,41.9278985],[128.0998432,41.9275616],[128.0996096,41.927362],[128.0992823,41.9271882],[128.0990499,41.9269913],[128.0989862,41.9267552],[128.0989443,41.9264793],[128.098923,41.9261886],[128.0989139,41.925865],[128.0989814,41.9255721],[128.0989892,41.9253187],[128.0988375,41.9251617],[128.0983374,41.9249564],[128.0974975,41.9246173],[128.0973323,41.924504],[128.0972533,41.9243105],[128.097309,41.9239616],[128.0971903,41.9235643],[128.0971447,41.9233688],[128.0972761,41.9231193],[128.0974746,41.922792],[128.0972251,41.9224348],[128.0971969,41.9221383],[128.0976472,41.9215642],[128.0976028,41.9212134],[128.0975114,41.9210085],[128.097519,41.9208435],[128.0977978,41.9202778],[128.097818,41.9198091],[128.0978796,41.9194133],[128.0981067,41.918982],[128.0981982,41.9186754],[128.0980911,41.9184274],[128.0977718,41.9182382],[128.0976264,41.9180722],[128.0976482,41.9178981],[128.0978376,41.917667],[128.0980508,41.9174219],[128.0980359,41.9172349],[128.097851,41.9168573],[128.0982083,41.9164811],[128.0982604,41.9161222],[128.0983339,41.9156912],[128.0981855,41.915503],[128.0981346,41.9153171],[128.0984642,41.9151729],[128.0987835,41.9149661],[128.0988747,41.9147332],[128.0987338,41.9143131],[128.0988161,41.913981],[128.0989532,41.9137989],[128.0991475,41.9135385],[128.0992766,41.9132447],[128.0993773,41.912816],[128.09927,41.9120206],[128.0992032,41.91161],[128.0991836,41.9109672],[128.0993138,41.9104946],[128.0994065,41.9099679],[128.0994535,41.9094745],[128.0992523,41.9087413],[128.0995897,41.9079753],[128.1000496,41.9065611],[128.1006036,41.9056752],[128.100943,41.9053215],[128.1010329,41.9050007],[128.1009685,41.904523],[128.1009376,41.9041762],[128.1007797,41.9038582],[128.1007164,41.9036443],[128.1009735,41.9031839],[128.1012598,41.902763],[128.1013283,41.9023105],[128.1012559,41.9017711],[128.1013453,41.9015356],[128.101435,41.9012992],[128.1020936,41.900497],[128.1022811,41.900241],[128.1024711,41.8999221],[128.1025829,41.899564],[128.1025544,41.8993708],[128.1025922,41.8991978],[128.1026949,41.899031],[128.1029439,41.8987622],[128.1035671,41.8984672],[128.1045443,41.898247],[128.1046841,41.8981321],[128.1045663,41.8977744],[128.1043921,41.8974711],[128.1044227,41.8972383],[128.1046269,41.8971663],[128.105433,41.8973093],[128.1055752,41.8973123],[128.1058232,41.8972553],[128.1064487,41.8967311],[128.1069854,41.8962912],[128.1077604,41.8956647],[128.1082024,41.8952469],[128.1085602,41.8948602],[128.108634,41.8942571],[128.1085251,41.893511],[128.1084555,41.893084],[128.1083842,41.8929688],[128.1082774,41.8925672],[128.1082503,41.892035],[128.1081256,41.8916238],[128.1079633,41.8913255],[128.1077823,41.8910248],[128.1076993,41.8908156],[128.1076759,41.8905915],[128.1075757,41.8902761],[128.1073344,41.8899526],[128.1071038,41.8897949],[128.1069662,41.8895641],[128.1069166,41.889386],[128.1068811,41.8891679],[128.106981,41.8890569],[128.107082,41.8888101],[128.1070635,41.8885968],[128.1068505,41.8882754],[128.1066842,41.8878565],[128.1064468,41.8874423],[128.1063838,41.8872931],[128.1064492,41.8870873],[128.106399,41.886926],[128.1063044,41.8867099],[128.1061327,41.8865621],[128.1058914,41.8864123],[128.1057209,41.88626],[128.1055291,41.886117],[128.1054374,41.8859299],[128.1053576,41.8857294],[128.1054057,41.8855123],[128.1056178,41.8852561],[128.1057031,41.8849933],[128.1056747,41.8847874],[128.1055084,41.8846352],[128.1054515,41.8845086],[128.1054128,41.8843558],[128.1053583,41.8840465],[128.1052092,41.8837705],[128.1051057,41.8834778],[128.1049504,41.883263],[128.1048367,41.883056],[128.1048282,41.882892],[128.1047426,41.8827769],[128.104731,41.8826678],[128.104861,41.8823589],[128.1048384,41.8822484],[128.104833,41.8821571],[128.1047915,41.8820203],[128.1048187,41.8818068],[128.1047472,41.8815172],[128.1047303,41.8813791],[128.1047907,41.8812282],[128.1045771,41.8808604],[128.1040704,41.8800929],[128.1041101,41.8800155],[128.104197,41.8799445],[128.1042335,41.8798216],[128.103871,41.8797385],[128.1037617,41.8796553],[128.1035179,41.8792334],[128.1031943,41.8789153],[128.102994,41.8784533],[128.1027616,41.8781262],[128.1027937,41.8779482],[128.1030783,41.877225],[128.1032684,41.8769657],[128.1033869,41.8765771],[128.1034161,41.8761668],[128.1031992,41.8757802],[128.1030995,41.8752864],[128.1032636,41.874214],[128.1034134,41.8731237],[128.1034528,41.872478],[128.1034724,41.8722161],[128.1036208,41.8720053],[128.1037887,41.8715965],[128.1037595,41.8714339],[128.1035934,41.8714317],[128.1034015,41.8713592],[128.1033353,41.871259],[128.1032286,41.8709372],[128.1032103,41.870609],[128.1031239,41.870496],[128.1030976,41.8703127],[128.1032326,41.8700462],[128.1033423,41.8698692],[128.103452,41.8697114],[128.1037315,41.869447],[128.1038737,41.869288],[128.1039472,41.8691546],[128.1039208,41.8687854],[128.103843,41.8685568],[128.1034967,41.8677883],[128.103279,41.8671036],[128.1031901,41.8666937],[128.1031863,41.8664523],[128.1031912,41.8662557],[128.1032866,41.8658752],[128.1032753,41.8657391],[128.1031953,41.8656914],[128.1031035,41.8656641],[128.1028716,41.8656786],[128.102425,41.8657203],[128.1022356,41.865644],[128.1021512,41.8655573],[128.1021268,41.8654579],[128.1021983,41.8652781],[128.1023295,41.8649437],[128.1022865,41.8648237],[128.1020289,41.8646845],[128.1020174,41.8644405],[128.1019802,41.8642796],[128.1014681,41.863357],[128.1014948,41.8625512],[128.101558,41.8623048],[128.1016726,41.8621351],[128.1017303,41.8619683],[128.1015083,41.8616518],[128.1014237,41.8614824],[128.1014003,41.861348],[128.1015532,41.8611087],[128.1017577,41.8608183],[128.1022625,41.8603457],[128.1024205,41.8601893],[128.1024755,41.8600841],[128.1024507,41.8599471],[128.1021942,41.8594393],[128.1021842,41.8592631],[128.1021999,41.8591316],[128.1022742,41.8588239],[128.1023345,41.8586676],[128.1025062,41.8585],[128.1025964,41.8583906],[128.1026179,41.8582365],[128.1025458,41.8578575],[128.1024711,41.8576903],[128.1024307,41.8575807],[128.1024938,41.8574773],[128.1026255,41.8573867],[128.1026916,41.8572182],[128.1021525,41.8569918],[128.1022842,41.8564803],[128.102393,41.8563077],[128.1024474,41.8560935],[128.1024331,41.8559944],[128.1024126,41.8559313],[128.1022032,41.8558362],[128.1021535,41.8557676],[128.1020971,41.855643],[128.1020101,41.855509],[128.1017639,41.8550605],[128.1017851,41.8549075],[128.1018492,41.8548377],[128.1019774,41.8546596],[128.1021421,41.8544893],[128.1022005,41.8543812],[128.1022245,41.8542922],[128.1023129,41.8541969],[128.1024528,41.8541911],[128.1025868,41.8541259],[128.1026924,41.8540582],[128.1027637,41.8539585],[128.1019824,41.8533127],[128.101656,41.8529419],[128.1015867,41.8527506],[128.1016032,41.8526488],[128.1017454,41.8520859],[128.1019196,41.8517501],[128.1019306,41.8515869],[128.1011573,41.8506887],[128.1002873,41.8504103],[128.1001591,41.8502128],[128.0998635,41.8495742],[128.0999773,41.8494652],[128.100164,41.8493499],[128.1002006,41.8492633],[128.1002286,41.8491831],[128.1001199,41.8490359],[128.0999254,41.8488311],[128.0996394,41.8484663],[128.0996531,41.8482803],[128.0996728,41.8482112],[128.0997183,41.8481582],[128.1000467,41.8481338],[128.1004609,41.8481669],[128.100632,41.8480317],[128.1006571,41.8478773],[128.1007003,41.8475037],[128.1006748,41.847258],[128.0998881,41.8466424],[128.0999178,41.8464209],[128.0999904,41.8461803],[128.1001917,41.845994],[128.1002538,41.8459073],[128.1002643,41.8458333],[128.099945,41.8450641],[128.1000254,41.8445777],[128.0996112,41.8441345],[128.098602,41.8433673],[128.0989484,41.8427097],[128.0974517,41.8412452],[128.0970291,41.8406252],[128.0973014,41.8398513],[128.0974297,41.8394908],[128.097606,41.8391376],[128.0972448,41.8388776],[128.0967659,41.8387824],[128.0964023,41.8378885],[128.0966198,41.8372506],[128.0966902,41.8371024],[128.0967606,41.837008],[128.0969807,41.8368085],[128.0971547,41.8367259],[128.0972493,41.8366433],[128.0972012,41.8364392],[128.0971482,41.8363532],[128.0971001,41.8362887],[128.0971025,41.8362135],[128.0978562,41.8357797],[128.0985991,41.8354309],[128.0991058,41.8351393],[128.0994321,41.8348228],[128.0996554,41.8341334],[128.099403,41.8336774],[128.0993232,41.8331746],[128.0989258,41.8327291],[128.0985838,41.8322693],[128.0988691,41.8316634],[128.0996581,41.8312464],[128.0995111,41.8311349],[128.0991064,41.8313283],[128.0989382,41.8307506],[128.0996626,41.8304169],[128.0996147,41.8302335],[128.0994608,41.8300208],[128.0993683,41.829835],[128.0994342,41.8293271],[128.0994929,41.828889],[128.0993036,41.8286184],[128.0990132,41.8282726],[128.0989377,41.8280649],[128.09865,41.8275086],[128.0987373,41.8272587],[128.0987485,41.8271365],[128.0987669,41.8270519],[128.098816,41.8269046],[128.0988911,41.826847],[128.0989878,41.8267895],[128.0991532,41.826831],[128.0992753,41.827007],[128.0993757,41.8271588],[128.099505,41.8272783],[128.0996978,41.8272412],[128.0998979,41.8272095],[128.0999552,41.8270273],[128.0999403,41.8268558],[128.100012,41.8267167],[128.1000909,41.826599],[128.1002321,41.8259479],[128.099662,41.8251824],[128.099647,41.8250861],[128.0997043,41.8250435],[128.0998692,41.824953],[128.1000187,41.8248205],[128.1003321,41.824338],[128.1005285,41.8240967],[128.1005653,41.8239815],[128.1005805,41.8238662],[128.1005351,41.8236989],[128.1003938,41.8235311],[128.1001271,41.8233185],[128.1000779,41.8231881],[128.1001009,41.823063],[128.0998965,41.8228398],[128.0997643,41.8225575],[128.0996318,41.8224135],[128.0994198,41.8222668],[128.0993444,41.822071],[128.0993845,41.8218913],[128.0995052,41.8217102],[128.0995145,41.8216037],[128.0993169,41.8215309],[128.0991986,41.821442],[128.0991161,41.8212085],[128.0991129,41.8209589],[128.0991394,41.8207806],[128.0992165,41.8206077],[128.0993489,41.8204877],[128.0995761,41.8203172],[128.099825,41.8201413],[128.1001641,41.8199654],[128.100431,41.819854],[128.1005856,41.8198609],[128.1007545,41.8198409],[128.1009606,41.8198125],[128.1011738,41.8197734],[128.1013871,41.8197235],[128.1016076,41.8196575],[128.1017165,41.8195736],[128.1017894,41.8195005],[128.1018701,41.8193381],[128.1018765,41.8191657],[128.1018468,41.8189987],[128.1018949,41.818881],[128.1018646,41.8187129],[128.1017832,41.8186086],[128.1017017,41.8185742],[128.101585,41.8185712],[128.1014108,41.8185662],[128.1013058,41.8185317],[128.101298,41.8184453],[128.1013343,41.8182963],[128.1014549,41.8181124],[128.101573,41.8179405],[128.10177,41.8177345],[128.1019512,41.8174228],[128.1020788,41.8172337],[128.1022623,41.817077],[128.1025956,41.8169036],[128.102802,41.8168691],[128.1029976,41.8168614],[128.1030897,41.8169663],[128.1031421,41.8171089],[128.1032701,41.8172523],[128.1034774,41.8172989],[128.103816,41.8173616],[128.1039564,41.8173796],[128.1040896,41.8173706],[128.1041162,41.8173093],[128.1041258,41.8172127],[128.1040994,41.8171323],[128.1035652,41.8164888],[128.1035453,41.816361],[128.1035457,41.8162257],[128.1036283,41.8159816],[128.1034295,41.8155408],[128.1034402,41.8154378],[128.1034917,41.8153463],[128.1037979,41.8150823],[128.1039204,41.8148411],[128.1037527,41.8145314],[128.103728,41.8143862],[128.1037438,41.8143022],[128.1037799,41.8142601],[128.1039266,41.8142811],[128.1040356,41.8141966],[128.10416,41.8141178],[128.1042649,41.8140386],[128.1043443,41.8139481],[128.1043726,41.8138271],[128.104355,41.8137252],[128.1039533,41.8131993],[128.1039612,41.8130496],[128.1040304,41.8128732],[128.1041741,41.812719],[128.104374,41.8125913],[128.1045535,41.8124865],[128.1046819,41.8123665],[128.1049474,41.8119548],[128.1051619,41.8116116],[128.10504,41.8109607],[128.1049896,41.8104088],[128.1049026,41.8099423],[128.1048871,41.8094529],[128.1049735,41.8088576],[128.105162,41.8083155],[128.1052953,41.8079298],[128.1054668,41.8076734],[128.1056381,41.8074752],[128.1057302,41.8073113],[128.105743,41.8071506],[128.1054355,41.8070163],[128.1053047,41.8068331],[128.1052403,41.8066652],[128.1050695,41.8065072],[128.1047634,41.806256],[128.1038462,41.8059632],[128.1037374,41.8059568],[128.1036336,41.8060038],[128.1035792,41.8060938],[128.1035368,41.8062739],[128.1034825,41.8063678],[128.1033181,41.8062786],[128.1031588,41.8061609],[128.102894,41.8059655],[128.1028078,41.8058463],[128.1025971,41.8055335],[128.1022788,41.805149],[128.102191,41.804971],[128.102162,41.8048177],[128.1021583,41.8046834],[128.1021775,41.8045756],[128.1022722,41.804381],[128.1024306,41.8041826],[128.1025585,41.8040109],[128.1025879,41.8037911],[128.102694,41.8036],[128.1028204,41.8034069],[128.1028856,41.8032328],[128.102931,41.8029286],[128.103003,41.8026512],[128.1031459,41.8024155],[128.1032452,41.8022583],[128.1033879,41.8020972],[128.1035917,41.8018588],[128.1037695,41.8017967],[128.1038661,41.8017276],[128.1039218,41.8016623],[128.1038908,41.8015653],[128.1038422,41.8014997],[128.1038086,41.801473],[128.1037431,41.8014532],[128.1037286,41.8014147],[128.103745,41.8013675],[128.1038141,41.8012876],[128.1040499,41.8011755],[128.1041684,41.8010597],[128.1041965,41.8000584],[128.1041189,41.7999861],[128.1040414,41.7999405],[128.1038745,41.7999443],[128.1037076,41.7998873],[128.1037282,41.7997908],[128.1038101,41.799721],[128.1040866,41.7995973],[128.1041994,41.7995202],[128.1042611,41.7994545],[128.1044196,41.7992923],[128.1044914,41.7990845],[128.1044136,41.7990155],[128.1043104,41.7989959],[128.104114,41.798991],[128.1039585,41.7989938],[128.1038348,41.7989837],[128.1037724,41.7989128],[128.1037444,41.7987975],[128.1037471,41.7987013],[128.103868,41.7986098],[128.1042031,41.7984578],[128.1043579,41.7983952],[128.1044693,41.7983154],[128.1045,41.7982673],[128.1044963,41.7982286],[128.1044626,41.7981633],[128.1044136,41.7981094],[128.1042686,41.7979962],[128.1035867,41.797219],[128.1034694,41.7970026],[128.1034185,41.7968924],[128.1034032,41.7967785],[128.1034555,41.7965178],[128.1035638,41.796325],[128.1035772,41.7960955],[128.1035558,41.7958932],[128.1035451,41.7957921],[128.1035701,41.7956757],[128.1039233,41.7951066],[128.1039943,41.795016],[128.1040704,41.7949481],[128.104149,41.7948841],[128.1042379,41.7948315],[128.1046214,41.794648],[128.1048068,41.7945837],[128.1050178,41.7945308],[128.1053942,41.794511],[128.1055497,41.7945117],[128.1056491,41.7944991],[128.1057224,41.7944463],[128.1058008,41.7942718],[128.1058482,41.7940948],[128.1058635,41.7939709],[128.105836,41.7938758],[128.1057634,41.7937678],[128.1057551,41.7936567],[128.105799,41.7935288],[128.1061445,41.7931649],[128.1065021,41.7927491],[128.1066595,41.7925476],[128.1067353,41.7923461],[128.1071314,41.7914946],[128.1071567,41.7913946],[128.107154,41.7913009],[128.1071121,41.7911782],[128.1069259,41.7910288],[128.1067183,41.7908891],[128.106636,41.7908371],[128.1065967,41.7907691],[128.1065652,41.7906107],[128.1064635,41.7903132],[128.1066642,41.790036],[128.1068912,41.7898606],[128.1070752,41.7897492],[128.1084511,41.7890821],[128.1091106,41.7891215],[128.1099739,41.7890535],[128.1106508,41.7891831],[128.110983,41.7891285],[128.1115385,41.7892428],[128.1124989,41.7894367],[128.1126845,41.7897676],[128.1129153,41.7898444],[128.1135598,41.7896306],[128.1145508,41.7892741],[128.1148534,41.7889364],[128.1148386,41.7885466],[128.114965,41.7883155],[128.1158526,41.7881922],[128.1160552,41.7879319],[128.1161621,41.7870108],[128.1165069,41.7863918],[128.1167776,41.7856954],[128.1171552,41.7854274],[128.1179677,41.7845668],[128.118419,41.784535],[128.1191467,41.7846582],[128.1195287,41.7845675],[128.120406,41.7839114],[128.1213418,41.7838696],[128.1226357,41.7827129],[128.1230109,41.7825954],[128.1234648,41.7827101],[128.1235483,41.783123],[128.1238339,41.7831137],[128.1238564,41.7826189],[128.1241723,41.7814614],[128.1247311,41.7811171],[128.1251293,41.7805611],[128.1254285,41.780264],[128.1266722,41.7799312],[128.1269227,41.7795439],[128.1272132,41.779416],[128.1276056,41.7794479],[128.1286022,41.7804707],[128.1298442,41.7802932],[128.1302357,41.7803523],[128.1306614,41.7806209],[128.1310538,41.7811327],[128.1313674,41.7821361],[128.1329906,41.7837747],[128.134409,41.7839335],[128.1344656,41.7842464],[128.1347195,41.7843701],[128.1349671,41.7841854],[128.1350694,41.7831081],[128.1345941,41.7820056],[128.1338454,41.780993],[128.1334591,41.780653],[128.1334242,41.7804709],[128.1338051,41.7796969],[128.1338829,41.7793808],[128.1345239,41.7787968],[128.135857,41.7783048],[128.1363291,41.7782088],[128.1369889,41.7781987],[128.137351,41.7781347],[128.1378284,41.7779187],[128.1392473,41.7780867],[128.1401196,41.7783582],[128.1406313,41.7783508],[128.1412348,41.7779788],[128.1416452,41.7779707],[128.1418383,41.7779637],[128.1419295,41.7776707],[128.141224,41.7768666],[128.1406287,41.7761465],[128.139663,41.7751903],[128.139368,41.7750404],[128.1390327,41.7750444],[128.1383836,41.7751584],[128.1375951,41.7753004],[128.136754,41.7752776],[128.1363317,41.7750504],[128.1360394,41.7747923],[128.1357605,41.7744063],[128.1356854,41.7740482],[128.1358355,41.7736161],[128.1362217,41.773052],[128.1366616,41.772716],[128.137182,41.7724699],[128.1374395,41.7719838],[128.1377453,41.7715797],[128.1384104,41.7711476],[128.1396067,41.7704975],[128.1402478,41.7702675],[128.1407011,41.7700834],[128.1407386,41.7698314],[128.1405508,41.7694913],[128.1402237,41.7691132],[128.1394887,41.7690992],[128.1391078,41.7691272],[128.1387377,41.7692312],[128.1380886,41.7695393],[128.1375897,41.7695713],[128.137064,41.7694713],[128.1367421,41.7691192],[128.1366428,41.7686231],[128.136726,41.7678989],[128.1369996,41.7671667],[128.1374529,41.7654402],[128.1380216,41.764788],[128.1381583,41.7644899],[128.1382629,41.7636896],[128.1385875,41.7632815],[128.1392204,41.7625873],[128.1399795,41.7621691],[128.1412992,41.7620271],[128.1431632,41.7620802],[128.1433377,41.761973],[128.1433941,41.7618851],[128.1434744,41.7615889],[128.1431311,41.7609807],[128.1429809,41.7605065],[128.1427207,41.7601784],[128.1423023,41.7597122],[128.141908,41.7583477],[128.1418919,41.7572452],[128.1423064,41.7565189],[128.1437963,41.7552843],[128.1440645,41.7549662],[128.1439895,41.7546501],[128.1437051,41.754512],[128.143099,41.7541798],[128.1425598,41.7536275],[128.1416935,41.7532514],[128.1409398,41.7522289],[128.1400063,41.7507681],[128.1400198,41.7501158],[128.1403362,41.7491012],[128.1415755,41.7480606],[128.1421683,41.7477584],[128.1424793,41.7473042],[128.143512,41.7467258],[128.1444427,41.7462656],[128.1458455,41.7459954],[128.1462398,41.7458733],[128.1464168,41.7456372],[128.1463444,41.745341],[128.1456738,41.74366],[128.1456229,41.742149],[128.1458777,41.7420369],[128.1459515,41.7419049],[128.1457678,41.7416406],[128.1459985,41.7411343],[128.1461459,41.740744],[128.1464436,41.7405289],[128.1465161,41.7403838],[128.1465537,41.7402437],[128.1464275,41.7401676],[128.146162,41.7402437],[128.1460279,41.7401256],[128.1460065,41.7400175],[128.1460588,41.7399185],[128.1463364,41.7396072],[128.146036,41.7386786],[128.1452716,41.7373937],[128.1452743,41.7369813],[128.1455834,41.7361416],[128.1458455,41.7358425],[128.1463243,41.7358014],[128.1464598,41.7355923],[128.1466555,41.7351399],[128.1471383,41.7346075],[128.1479752,41.7340691],[128.1484955,41.7334246],[128.1491285,41.7329562],[128.1505074,41.7325644],[128.1507029,41.7322625],[128.1510437,41.7314476],[128.1515415,41.7309008],[128.1514824,41.730542],[128.1499679,41.7282952],[128.1497646,41.7276793],[128.1504582,41.7267022],[128.1508049,41.7264627],[128.1520717,41.7252851],[128.1530339,41.7247291],[128.1535327,41.7243727],[128.153994,41.7238702],[128.1552869,41.7230194],[128.1561076,41.7222267],[128.156746,41.7217863],[128.156408,41.7208974],[128.1563866,41.7189674],[128.1567675,41.7183848],[128.157092,41.7182387],[128.1578169,41.7181396],[128.1586987,41.7180625],[128.1594236,41.7180257],[128.1598926,41.7180081],[128.1602409,41.7180925],[128.1607238,41.7183108],[128.1609759,41.7182927],[128.1618261,41.717598],[128.1621748,41.7172416],[128.1623089,41.7169934],[128.1623707,41.7165189],[128.162325,41.7161645],[128.1621963,41.715704],[128.1618851,41.7150913],[128.1617993,41.7146749],[128.1619548,41.7142104],[128.1617672,41.713838],[128.1611824,41.7131252],[128.1613916,41.7125605],[128.1617135,41.7121441],[128.1623975,41.7117837],[128.1628776,41.7115634],[128.1639129,41.7109347],[128.165321,41.7103941],[128.1658074,41.7103016],[128.167212,41.7101618],[128.1688037,41.7101135],[128.1708893,41.7100257],[128.1716027,41.7101418],[128.1721098,41.7104761],[128.1725496,41.7108526],[128.1729493,41.7110929],[128.1734159,41.7110569],[128.1739202,41.7105264],[128.1745961,41.710336],[128.1754759,41.7101999],[128.1765423,41.7100961],[128.1771656,41.7098074],[128.1776833,41.7093889],[128.1779731,41.7089864],[128.1780749,41.70861],[128.1781205,41.7080113],[128.1785653,41.7076575],[128.1794683,41.7073394],[128.1800894,41.707423],[128.1806176,41.7079472],[128.1806687,41.7082395],[128.1809502,41.7087041],[128.1817979,41.7088603],[128.1828041,41.7089562],[128.1839356,41.7089605],[128.1843647,41.708668],[128.1851211,41.7075927],[128.1852445,41.7071383],[128.18527,41.7061631],[128.1845336,41.7054482],[128.1845444,41.7052118],[128.1850085,41.7045851],[128.1866741,41.7038922],[128.1869638,41.703688],[128.1869906,41.7033796],[128.186835,41.7027968],[128.1869584,41.7026847],[128.1876799,41.7022762],[128.1882995,41.7018436],[128.1897211,41.7012388],[128.1924598,41.7006282],[128.1941038,41.7003928],[128.1945893,41.7001775],[128.194769,41.6999652],[128.1949353,41.6995526],[128.1953752,41.6988317],[128.1955885,41.6985333],[128.196153,41.6982178],[128.1962161,41.6980616],[128.1961342,41.6978724],[128.1955763,41.6972155],[128.1948629,41.6967289],[128.1936532,41.6962121],[128.1931945,41.6959758],[128.1930631,41.6957074],[128.1931248,41.6952468],[128.1933421,41.6948142],[128.1940448,41.6940111],[128.1955657,41.6933641],[128.1964373,41.6930376],[128.1971267,41.6924629],[128.1978241,41.6914734],[128.1984839,41.6910668],[128.1987012,41.6907524],[128.1988541,41.6903057],[128.198964,41.6898831],[128.1993234,41.6894625],[128.1999698,41.6888836],[128.2003896,41.6885942],[128.2013297,41.6881264],[128.2014263,41.6876197],[128.2014799,41.6870709],[128.201677,41.6866382],[128.2017589,41.6862616],[128.2017749,41.6854885],[128.2019157,41.6848565],[128.2021075,41.684551],[128.202408,41.6844028],[128.2027513,41.6844509],[128.2030839,41.6846191],[128.2039583,41.6853322],[128.20418,41.6855396],[128.2049346,41.6857869],[128.2052028,41.6859051],[128.2055341,41.6863438],[128.2060182,41.68647],[128.2073889,41.6867113],[128.2081586,41.6869988],[128.209303,41.6875743],[128.2112002,41.6879963],[128.2118279,41.6880043],[128.2122222,41.6879165],[128.2125616,41.687744],[128.2128545,41.6873566],[128.2138073,41.6854244],[128.2140005,41.6847153],[128.2139642,41.6843767],[128.2137027,41.6838549],[128.2136775,41.6834931],[128.2138476,41.6821859],[128.2139717,41.6814024],[128.214128,41.6807587],[128.2146331,41.6801333],[128.2152598,41.6797353],[128.2160442,41.6792794],[128.2168154,41.6791163],[128.2175584,41.6790322],[128.2179648,41.6791223],[128.2185569,41.6794423],[128.2190443,41.6795241],[128.2195915,41.679516],[128.2201819,41.6794898],[128.2207301,41.6793426],[128.2212424,41.6792796],[128.2217815,41.6792766],[128.2221303,41.6792276],[128.2227517,41.6789752],[128.2233627,41.6787588],[128.2240882,41.6786796],[128.2248728,41.6786515],[128.2252027,41.6786215],[128.2253731,41.6785624],[128.2256868,41.6784001],[128.2261482,41.678325],[128.2268161,41.6781928],[128.2274115,41.6780245],[128.228716,41.6782043],[128.2289165,41.6782813],[128.2291522,41.6784305],[128.2294295,41.6787138],[128.2295815,41.6789789],[128.229607,41.6792908],[128.2295828,41.6794864],[128.2294413,41.6801123],[128.2293991,41.6803255],[128.2293447,41.6805331],[128.2293125,41.6807152],[128.2292812,41.6809084],[128.229292,41.6810687],[128.2293475,41.6811774],[128.229471,41.6813225],[128.2296693,41.6814726],[128.2299503,41.6815638],[128.2301321,41.6815843],[128.2302944,41.6815679],[128.2304057,41.6815187],[128.2305382,41.6814437],[128.2310477,41.6810192],[128.2311565,41.6809231],[128.2315137,41.6807084],[128.232269,41.6804235],[128.2333297,41.6798726],[128.2338052,41.6797663],[128.2339413,41.679566],[128.2345211,41.6787195],[128.2347071,41.6784372],[128.2354112,41.6782579],[128.2367362,41.6781758],[128.2371855,41.6782609],[128.2382905,41.6786576],[128.2389665,41.6789701],[128.2395485,41.6790652],[128.2405436,41.6790702],[128.2420765,41.6790422],[128.2425928,41.6788298],[128.2428959,41.6785894],[128.2430354,41.6782889],[128.2430555,41.6779444],[128.2429873,41.6771661],[128.2427403,41.6763056],[128.2426706,41.6758849],[128.2423434,41.6755884],[128.2415307,41.6754281],[128.2405972,41.6754001],[128.2399991,41.6751116],[128.2397309,41.6748452],[128.2395335,41.6745137],[128.2396286,41.6741211],[128.2400416,41.6737928],[128.2404574,41.6736191],[128.2414294,41.6735094],[128.2423273,41.6735169],[128.2425968,41.673549],[128.2428181,41.6733987],[128.2437797,41.6728538],[128.2452777,41.6723448],[128.2461534,41.6716136],[128.2464667,41.6713005],[128.2468213,41.6711778],[128.2473611,41.671059],[128.2487848,41.6710712],[128.2497285,41.671278],[128.250559,41.6714963],[128.2516509,41.6718061],[128.2526484,41.6721054],[128.2532573,41.6719221],[128.2537937,41.6715815],[128.2541772,41.6709664],[128.253827,41.6697247],[128.2536756,41.6691291],[128.2534106,41.6685943],[128.2518169,41.66741],[128.2508081,41.6665627],[128.2505706,41.6661167],[128.2507607,41.6654059],[128.2509776,41.6649688],[128.2521405,41.6643437],[128.2532856,41.6640968],[128.2542872,41.6640879],[128.2557922,41.6642243],[128.2569721,41.6645868],[128.2576949,41.6648707],[128.2598451,41.6661827],[128.2607136,41.6663697],[128.2615909,41.6662779],[128.2622782,41.6660712],[128.2636026,41.6655526],[128.2638815,41.6652681],[128.2640016,41.6645989],[128.2639727,41.6642782],[128.2637823,41.6638598],[128.2630366,41.6631861],[128.2619305,41.6623],[128.2612844,41.6612919],[128.2606843,41.6605562],[128.2605073,41.6598859],[128.2604697,41.6591043],[128.2607972,41.6579909],[128.2611349,41.6575353],[128.262226,41.6567292],[128.2633061,41.6554527],[128.2642875,41.6547234],[128.2654811,41.654296],[128.2663384,41.6542086],[128.2672603,41.6544837],[128.2681972,41.655382],[128.2687162,41.6556775],[128.2695115,41.6558479],[128.2702142,41.6560443],[128.2705073,41.6561608],[128.2714587,41.6566094],[128.2719402,41.6567517],[128.2722876,41.6567207],[128.2726,41.6564681],[128.2726456,41.6560423],[128.2718813,41.6550204],[128.271727,41.6540402],[128.2717162,41.6530663],[128.271389,41.6525452],[128.2710556,41.6521111],[128.2704288,41.6515792],[128.2692379,41.6511022],[128.2683599,41.6507393],[128.268124,41.6504859],[128.2676716,41.6491975],[128.2675534,41.6478394],[128.2677305,41.6474706],[128.2678592,41.6469334],[128.2678485,41.6465205],[128.2677787,41.6455505],[128.2681998,41.6449171],[128.2689321,41.6446434],[128.2694431,41.6445814],[128.2705348,41.6447698],[128.2714158,41.6447607],[128.2726711,41.6447166],[128.2742486,41.6442834],[128.2749108,41.6436217],[128.2751083,41.6431348],[128.2751394,41.6430486],[128.2751751,41.6426725],[128.275069,41.6423194],[128.2748598,41.6420849],[128.2745621,41.6419546],[128.2737896,41.6417702],[128.2734986,41.6415527],[128.2732947,41.6411287],[128.2733922,41.6405877],[128.273986,41.6399232],[128.2752192,41.6391536],[128.2764417,41.6386644],[128.2772875,41.6384802],[128.2779282,41.6380618],[128.2783292,41.6373161],[128.2783145,41.6365724],[128.2777488,41.6358141],[128.2774642,41.6356723],[128.2764745,41.635534],[128.2761258,41.6354338],[128.2759085,41.6352754],[128.2753692,41.6338755],[128.2751711,41.6326482],[128.2752782,41.6318634],[128.2756215,41.6315867],[128.2763501,41.6313511],[128.2769968,41.6313767],[128.2778073,41.6316316],[128.2780487,41.6318374],[128.2783408,41.6319807],[128.2786896,41.6322035],[128.2788908,41.6323357],[128.2791298,41.632444],[128.279368,41.6324885],[128.2797452,41.6325491],[128.2800849,41.6326217],[128.2804388,41.6326412],[128.2811952,41.6326212],[128.2818837,41.6324338],[128.2824075,41.6320318],[128.2824987,41.6315426],[128.2823324,41.630865],[128.2822788,41.6305402],[128.2822962,41.6302837],[128.2828903,41.6295258],[128.2832068,41.6290406],[128.2832873,41.6286798],[128.2832766,41.6282547],[128.2829229,41.6278282],[128.2812738,41.627041],[128.2806788,41.6268533],[128.2802805,41.6267551],[128.27996,41.6266237],[128.2797016,41.6262797],[128.2795591,41.6252674],[128.279602,41.6245426],[128.2798192,41.6240393],[128.2800751,41.6236923],[128.2805729,41.6232945],[128.2813329,41.6230416],[128.2822574,41.623116],[128.2833789,41.6234627],[128.2842314,41.6239722],[128.2853733,41.6248752],[128.28669,41.6264815],[128.2876781,41.6270054],[128.2888604,41.6270795],[128.2900915,41.6267987],[128.2916309,41.6266493],[128.2928793,41.626663],[128.2940209,41.6271477],[128.2950488,41.6277861],[128.2955257,41.6283906],[128.296193,41.6288249],[128.2964216,41.6288056],[128.2974863,41.6280618],[128.2978077,41.6276648],[128.2979611,41.6270564],[128.2973395,41.6261604],[128.2951614,41.6245759],[128.295064,41.6241296],[128.2953481,41.6232863],[128.2956904,41.6229161],[128.2970993,41.6220995],[128.2977996,41.6214234],[128.298077,41.6205717],[128.2986106,41.6193781],[128.2995353,41.6184927],[128.2998043,41.6182015],[128.300035,41.617636],[128.2998406,41.6168126],[128.2997654,41.616063],[128.2994932,41.6155586],[128.2990896,41.6151728],[128.2977551,41.6146242],[128.2970309,41.6144517],[128.2964623,41.6144637],[128.2955542,41.6148777],[128.2945949,41.6157021],[128.292913,41.617041],[128.2925168,41.6170967],[128.2921466,41.6170445],[128.2912328,41.6166049],[128.2900419,41.6156311],[128.2875627,41.6128445],[128.2869208,41.6119578],[128.2868278,41.6111228],[128.2868587,41.6107306],[128.2874199,41.6097275],[128.2883956,41.608884],[128.2894885,41.6084997],[128.2906943,41.6082232],[128.2922331,41.6083412],[128.2936355,41.6088735],[128.2958032,41.6104428],[128.2972616,41.611171],[128.2982004,41.6112913],[128.2989246,41.6112512],[128.2995074,41.6109391],[128.2999039,41.610618],[128.3001555,41.6102908],[128.3002603,41.6098394],[128.300153,41.6092578],[128.3000565,41.6086601],[128.2998097,41.6081869],[128.2994395,41.6078018],[128.2989782,41.6073767],[128.2976907,41.606799],[128.2975223,41.6067618],[128.2973531,41.6068393],[128.2970942,41.6069039],[128.2968053,41.6068672],[128.296572,41.6067492],[128.2963539,41.6065646],[128.296001,41.6064541],[128.2945351,41.6055757],[128.2938303,41.604904],[128.2938096,41.6045869],[128.294043,41.6040614],[128.2943916,41.6031027],[128.2951923,41.6020808],[128.295612,41.6016747],[128.2961425,41.6013175],[128.2975589,41.6008936],[128.2997104,41.6004051],[128.3000484,41.6004071],[128.3003327,41.6005595],[128.3009649,41.6010207],[128.3014679,41.6016659],[128.3018321,41.6023426],[128.3021969,41.6024749],[128.3025655,41.6024942],[128.3035809,41.6021821],[128.3040529,41.6020538],[128.3044338,41.6020217],[128.3071375,41.6021661],[128.3090204,41.602158],[128.3094254,41.6020798],[128.3102703,41.6016406],[128.3103644,41.6010002],[128.3103241,41.6000498],[128.3107501,41.599665],[128.3107777,41.599443],[128.3104183,41.5990057],[128.3087071,41.5980569],[128.3070709,41.5965104],[128.3053266,41.5956098],[128.3045384,41.5950816],[128.3042244,41.5945391],[128.304415,41.5937336],[128.3050534,41.5930536],[128.3056292,41.5925869],[128.3066041,41.5919383],[128.3090204,41.5904016],[128.3106834,41.5889329],[128.3114545,41.5878379],[128.3121479,41.586957],[128.3122417,41.5866784],[128.3113405,41.5858097],[128.3092512,41.5847178],[128.3084973,41.5841666],[128.3082318,41.5836208],[128.3085296,41.5826117],[128.3097446,41.5810267],[128.3107531,41.5800636],[128.310796,41.579225],[128.3105171,41.5787916],[128.3095488,41.5780271],[128.309043,41.5777478],[128.3084997,41.5774478],[128.3062548,41.5767465],[128.3058765,41.5764742],[128.3056889,41.575836],[128.3058929,41.5750355],[128.3062362,41.5743371],[128.3069082,41.5738707],[128.3075881,41.5735457],[128.3080897,41.5734845],[128.3100396,41.5738276],[128.3105412,41.5738647],[128.3108475,41.5737703],[128.3114406,41.5732771],[128.3118885,41.5721015],[128.3117197,41.5713585],[128.3114692,41.5711067],[128.31083,41.5707882],[128.3103802,41.5707033],[128.3098988,41.5706882],[128.3095274,41.570623],[128.309235,41.5704404],[128.308602,41.5700049],[128.3079127,41.5696819],[128.30687,41.5696645],[128.3048093,41.5698474],[128.3036091,41.5695287],[128.3009191,41.5681228],[128.3000109,41.5670752],[128.2996005,41.5665233],[128.2995415,41.5662222],[128.299461,41.5659413],[128.2990211,41.5655961],[128.2960331,41.5637117],[128.2952472,41.5631337],[128.2935629,41.5620475],[128.2913607,41.5608799],[128.2903898,41.5605347],[128.2899499,41.5604063],[128.2896924,41.5602297],[128.2890697,41.5596197],[128.2889089,41.5590113],[128.2892793,41.5582427],[128.290396,41.5573629],[128.2918516,41.5569642],[128.2929808,41.5567775],[128.2941858,41.5564541],[128.2945633,41.5560911],[128.2947539,41.5556405],[128.2946196,41.554383],[128.2945365,41.5542285],[128.2943112,41.5541281],[128.2939652,41.5541422],[128.2935709,41.5541683],[128.2910281,41.5539655],[128.2887482,41.5535807],[128.2873001,41.5531543],[128.2863348,41.5525332],[128.2859934,41.5515574],[128.2860749,41.5495995],[128.2866578,41.5480696],[128.2865596,41.5471789],[128.2865085,41.5469667],[128.2858172,41.5457097],[128.2860866,41.5444712],[128.2868432,41.5437199],[128.2875755,41.5434839],[128.2882976,41.5434772],[128.2888612,41.5435927],[128.2907787,41.5445331],[128.2911971,41.5445552],[128.2915297,41.5444007],[128.2922836,41.5438748],[128.2927287,41.5432283],[128.2938203,41.5416247],[128.2948124,41.5406846],[128.2953733,41.540245],[128.2957596,41.5398535],[128.2964394,41.5387563],[128.2964653,41.5378121],[128.2962745,41.5374825],[128.2952285,41.5366714],[128.294006,41.5354696],[128.2916692,41.5342912],[128.2882148,41.5329051],[128.28766,41.5326357],[128.2867071,41.5325895],[128.2857361,41.532702],[128.2849123,41.5334117],[128.2831049,41.5341858],[128.2817224,41.5346362],[128.2811722,41.5345534],[128.2807676,41.5339893],[128.2807262,41.5333187],[128.2804602,41.5330855],[128.2800204,41.5330413],[128.2794088,41.533214],[128.2791193,41.5329803],[128.2792069,41.5323556],[128.279196,41.5321069],[128.279066,41.5319435],[128.2785492,41.5318416],[128.277611,41.5314487],[128.2769106,41.5307574],[128.2763135,41.5300737],[128.2760628,41.5294291],[128.2765908,41.5280739],[128.278333,41.5251765],[128.2784658,41.5245728],[128.2783661,41.523726],[128.2781857,41.5231179],[128.277888,41.5225817],[128.2774507,41.522148],[128.2746796,41.5209466],[128.2732022,41.5203504],[128.2712334,41.5190633],[128.2711369,41.5189267],[128.2710671,41.5186958],[128.2709947,41.5185191],[128.2709035,41.5184247],[128.269431,41.5175089],[128.2686424,41.5169204],[128.2679531,41.5165268],[128.2659956,41.5158936],[128.2646068,41.5149548],[128.2639164,41.5143899],[128.2636696,41.5139561],[128.2634014,41.5135223],[128.2623392,41.5129438],[128.2605696,41.5122968],[128.2601774,41.5114937],[128.2599334,41.5100007],[128.2585117,41.5084909],[128.2578224,41.5077096],[128.2575059,41.5069423],[128.2574094,41.5063498],[128.2568299,41.5053816],[128.2560039,41.5046444],[128.2549611,41.5036048],[128.2536757,41.503407],[128.2504705,41.5033546],[128.2478392,41.5036842],[128.247695,41.5036862],[128.2472652,41.5036922],[128.2468951,41.5034994],[128.2459273,41.5018925],[128.2445723,41.5007353],[128.2438588,41.5000844],[128.2431453,41.4998434],[128.2416058,41.499542],[128.2404964,41.4993373],[128.2365176,41.4985878],[128.2350263,41.4982343],[128.2348665,41.4979289],[128.2332389,41.4946238],[128.2332127,41.4938054],[128.2332691,41.4893649],[128.2334389,41.4891135],[128.2338595,41.4889524],[128.234278,41.4889082],[128.2348373,41.488792],[128.2353741,41.4884719],[128.2356197,41.4883185],[128.2357876,41.4882635],[128.2361175,41.4881768],[128.2364125,41.4881671],[128.2364759,41.4880828],[128.2367116,41.4880269],[128.2376634,41.487817],[128.2381082,41.4877569],[128.2386339,41.4869693],[128.2387733,41.4851449],[128.2387416,41.4849094],[128.2389883,41.4843206],[128.2390511,41.4840635],[128.2390674,41.4837955],[128.2389764,41.4836269],[128.2388369,41.4834959],[128.2386372,41.4832992],[128.2382853,41.4829404],[128.2380031,41.4825182],[128.2378078,41.4821716],[128.2376386,41.4815797],[128.2375398,41.4811778],[128.2371906,41.4810343],[128.2371188,41.4808645],[128.2375328,41.4804871],[128.2383808,41.4795935],[128.2382221,41.4789097],[128.2380277,41.4761425],[128.2377855,41.4748078],[128.2374537,41.473743],[128.2373035,41.4733772],[128.2370782,41.4732446],[128.2368261,41.4731321],[128.2356781,41.4731401],[128.2346642,41.4730477],[128.2334357,41.472501],[128.2322824,41.4716047],[128.2320464,41.4710922],[128.2319853,41.4706052],[128.2321992,41.4699808],[128.2327613,41.4690973],[128.2325898,41.4679177],[128.2306042,41.4623984],[128.2298087,41.4600771],[128.2294673,41.4595949],[128.2286352,41.4588966],[128.2282493,41.4583016],[128.2286223,41.456258],[128.2281236,41.4556055],[128.2278159,41.4545614],[128.2281947,41.4539568],[128.2286936,41.4535748],[128.2290235,41.4534793],[128.2303043,41.453618],[128.2314027,41.4534723],[128.2326995,41.4532311],[128.2336181,41.4531447],[128.2368485,41.4537351],[128.238233,41.4532925],[128.2392406,41.4517145],[128.2402625,41.4488982],[128.2397702,41.4478601],[128.2366861,41.4462467],[128.2336376,41.444372],[128.2330525,41.4439111],[128.2317202,41.4435046],[128.2292196,41.4434748],[128.2246113,41.4443323],[128.2227536,41.4443727],[128.219889,41.4427982],[128.2178881,41.4406633],[128.2150176,41.4385801],[128.2130713,41.4351085],[128.2127038,41.4327893],[128.2116947,41.4299059],[128.211405,41.4297245],[128.2090807,41.4282694],[128.2068973,41.4270917],[128.2064619,41.4259705],[128.2063716,41.4247169],[128.2064297,41.4230502],[128.2062473,41.4214573],[128.206053,41.4197788],[128.2056948,41.417849],[128.2057779,41.4163002],[128.2058718,41.415572],[128.2058577,41.414566],[128.2054856,41.4131381],[128.2046981,41.4115083],[128.2041085,41.4109345],[128.2030973,41.4098141],[128.2010105,41.4084421],[128.2001388,41.4082952],[128.1993925,41.4083059],[128.1953006,41.4089175],[128.1911716,41.4112261],[128.1864574,41.41181],[128.1854504,41.4118223],[128.1837067,41.411466],[128.182768,41.4113031],[128.1821525,41.4109369],[128.1805013,41.4099736],[128.1785663,41.4088609],[128.1769845,41.4078431],[128.1764447,41.4074145],[128.1756079,41.4068573],[128.1750226,41.4066128],[128.1744086,41.4063666],[128.1709706,41.4049429],[128.1651067,41.4023359],[128.1639693,41.4013684],[128.1629022,41.4004606],[128.1624462,41.3998289],[128.1618397,41.3991004],[128.1613438,41.3980683],[128.1610697,41.3946873],[128.1595717,41.3927643],[128.157773,41.3902639],[128.1563193,41.3878612],[128.1559368,41.3861919],[128.1538631,41.3841599],[128.1519964,41.3830333],[128.149655,41.3818656],[128.1474025,41.3811725],[128.141587,41.3806374],[128.1407716,41.3805207],[128.1398251,41.3802531],[128.1392779,41.3800437],[128.1381805,41.3796391],[128.1375073,41.3794488],[128.1359182,41.3799658],[128.1329934,41.3806981],[128.1320923,41.3807622],[128.1315451,41.3807018],[128.1308811,41.3805565],[128.1304185,41.3803678],[128.1298631,41.3801014],[128.1290775,41.379752],[128.1282062,41.3795603],[128.1276022,41.3795828],[128.1270336,41.3796151],[128.1265079,41.3797278],[128.1261476,41.3798853],[128.1258105,41.3800095],[128.1252956,41.3801947],[128.1246518,41.3803074],[128.1234254,41.3800386],[128.1201167,41.3782905],[128.11962,41.3776118],[128.1192445,41.3768107],[128.1184931,41.3748598],[128.119374,41.3711249],[128.1189215,41.3691706],[128.1169986,41.3667211],[128.1141246,41.3636292],[128.1094051,41.3611847],[128.1082825,41.3606032],[128.1055976,41.3615095],[128.1036073,41.363055],[128.1022183,41.3651542],[128.1007249,41.3668282],[128.0976249,41.3690259],[128.0945604,41.3700772],[128.0895116,41.3702714],[128.0866125,41.3705998],[128.0847286,41.3714423],[128.0843546,41.371754],[128.0839565,41.3725947],[128.085109,41.3738988],[128.0865828,41.3766245],[128.08678,41.377931],[128.0899578,41.3799934],[128.0921598,41.3810535],[128.0946018,41.3818932],[128.0978982,41.3824959],[128.1003272,41.3825084],[128.1019459,41.3831084],[128.1027796,41.3839404],[128.1038069,41.3862405],[128.103365,41.3883501],[128.1027938,41.390932],[128.1017916,41.3927182],[128.1010261,41.3938404],[128.0991045,41.3957676],[128.0975537,41.3964691],[128.0968322,41.3967519],[128.0960811,41.3969118],[128.0953387,41.3968408],[128.0946953,41.3962963],[128.0942031,41.3952541],[128.0943633,41.3948788],[128.0948334,41.3945396],[128.0956694,41.3939863],[128.0972758,41.3928065],[128.0971427,41.3909304],[128.0963526,41.3899701],[128.0938806,41.3898201],[128.0921711,41.3905478],[128.0827383,41.3927711],[128.0811134,41.3924903],[128.0785669,41.3904877],[128.0774469,41.3889927],[128.0766568,41.387391],[128.0768455,41.3864239],[128.0791802,41.382484],[128.0802865,41.3811473],[128.0809404,41.3800718],[128.0806817,41.3789027],[128.0796986,41.377994],[128.0785945,41.3774788],[128.0764607,41.3769437],[128.0743489,41.3767316],[128.0729985,41.3770972],[128.0717462,41.3779009],[128.0702254,41.3790724],[128.0691086,41.3804599],[128.0674153,41.3836868],[128.0669947,41.3861394],[128.0679555,41.38852],[128.067956,41.3900932],[128.0660217,41.3924681],[128.0645655,41.3929219],[128.0630674,41.3932648],[128.0558381,41.3950964],[128.0534871,41.3951919],[128.0513969,41.3947272],[128.0488183,41.3933296],[128.0474865,41.392198],[128.047332,41.3907887],[128.0464796,41.3905097],[128.0443964,41.3903005],[128.0434637,41.3901984],[128.0401507,41.3895749],[128.0321564,41.3911997],[128.0317625,41.3916139],[128.0308582,41.3922424],[128.0307927,41.3932087],[128.0311233,41.3935311],[128.0325508,41.3937901],[128.0365664,41.395873],[128.0374047,41.3971691],[128.0373487,41.3983834],[128.036702,41.4002669],[128.0355561,41.4018437],[128.0344352,41.4037866],[128.0345731,41.4047202],[128.0351996,41.4058848],[128.0366582,41.4081155],[128.0377416,41.4099571],[128.0395782,41.4114916],[128.0402812,41.4125048],[128.040423,41.4140063],[128.0395388,41.4155242],[128.0371329,41.4168542],[128.0360801,41.4175869],[128.0343862,41.4186832],[128.0326091,41.4191903],[128.0301843,41.4194814],[128.0294003,41.4192889],[128.0288652,41.4187763],[128.0284393,41.417935],[128.0285704,41.4160242],[128.028539,41.4151256],[128.0270931,41.4134999],[128.0253439,41.4125247],[128.0251018,41.4121372],[128.0244102,41.4117245],[128.02422,41.4112596],[128.0239096,41.4109336],[128.0234579,41.4106556],[128.0230901,41.4104317],[128.0227673,41.4102678],[128.022329,41.4101332],[128.021827,41.4099908],[128.0211863,41.4097618],[128.0206711,41.4097573],[128.0198328,41.4092564],[128.0184956,41.4090727],[128.0151678,41.4101085],[128.0134962,41.410835],[128.0121744,41.4116317],[128.0116501,41.4124855],[128.0116197,41.4140169],[128.0111215,41.4161601],[128.010809,41.4174722],[128.0109575,41.4191745],[128.0116995,41.421432],[128.0126369,41.4229608],[128.0130155,41.4245503],[128.0132331,41.4261198],[128.0118574,41.4264854],[128.0108918,41.4262884],[128.0043288,41.4254466],[128.0007904,41.4251932],[127.9993625,41.4256581],[127.9981642,41.4265936],[127.9969985,41.4281794],[127.9969785,41.4295703],[127.9981579,41.4308355],[128.0012342,41.432786],[128.0045287,41.4341473],[128.0081774,41.435041],[128.0094307,41.4372425],[128.0114418,41.4402259],[128.0116169,41.4410629],[128.0114652,41.4426501],[128.0107713,41.4439716],[128.0101921,41.4443435],[128.0091999,41.4449806],[128.008008,41.445474],[128.0041772,41.445449],[128.001819,41.4448396],[128.0015548,41.4447713],[127.997436,41.4435694],[127.9960318,41.4413531],[127.9946942,41.4387268],[127.9924661,41.4350735],[127.990036,41.4299939],[127.9898065,41.429582],[127.9896587,41.4291671],[127.9896539,41.4288079],[127.9897867,41.4285079],[127.9898648,41.4277765],[127.989532,41.4262634],[127.9891166,41.4252341],[127.989298,41.4239568],[127.9893298,41.4235777],[127.9893805,41.4230976],[127.9891772,41.4226254],[127.9889119,41.4219695],[127.9885585,41.4212542],[127.9880523,41.4206461],[127.9868531,41.4191382],[127.9836631,41.4166],[127.981806,41.4155892],[127.979275,41.4148704],[127.978017,41.4148592],[127.9771034,41.4153534],[127.9763995,41.4165102],[127.9755009,41.4188013],[127.9757543,41.4227926],[127.9765993,41.4293817],[127.9758604,41.4306711],[127.9737337,41.4325014],[127.9701843,41.434354],[127.9672339,41.4354319],[127.9630555,41.4363751],[127.960839,41.4365659],[127.9567205,41.4364873],[127.9530063,41.4353982],[127.951958,41.4351849],[127.9499811,41.4353758],[127.9467462,41.43578],[127.9441253,41.4364649],[127.942935,41.4368323],[127.9414595,41.437756],[127.9407106,41.4386093],[127.9400847,41.4393964],[127.9402589,41.4403927],[127.9410637,41.4410754],[127.9422075,41.4415517],[127.9440829,41.4440446],[127.9442619,41.4442825],[127.945599,41.4460288],[127.9459135,41.4470953],[127.9454153,41.4482556],[127.9446642,41.4486881],[127.9441163,41.4490037],[127.942758,41.4486817],[127.9410761,41.4479148],[127.9384403,41.4470279],[127.9363735,41.4468596],[127.9356097,41.4472412],[127.9351754,41.447825],[127.9348418,41.4498275],[127.9350106,41.4509232],[127.9351454,41.4525396],[127.9350721,41.4529695],[127.9347278,41.4541997],[127.9339024,41.4557948],[127.9330188,41.4565019],[127.9318656,41.4566927],[127.9307573,41.456109],[127.9297539,41.4548407],[127.9288553,41.4539652],[127.9271031,41.4527304],[127.9266987,41.4519671],[127.927148,41.4508783],[127.9276097,41.4491689],[127.9273277,41.4478923],[127.9275374,41.4471627],[127.9279727,41.4464555],[127.9283271,41.4463652],[127.9286851,41.446258],[127.9288733,41.4461992],[127.9290671,41.4460294],[127.9292129,41.4459083],[127.9292428,41.4457203],[127.9291506,41.4454906],[127.9290055,41.4453044],[127.9288249,41.4451979],[127.9285844,41.4448186],[127.9282145,41.4439156],[127.9278819,41.4435703],[127.9263243,41.4423578],[127.923958,41.4408871],[127.9214719,41.4393265],[127.9193453,41.4383722],[127.917593,41.4381028],[127.9151219,41.4379905],[127.9140436,41.4371035],[127.9134895,41.4362839],[127.9114976,41.4343527],[127.9096405,41.4325899],[127.9083975,41.4301196],[127.9085472,41.4291876],[127.9078883,41.427885],[127.9064206,41.4268968],[127.9052075,41.4267733],[127.9030808,41.4273797],[127.9015832,41.4281321],[127.9011639,41.4286598],[127.9013286,41.4290865],[127.9008793,41.4306922],[127.9005396,41.4315138],[127.8990354,41.4334275],[127.8969854,41.4342853],[127.895338,41.4343527],[127.8939452,41.4340945],[127.8931065,41.4336453],[127.8929867,41.4324888],[127.8921423,41.4313532],[127.8883725,41.4310919],[127.8855031,41.4316708],[127.8822186,41.433779],[127.8801441,41.4363226],[127.8799346,41.4381451],[127.8819268,41.4394373],[127.884649,41.441478],[127.885715,41.4425369],[127.8854847,41.4433525],[127.8816743,41.4450325],[127.8785358,41.4455403],[127.8738105,41.4449025],[127.8708192,41.4419798],[127.870186,41.4407919],[127.8709062,41.4371676],[127.8705922,41.4365522],[127.8685613,41.434444],[127.8680286,41.430743],[127.8683582,41.4278378],[127.8693654,41.426788],[127.8698111,41.424593],[127.8699475,41.4216155],[127.8664159,41.4150365],[127.8667022,41.4138617],[127.8685613,41.4125495],[127.8713952,41.4096852],[127.8723682,41.4079732],[127.8710289,41.4048438],[127.869233,41.4034451],[127.8671907,41.4020947],[127.8638456,41.4010968],[127.862272,41.4013361],[127.8569223,41.4036326],[127.8534759,41.4070395],[127.8513621,41.4113248],[127.850142,41.4135454],[127.8497599,41.4157759],[127.8476268,41.4194736],[127.8455215,41.4201693],[127.8420029,41.4203177],[127.8385829,41.4196907],[127.8335041,41.4191994],[127.8321669,41.4189563],[127.8297535,41.417541],[127.8280809,41.4157743],[127.8287864,41.4112621],[127.8299948,41.4077803],[127.8298637,41.4063746],[127.8279815,41.4045282],[127.8268117,41.4045306],[127.8241458,41.4050153],[127.8217149,41.4057365],[127.8193666,41.4077169],[127.8174685,41.4101635],[127.8164281,41.4140726],[127.8152408,41.4167087],[127.8128288,41.4194526],[127.8104133,41.4207037],[127.8076592,41.4216985],[127.8045289,41.4224551],[127.7996416,41.4220188],[127.7943912,41.4204845],[127.7921205,41.4181319],[127.7902628,41.4152153],[127.7904998,41.4108105],[127.7913852,41.4056304],[127.7877931,41.404657],[127.785434,41.4049154],[127.7837314,41.4064052],[127.7818486,41.4110049],[127.7823448,41.4155448],[127.7820044,41.4172273],[127.7809437,41.4192013],[127.7793556,41.4226935],[127.7771833,41.4242199],[127.7750641,41.4244336],[127.7729658,41.4240316],[127.7708447,41.4217793],[127.7700121,41.4210699],[127.7687768,41.4202843],[127.7672607,41.4196766],[127.7665661,41.4194739],[127.7660508,41.4193155],[127.765149,41.4190534],[127.764397,41.4189941],[127.7643793,41.4189927],[127.7639737,41.4190903],[127.7624823,41.4195435],[127.7591077,41.421075],[127.7546927,41.4240145],[127.7520108,41.4250566],[127.7428834,41.424705],[127.7364383,41.4243837],[127.7275369,41.4213602],[127.7231778,41.4197672],[127.7210088,41.4176248],[127.7170976,41.4167509],[127.7093072,41.4168904],[127.7027731,41.4173161],[127.696923,41.4188639],[127.6909599,41.4205474],[127.6865408,41.4220137],[127.6824534,41.4212444],[127.6783333,41.4203556],[127.6755844,41.4170223],[127.6724757,41.4129233],[127.669858,41.412053],[127.667054,41.4127116],[127.6647997,41.4144376],[127.6637514,41.4166354],[127.6627219,41.4192879],[127.6606917,41.4222995],[127.6550961,41.4257316],[127.652364,41.4268622],[127.6495519,41.4263519],[127.6470487,41.424695],[127.6470487,41.4230711],[127.6481459,41.419944],[127.6493283,41.4177698],[127.6534206,41.4149469],[127.6577142,41.4122117],[127.6604384,41.4088388],[127.6598473,41.4071029],[127.6585149,41.4054416],[127.6544513,41.4041997],[127.6496314,41.4036216],[127.643111,41.4050946],[127.6331202,41.4092764],[127.6274209,41.4130559],[127.6239152,41.4168426],[127.6202621,41.4221643],[127.6164077,41.4276235],[127.6132425,41.4299966],[127.6098041,41.4306611],[127.6059714,41.4289129],[127.598783,41.4272144],[127.5935484,41.4259222],[127.5902636,41.4238919],[127.5857086,41.4238087],[127.5778591,41.4256725],[127.5734178,41.4267016],[127.5683784,41.4275803],[127.5592274,41.429964],[127.5553467,41.4321735],[127.5520644,41.4349378],[127.5459136,41.441747],[127.5403139,41.4491898],[127.5391771,41.4517898],[127.5389195,41.4553295],[127.5395521,41.4640017],[127.5398496,41.4654504],[127.5415811,41.4681221],[127.5424022,41.4708942],[127.5426765,41.4732702],[127.541453,41.4745398],[127.5391244,41.4749416],[127.5368474,41.4747311],[127.5310036,41.4739081],[127.528553,41.472102],[127.5285055,41.4690949],[127.5269903,41.4674064],[127.5229357,41.4654437],[127.5166302,41.4653094],[127.5125333,41.4661755],[127.507899,41.4677434],[127.5026552,41.4717106],[127.4999203,41.4737114],[127.4963963,41.4755425],[127.4930872,41.4753164],[127.4872642,41.4715688],[127.4852017,41.4705398],[127.4826023,41.4695668],[127.4794401,41.4686477],[127.4763018,41.4681964],[127.474223,41.4685378],[127.4728819,41.4690764],[127.4716601,41.4702696],[127.4714291,41.4717875],[127.4728585,41.4732966],[127.4738563,41.476857],[127.4735445,41.4790767],[127.4727491,41.480062],[127.4701746,41.4809773],[127.4662726,41.4808021],[127.4630265,41.4798416],[127.4608572,41.4775793],[127.4601641,41.4760472],[127.4592429,41.4730378],[127.4589238,41.4709033],[127.4591693,41.468498],[127.4597928,41.4669721],[127.460454,41.4656875],[127.4620566,41.4635391],[127.4622072,41.4625064],[127.4617455,41.4616979],[127.4608951,41.4612314],[127.459707,41.4608216],[127.4580869,41.4602829],[127.4558531,41.4589449],[127.4537657,41.457829],[127.4501449,41.4574747],[127.4442692,41.4574917],[127.4397153,41.4582939],[127.4377106,41.4586471],[127.427311,41.4621641],[127.4236477,41.4620724],[127.4213152,41.4617615],[127.4184444,41.4603021],[127.4148025,41.457106],[127.410711,41.4554421],[127.4072117,41.4567076],[127.4039565,41.4587107],[127.4008521,41.4617074],[127.3989255,41.4650268],[127.398738,41.4711542],[127.3969962,41.4766383],[127.3941565,41.4784374],[127.3915737,41.4787886],[127.3819203,41.4798833],[127.3776149,41.4782385],[127.3704632,41.4763616],[127.3699792,41.4764112],[127.365782,41.476841],[127.3607877,41.4772974],[127.3556795,41.4773707],[127.3546006,41.4757541],[127.3559347,41.4701924],[127.356568,41.4666538],[127.3566705,41.4640251],[127.3564004,41.4626087],[127.3546235,41.4611781],[127.3531637,41.4609862],[127.35155,41.4607912],[127.3475802,41.4603114],[127.3422054,41.4617187],[127.3372707,41.4635554],[127.3341072,41.465728],[127.3290217,41.4680755],[127.327112,41.4689277],[127.3225629,41.4698281],[127.3137963,41.4733217],[127.3130796,41.4736049],[127.3021731,41.4778325],[127.2973361,41.4799325],[127.2922738,41.482411],[127.2884422,41.4835315],[127.2831993,41.4824748],[127.2769527,41.4797707],[127.2734099,41.4760155],[127.2709142,41.4756902],[127.2630505,41.4762318],[127.256925,41.4766474],[127.2560815,41.4769625],[127.2512445,41.4787698],[127.2486563,41.4811622],[127.2472086,41.4837811],[127.247547,41.4856916],[127.2494815,41.4871822],[127.2550856,41.4884237],[127.2587057,41.4894568],[127.2635095,41.4911078],[127.2694336,41.4908862],[127.2730479,41.4913785],[127.276034,41.4938637],[127.2795987,41.4972966],[127.2824384,41.5016299],[127.2812922,41.5043908],[127.2800188,41.5074496],[127.2774835,41.510206],[127.2733058,41.5120822],[127.2692857,41.5121875],[127.2637662,41.5115924],[127.2582404,41.5096376],[127.2572713,41.5087531],[127.2555436,41.5069527],[127.2496257,41.5022143],[127.2437187,41.497972],[127.2417143,41.4973371],[127.2398464,41.49754],[127.2369521,41.4986946],[127.2333928,41.5023082],[127.228105,41.5059783],[127.2276077,41.5074451],[127.2304719,41.5112196],[127.233133,41.5132821],[127.2348906,41.5169139],[127.2348842,41.5187448],[127.2293265,41.5216299],[127.224067,41.5213677],[127.2200979,41.5199265],[127.2157044,41.5174061],[127.210439,41.5174014],[127.2082134,41.5180569],[127.2076946,41.5186858],[127.2057061,41.5210142],[127.205803,41.5234472],[127.207121,41.5253838],[127.2086368,41.5281579],[127.2083357,41.5299615],[127.2073044,41.5310541],[127.2018775,41.5321647],[127.1966405,41.5314012],[127.1944626,41.5288907],[127.1921169,41.5257468],[127.1864519,41.5237735],[127.1829152,41.5230856],[127.1779121,41.5238043],[127.1721442,41.5250784],[127.1697797,41.5292751],[127.1686149,41.5354386],[127.1681824,41.5379311],[127.1667885,41.5391902],[127.1613781,41.5400435],[127.1581643,41.5394922],[127.1550918,41.5386377],[127.1535556,41.5349438],[127.1501783,41.5329709],[127.1412241,41.5243126],[127.139606,41.5242048],[127.1377859,41.5261693],[127.1353654,41.5263504],[127.1337141,41.5284932],[127.1348904,41.5302656],[127.138173,41.5333868],[127.1386287,41.5363463],[127.1383793,41.5375258],[127.1378627,41.5382605],[127.1342724,41.5397851],[127.1311687,41.5400234],[127.1267602,41.5372612],[127.1242052,41.5373649],[127.1215993,41.5376568],[127.1128252,41.5361529],[127.1081412,41.5361435],[127.103636,41.5384662],[127.1010024,41.5405062],[127.0976205,41.5431257],[127.0968068,41.5441115],[127.0961852,41.5474226],[127.0973668,41.5510696],[127.1000052,41.5530339],[127.1036932,41.5525395],[127.1081237,41.551107],[127.1107944,41.5489794],[127.112916,41.5478488],[127.1148266,41.5477258],[127.1167495,41.5486182],[127.1172873,41.5504731],[127.117019,41.5514556],[127.1167291,41.5525175],[127.1140323,41.5543611],[127.1131748,41.5560967],[127.1128374,41.5579998],[127.1136792,41.55938],[127.1181221,41.5626767],[127.1189235,41.5637627],[127.1205976,41.5660313],[127.1223433,41.5670489],[127.1270658,41.5671956],[127.1306854,41.5673222],[127.1343391,41.5671581],[127.1383295,41.568033],[127.1404342,41.5700376],[127.1390307,41.57452],[127.137493,41.5797283],[127.1385558,41.5816983],[127.1445207,41.5849971],[127.147973,41.5866715],[127.1532689,41.5856766],[127.1585918,41.5846165],[127.1616504,41.5848116],[127.1685491,41.5849831],[127.1709154,41.5852445],[127.1764875,41.5858602],[127.1783988,41.5867439],[127.1789895,41.5882052],[127.1790969,41.5899062],[127.1784339,41.5923203],[127.1773911,41.5939904],[127.1752172,41.5956561],[127.1749931,41.595828],[127.1739686,41.5966141],[127.1736259,41.5967608],[127.1727551,41.5971335],[127.1713615,41.597264],[127.1679711,41.5971998],[127.1670821,41.5971118],[127.1656819,41.5971636],[127.1645156,41.5971354],[127.1644882,41.5971347],[127.1640495,41.5967891],[127.163562,41.5965641],[127.1631609,41.5964392],[127.162758,41.5963727],[127.1619899,41.5963551],[127.1615135,41.5962576],[127.1603967,41.5960339],[127.1593201,41.5959884],[127.1585906,41.5961181],[127.1579559,41.5963692],[127.1570003,41.5968464],[127.1511274,41.5973398],[127.145111,41.5965715],[127.1342326,41.5962805],[127.1293336,41.5961539],[127.1237992,41.5975478],[127.1179562,41.6020603],[127.1172344,41.6035825],[127.1163202,41.6055103],[127.1178276,41.6075011],[127.120567,41.6085564],[127.1224841,41.6103443],[127.1215391,41.612431],[127.1205915,41.6143004],[127.1204686,41.6163122],[127.1203377,41.6188757],[127.1190045,41.6215255],[127.1165549,41.623009],[127.11439,41.6231681],[127.1105525,41.6215788],[127.1049093,41.618808],[127.1008335,41.6181014],[127.0934232,41.620924],[127.0889031,41.6213865],[127.085621,41.6253541],[127.0865339,41.6271637],[127.0901319,41.6283895],[127.0944574,41.6291882],[127.0967704,41.6296261],[127.0987011,41.6307203],[127.1006573,41.6326833],[127.1034926,41.6364229],[127.1038181,41.6401944],[127.1022788,41.6421165],[127.09957,41.6434911],[127.0973396,41.6447305],[127.0917346,41.644051],[127.0890624,41.6442053],[127.0874382,41.6434812],[127.0843874,41.6410809],[127.0822266,41.6415188],[127.0781906,41.642933],[127.0760015,41.6427828],[127.0721606,41.642934],[127.0699888,41.6448838],[127.0695136,41.6486637],[127.0670749,41.6547031],[127.0641494,41.657018],[127.0571484,41.660167],[127.0467776,41.6628473],[127.0438635,41.6636978],[127.0410074,41.6645314],[127.0356264,41.6670456],[127.0319325,41.6696735],[127.0302368,41.6717593],[127.030914,41.6735959],[127.032827,41.6757333],[127.0359407,41.6782896],[127.0396214,41.6816323],[127.0409343,41.6854276],[127.041981,41.6893427],[127.0428372,41.6909472],[127.0457079,41.6925224],[127.0487788,41.6924944],[127.0511456,41.6916019],[127.0526672,41.6888932],[127.0547405,41.6870101],[127.0584438,41.6859309],[127.0616837,41.6860082],[127.0656065,41.6870419],[127.0673421,41.6874992],[127.0713618,41.6893336],[127.0747303,41.6924535],[127.0761122,41.6953001],[127.077003,41.7004582],[127.0757054,41.7016794],[127.0736724,41.7022253],[127.0694129,41.7020675],[127.0615266,41.7008352],[127.057954,41.7002811],[127.0542166,41.7000274],[127.0521356,41.7004396],[127.049908,41.7014881],[127.0493325,41.702543],[127.0485757,41.7046587],[127.0481575,41.7071406],[127.0482163,41.7084317],[127.0483132,41.7095503],[127.0488229,41.7102795],[127.0497147,41.7113786],[127.0501678,41.7121501],[127.0501782,41.7131181],[127.0492552,41.7151774],[127.0486813,41.7168421],[127.0485273,41.7185647],[127.0475346,41.719653],[127.0459614,41.7207386],[127.0453686,41.7220304],[127.0451594,41.7228302],[127.0446544,41.7249613],[127.0452964,41.7261587],[127.0446687,41.7274188],[127.044629,41.7281888],[127.0447431,41.7289413],[127.0457332,41.7299805],[127.0467292,41.7304367],[127.0475756,41.7309725],[127.0477791,41.7326559],[127.0481654,41.7361343],[127.0481148,41.7402698],[127.0465688,41.7411194],[127.0451949,41.7418745],[127.0435301,41.7421253],[127.0383075,41.7413138],[127.0364772,41.7399816],[127.0332703,41.7393415],[127.0300716,41.7402619],[127.0252525,41.7392691],[127.0181599,41.7392691],[127.0118695,41.739783],[127.0055926,41.7423178],[127.0047385,41.7426627],[127.0006135,41.7445547],[126.9991671,41.7462434],[127.0009069,41.749471],[127.0024522,41.7517087],[127.0031949,41.7540002],[127.0040864,41.7573463],[127.0033368,41.7600644],[127.0018788,41.7606168],[126.9978153,41.7601255],[126.9934368,41.7605431],[126.9876602,41.7619106],[126.9802542,41.7626546],[126.9776084,41.7648815],[126.9767419,41.7694251],[126.9743142,41.7734238],[126.972572,41.774425],[126.970521,41.7744883],[126.96587,41.774366],[126.9552885,41.772333],[126.9477322,41.7724746],[126.9438352,41.7712871],[126.9430326,41.7700647],[126.942846,41.7697552],[126.9366626,41.7687617],[126.9333019,41.7699686],[126.9284289,41.7735186],[126.9280952,41.7748761],[126.9292491,41.7831055],[126.930418,41.7850517],[126.9325041,41.7860513],[126.9345813,41.7863639],[126.9374428,41.7862305],[126.9391699,41.7854064],[126.94143,41.7856497],[126.9451204,41.7871916],[126.9464452,41.7903639],[126.9468772,41.7932007],[126.9467123,41.7959113],[126.9470947,41.7993322],[126.9461234,41.8017187],[126.9442675,41.8051538],[126.9409795,41.8070988],[126.937075,41.8080646],[126.9357926,41.8081663],[126.9326971,41.8084117],[126.9324437,41.8087406],[126.9322479,41.8089685],[126.9320387,41.8091284],[126.9318339,41.8092367],[126.9289854,41.8099244],[126.9278812,41.810104],[126.926803,41.810128],[126.9255102,41.8100001],[126.9245222,41.8098053],[126.9231975,41.809457],[126.9227949,41.8087969],[126.922119,41.8072135],[126.9213358,41.8060659],[126.9209995,41.8051744],[126.9142527,41.802379],[126.9119096,41.800701],[126.9077354,41.7977115],[126.9068973,41.7971113],[126.9066854,41.7969595],[126.8986248,41.793291],[126.896317,41.7928282],[126.8884867,41.7912578],[126.8817072,41.7887385],[126.8782735,41.7867442],[126.873287,41.7821616],[126.8710956,41.7803731],[126.8672922,41.7772689],[126.8623666,41.7718393],[126.8592405,41.767579],[126.8535031,41.7607709],[126.8511286,41.7545258],[126.849033,41.7481097],[126.847816,41.7416127],[126.8439228,41.7358007],[126.8435565,41.7328264],[126.8433881,41.7302293],[126.8433637,41.7298527],[126.8418705,41.7259931],[126.8394794,41.7228106],[126.8363723,41.7216865],[126.8322033,41.7214336],[126.8278535,41.7214982],[126.8258186,41.7228964],[126.8218167,41.7296725],[126.8193547,41.734764],[126.8171521,41.7415917],[126.8124564,41.744845],[126.809546,41.7475706],[126.8053224,41.7476275],[126.8027376,41.7452962],[126.8007256,41.7413717],[126.7963256,41.7354994],[126.7951177,41.7318671],[126.7952269,41.7258968],[126.7943557,41.7203627],[126.7934536,41.7147974],[126.7926145,41.710997],[126.7941868,41.70445],[126.7943368,41.7038256],[126.7970191,41.698594],[126.7970594,41.6953977],[126.7946813,41.692877],[126.7905667,41.6912217],[126.7859503,41.6907154],[126.7804292,41.6920109],[126.7754449,41.6954489],[126.7746195,41.6962197],[126.7699856,41.7009078],[126.7694845,41.7032358],[126.7704785,41.7085407],[126.7702241,41.7141983],[126.7692663,41.7160772],[126.7646768,41.7192577],[126.7598632,41.7219165],[126.7533861,41.7233652],[126.7470183,41.7259084],[126.7369094,41.7325592],[126.7336331,41.7347468],[126.7260677,41.7414711],[126.722129,41.7442213],[126.7147483,41.7466504],[126.7077573,41.7466087],[126.7023578,41.7473563],[126.6987149,41.7490496],[126.6938751,41.7490102],[126.6891103,41.7467858],[126.6857261,41.7432623],[126.6825184,41.7375426],[126.6830271,41.7324432],[126.6847372,41.7293092],[126.6877607,41.726847],[126.700836,41.7228598],[126.7177157,41.719244],[126.7302533,41.7176779],[126.7323274,41.7147222],[126.7249777,41.70476],[126.7117333,41.696691],[126.7005259,41.6870475],[126.687926,41.6810709],[126.6833943,41.6777899],[126.6843318,41.6743416],[126.686799,41.6714519],[126.6738333,41.6666191],[126.6615469,41.6631883],[126.65637,41.6578935],[126.6465646,41.6541473],[126.6430396,41.6548187],[126.6375517,41.6558638],[126.6254976,41.6678282],[126.6145156,41.6726756],[126.6071592,41.6664648],[126.6058089,41.6570075],[126.6097662,41.645437],[126.6064336,41.6366546],[126.6006301,41.6339096],[126.5968407,41.6321718],[126.5938156,41.6303611],[126.5924263,41.6289288],[126.5917063,41.6166175],[126.5831153,41.6139414],[126.5666642,41.616604],[126.5632433,41.6108798],[126.5656211,41.597799],[126.5789859,41.5787042],[126.5879701,41.5624176],[126.5837696,41.5491897],[126.5721803,41.5458238],[126.5656033,41.5390079],[126.555458,41.525646],[126.5510095,41.5107355],[126.5449107,41.4952567],[126.549941,41.4877702],[126.5362005,41.4767296],[126.5309129,41.4689336],[126.527896,41.4646523],[126.5114967,41.4413751],[126.5048534,41.4349901],[126.5039127,41.4311134],[126.5053813,41.4176143],[126.5057237,41.3951409],[126.5111421,41.3846945],[126.5122508,41.3825568],[126.5139392,41.3805925],[126.5146466,41.3801913],[126.5164893,41.3792753],[126.5216863,41.3761879],[126.5276587,41.373728],[126.5320959,41.3695803],[126.5349784,41.3639607],[126.5346649,41.3604068],[126.5345296,41.3599827],[126.5332254,41.3571773],[126.5320104,41.355441],[126.5303588,41.3534079],[126.5252193,41.3498325],[126.5215688,41.3481657],[126.5171382,41.3470289],[126.5128296,41.3463474],[126.5085747,41.3460195],[126.5039622,41.3459474],[126.4985969,41.3463562],[126.4948972,41.3463682],[126.4923347,41.3468852],[126.4843108,41.3455386],[126.4789776,41.3451658],[126.4765752,41.3456468],[126.4746666,41.347009],[126.4745356,41.349146],[126.4752284,41.3508045],[126.4771044,41.3522341],[126.4792283,41.3528518],[126.4822459,41.3537628],[126.4854828,41.3543756],[126.4874307,41.3533859],[126.4887414,41.3530883],[126.4902171,41.353252],[126.491451,41.353397],[126.4928511,41.3535258],[126.499629,41.3543956],[126.5046946,41.3569878],[126.5078713,41.3600685],[126.5098525,41.3635203],[126.50852,41.3663894],[126.5075596,41.3679509],[126.5065638,41.3695701],[126.5024995,41.3718592],[126.4925127,41.3714843],[126.4864036,41.3709511],[126.4811665,41.3688825],[126.4741269,41.3656243],[126.4672792,41.3614632],[126.4580818,41.35781],[126.4512813,41.3562397],[126.451048,41.356193],[126.4404574,41.3540741],[126.4331419,41.3521163],[126.4294771,41.3489121],[126.4284801,41.344283],[126.4288993,41.3384795],[126.4307373,41.3354994],[126.4322138,41.3329754],[126.4327376,41.3303503],[126.4307929,41.3290706],[126.4269017,41.3288162],[126.4216452,41.3296921],[126.4191405,41.3303379],[126.4148927,41.3310646],[126.4128596,41.3312338],[126.4113522,41.3315278],[126.4102043,41.3313252],[126.4092654,41.3307262],[126.4070467,41.3293027],[126.4042759,41.3275093],[126.4014848,41.320893],[126.3982334,41.3090029],[126.3955449,41.30438],[126.3935315,41.3015901],[126.3874399,41.2978124],[126.3787925,41.2926895],[126.3741775,41.290353],[126.3672152,41.2857553],[126.3628438,41.2814445],[126.3616789,41.2793528],[126.3613422,41.2776142],[126.3612174,41.2739213],[126.3594992,41.2697895],[126.3578542,41.2664307],[126.3554736,41.2604497],[126.3551805,41.2554733],[126.355986,41.2502525],[126.3558064,41.2460454],[126.3537138,41.2429907],[126.3489744,41.2409082],[126.3446832,41.2394925],[126.3339922,41.2371114],[126.327862,41.2347687],[126.3207768,41.2309823],[126.3163144,41.2271909],[126.3138068,41.2232897],[126.3094543,41.2147748],[126.3076687,41.2092151],[126.3075211,41.2087556],[126.3074751,41.203413],[126.3063244,41.1945802],[126.3051328,41.1893697],[126.3027964,41.1888276],[126.3001711,41.188837],[126.2918096,41.1890543],[126.2855511,41.188708],[126.2828282,41.1862397],[126.2841592,41.183944],[126.2856024,41.1803217],[126.2901961,41.1751007],[126.2910335,41.1702859],[126.2888507,41.1669406],[126.2840213,41.1624029],[126.280241,41.1588508],[126.2738987,41.1550537],[126.2614903,41.1518915],[126.2535175,41.1506865],[126.2482067,41.1500732],[126.2412622,41.1480946],[126.2350685,41.1451612],[126.2345133,41.1448983],[126.2292804,41.1401052],[126.2284837,41.1379449],[126.227743,41.1351797],[126.226993,41.1326097],[126.2257387,41.1301944],[126.2250401,41.129286],[126.2233089,41.1274719],[126.2173559,41.1247008],[126.2109307,41.1246038],[126.2008355,41.1222435],[126.1969589,41.1198369],[126.1948128,41.119181],[126.1924361,41.1185193],[126.1885391,41.1173319],[126.1862498,41.1163905],[126.1850705,41.1147214],[126.186053,41.1104749],[126.1842463,41.1091452],[126.1806762,41.1042675],[126.177509,41.1012742],[126.1740017,41.0983181],[126.1703465,41.0958844],[126.165533,41.0925323],[126.1618638,41.0912547],[126.1578941,41.0899933],[126.1546111,41.0891685],[126.1513229,41.0885277],[126.1482167,41.0880041],[126.1451203,41.0877769],[126.1406636,41.0875674],[126.1358412,41.0876286],[126.1260211,41.0887277],[126.1206241,41.0894673],[126.1166719,41.087675],[126.1102378,41.0760504],[126.1093081,41.0721625],[126.1122357,41.0690215],[126.1205288,41.0643002],[126.1306635,41.0582396],[126.128068,41.0470179],[126.1207938,41.0334796],[126.115317,41.0316354],[126.1106758,41.0331926],[126.1021041,41.0369919],[126.0953879,41.0341271],[126.0949695,41.0280761],[126.0983276,41.0199305],[126.1017179,41.0134868],[126.1035418,41.0045811],[126.0938644,41.0023464],[126.0697336,40.9998136],[126.0627079,40.9961925],[126.062622,40.9904916],[126.0656261,40.9885479],[126.0758509,40.9827523],[126.0763702,40.9750076],[126.0629556,40.9662497],[126.0516972,40.9637191],[126.0502558,40.9554104],[126.0508674,40.9478295],[126.0360629,40.940391],[126.0344051,40.9356804],[126.0362319,40.9308091],[126.0342176,40.9270735],[126.0261247,40.92653],[126.0134134,40.9314616],[126.0079414,40.9328243],[126.000507,40.9316439],[125.9934418,40.92787],[125.9841365,40.9246637],[125.9751097,40.9159578],[125.9746167,40.9102463],[125.9772007,40.9085232],[125.986911,40.9111801],[125.9965983,40.9145791],[126.0092246,40.9141816],[126.0152176,40.9093861],[126.018275,40.9013094],[126.0091988,40.895555],[125.994544,40.8915986],[125.9868366,40.8962331],[125.9799219,40.9006319],[125.9733877,40.9028804],[125.9729852,40.9028393],[125.9670413,40.901684],[125.9620934,40.8946083],[125.9625759,40.8924202],[125.9637218,40.8882415],[125.9637656,40.8857249],[125.9606753,40.8833657],[125.9574335,40.8816321],[125.955398,40.8808306],[125.9502442,40.8788736],[125.9470102,40.8780851],[125.9351174,40.8767929],[125.9243326,40.8786062],[125.9174726,40.8799985],[125.9119509,40.8832766],[125.9060009,40.889898],[125.9054295,40.8941568],[125.9102432,40.9000887],[125.9124966,40.9047088],[125.9128477,40.9063256],[125.9128164,40.9081172],[125.9126293,40.9089845],[125.911695,40.9100212],[125.9107231,40.9106688],[125.9097209,40.9108663],[125.9087548,40.9107922],[125.907765,40.9103069],[125.9067528,40.9094249],[125.9044495,40.906358],[125.9034912,40.9043923],[125.9024123,40.9008967],[125.9000094,40.8986878],[125.8984496,40.8971911],[125.8957548,40.896302],[125.8931772,40.8963609],[125.8911198,40.8967237],[125.884875,40.8981951],[125.8794577,40.9018936],[125.8782739,40.9024992],[125.8754484,40.9039447],[125.8725407,40.9053653],[125.8684,40.9055506],[125.8659084,40.903474],[125.8629432,40.896954],[125.8601389,40.8885142],[125.8569199,40.8834287],[125.8466653,40.8799505],[125.8430503,40.8785567],[125.8394945,40.8775018],[125.8367935,40.8767004],[125.8286488,40.8751568],[125.8233869,40.8728407],[125.8219671,40.869604],[125.8187399,40.8666625],[125.8127225,40.8626695],[125.8075931,40.8618347],[125.8031148,40.8623794],[125.7957262,40.8653795],[125.7948836,40.8679338],[125.7955635,40.8713027],[125.7981421,40.8739414],[125.7997571,40.8771414],[125.7990797,40.8794083],[125.7969255,40.8818982],[125.7934467,40.8841821],[125.7840001,40.8883204],[125.7794166,40.8887844],[125.7753501,40.8907372],[125.7688998,40.8914791],[125.7621592,40.8898837],[125.760261,40.8883119],[125.7575745,40.8844405],[125.7548939,40.8808745],[125.7544044,40.8766581],[125.7556202,40.8736402],[125.7552865,40.8695288],[125.7526472,40.8672365],[125.7485358,40.8668187],[125.7434147,40.8677849],[125.7276612,40.8692054],[125.7228854,40.8702094],[125.717402,40.8700855],[125.7112176,40.8688216],[125.7019871,40.8637072],[125.6983724,40.8590271],[125.6947035,40.8535634],[125.6944259,40.8529828],[125.6927647,40.850678],[125.6895345,40.8469964],[125.685074,40.843301],[125.6794098,40.8391975],[125.6740183,40.8338739],[125.6719019,40.8311956],[125.667992,40.8296819],[125.6642055,40.8284932],[125.6599045,40.8259748],[125.65321,40.8217749],[125.6477511,40.818742],[125.6431783,40.8164614],[125.6383483,40.8142147],[125.6339699,40.8118197],[125.6317655,40.8091065],[125.6306913,40.806959],[125.6295264,40.802789],[125.6292627,40.7989152],[125.6319294,40.7961578],[125.6372111,40.7946545],[125.6408321,40.7938492],[125.6476865,40.791937],[125.6518582,40.7913653],[125.657032,40.7908437],[125.6595535,40.7905769],[125.6673396,40.7896885],[125.670169,40.788939],[125.6737249,40.7879927],[125.6785106,40.7862005],[125.6821031,40.7850424],[125.6850023,40.7809808],[125.6858269,40.775806],[125.6846889,40.7671231],[125.6835127,40.765282],[125.6772719,40.7624204],[125.6696439,40.7611997],[125.6638868,40.7614051],[125.6550662,40.7640355],[125.6474379,40.765628],[125.6398446,40.7650232],[125.6313963,40.7629089],[125.6275969,40.7615329],[125.6205428,40.7586528],[125.6151944,40.7576837],[125.6083409,40.7555979],[125.5990798,40.7544926],[125.591458,40.7556694],[125.5882737,40.7623723],[125.5883862,40.7671555],[125.584995,40.7730266],[125.580815,40.7786683],[125.5747125,40.7822754],[125.5672624,40.7807481],[125.560765,40.7763935],[125.5559692,40.7705421],[125.5535278,40.7681007],[125.5483475,40.7624321],[125.5460663,40.7573929],[125.5458221,40.752861],[125.5458221,40.7483253],[125.5454636,40.7422066],[125.5430222,40.7358551],[125.5398164,40.7264493],[125.53717,40.7234162],[125.5320329,40.7195834],[125.5243396,40.7164422],[125.5196959,40.7167438],[125.5149307,40.7172852],[125.5052251,40.7187402],[125.4990314,40.720576],[125.4923401,40.7216074],[125.4857941,40.7213298],[125.4808426,40.7193604],[125.4753037,40.7173462],[125.4702225,40.7141113],[125.4672928,40.7119141],[125.4638672,40.7092247],[125.4604492,40.7060509],[125.4580078,40.7038498],[125.4553223,40.7011642],[125.4533615,40.6984749],[125.4518967,40.6962776],[125.4521902,40.6903811],[125.4517945,40.6838855],[125.4515065,40.6806745],[125.4516485,40.6744651],[125.4484176,40.6687255],[125.444641,40.665861],[125.4378861,40.665101],[125.4360037,40.6655818],[125.4327621,40.6670583],[125.4272232,40.6701355],[125.4172134,40.6716042],[125.4115906,40.6696472],[125.4090831,40.6657407],[125.4091985,40.6586122],[125.4124545,40.6513411],[125.4161086,40.6437755],[125.4171496,40.6314194],[125.4166067,40.6297589],[125.4148805,40.6279447],[125.4082409,40.6253622],[125.4015306,40.6251419],[125.3973102,40.6252644],[125.3886182,40.631182],[125.3806615,40.6414566],[125.3712717,40.6507066],[125.3632679,40.6510009],[125.3534808,40.6478501],[125.3482754,40.6457955],[125.3402863,40.6420364],[125.3347473,40.6390114],[125.3292236,40.6369972],[125.3239212,40.6375008],[125.3188934,40.6397667],[125.3094711,40.645462],[125.3036003,40.6493283],[125.2966672,40.65245],[125.2852045,40.654824],[125.2772245,40.654231],[125.2707469,40.6506609],[125.2668305,40.6476951],[125.2655029,40.6447296],[125.264267,40.6405754],[125.2647629,40.6371574],[125.265007,40.6342239],[125.2657394,40.6310501],[125.2652512,40.6259193],[125.2638695,40.6225415],[125.2623269,40.6185335],[125.2572955,40.6129197],[125.2490641,40.6095544],[125.2431187,40.607912],[125.2376008,40.6081348],[125.2276314,40.6106852],[125.2222065,40.610585],[125.2169415,40.6109065],[125.2107232,40.6106202],[125.2037013,40.6101794],[125.1952312,40.6091131],[125.1857838,40.6075167],[125.178206,40.6050983],[125.1720698,40.6018608],[125.1671147,40.5986166],[125.1650379,40.5973109],[125.161733,40.5955492],[125.1540985,40.5907402],[125.1509171,40.5890312],[125.1470108,40.586586],[125.1426163,40.5843887],[125.1396866,40.5829239],[125.1358922,40.5803993],[125.1325989,40.5785255],[125.1306534,40.5768166],[125.1277237,40.5746155],[125.1262512,40.5738831],[125.1215973,40.5707092],[125.118187,40.568264],[125.1132965,40.5646019],[125.1069489,40.560936],[125.1033235,40.559302],[125.1020737,40.5587387],[125.0957108,40.5562935],[125.0893631,40.5545845],[125.0827637,40.5523834],[125.0746994,40.5506744],[125.0666428,40.5484772],[125.0595627,40.5465202],[125.0535093,40.5444299],[125.0531998,40.544323],[125.0475769,40.5423698],[125.0385437,40.5391922],[125.0322037,40.5357742],[125.0231628,40.5318642],[125.0182571,40.5296669],[125.013382,40.5272217],[125.0082626,40.5247803],[125.0046637,40.5213223],[125.002574,40.5179452],[125.0017834,40.5148344],[125.0006459,40.5105473],[124.9997329,40.5070688],[124.9997108,40.5008464],[125.0011673,40.4988823],[125.0048294,40.4969292],[125.0097198,40.4959526],[125.0146027,40.494976],[125.0241318,40.4930191],[125.0282822,40.4920425],[125.0331726,40.4898453],[125.038063,40.4866676],[125.040741,40.4832497],[125.0422134,40.4781189],[125.0422134,40.4720116],[125.0402527,40.4644394],[125.0351334,40.4602852],[125.0302429,40.4583321],[125.0248566,40.4568634],[125.0197372,40.456131],[125.016878,40.4564271],[125.0138139,40.4570671],[125.0112647,40.4580271],[125.0079259,40.4602802],[125.0034713,40.4633429],[124.9965362,40.4674568],[124.9876956,40.4707804],[124.9808635,40.4707738],[124.9747008,40.4681489],[124.9667872,40.4646359],[124.9623874,40.4623294],[124.9610193,40.4616723],[124.955307,40.4588699],[124.9506854,40.4562769],[124.9448929,40.4545288],[124.9396896,40.453228],[124.9348754,40.4532008],[124.9298285,40.45356],[124.9222497,40.4543829],[124.9168906,40.4558679],[124.9142674,40.456525],[124.9114694,40.4577202],[124.9098588,40.4593746],[124.9094094,40.4598361],[124.9086505,40.460496],[124.9073066,40.4616646],[124.9057015,40.4639567],[124.9059848,40.4674894],[124.907916,40.4710024],[124.909418,40.4748024],[124.90983,40.4780603],[124.9059075,40.4810635],[124.9005774,40.4818861],[124.8909795,40.4769784],[124.8893336,40.475612],[124.888562,40.4741231],[124.8879596,40.4728649],[124.8862781,40.4695789],[124.8850337,40.4672819],[124.8833169,40.4643681],[124.8810939,40.4607177],[124.8777036,40.4562703],[124.8739013,40.4512936],[124.8703161,40.4474603],[124.86767,40.4446509],[124.8665097,40.4433972],[124.8645371,40.4412215],[124.8605449,40.4375059],[124.8578033,40.434642],[124.8564529,40.4332314],[124.8507233,40.4284897],[124.8429031,40.4232826],[124.8384725,40.4204622],[124.8381271,40.4202423],[124.8324814,40.4159012],[124.8294756,40.4133171],[124.8271947,40.4113561],[124.8252738,40.4102528],[124.8214264,40.4080429],[124.8171463,40.4045181],[124.8074172,40.3996282],[124.7986846,40.3956934],[124.7870838,40.3935559],[124.7865373,40.3934552],[124.7808335,40.3925352],[124.7762017,40.3909506],[124.7657753,40.3871328],[124.7565306,40.3822388],[124.7510862,40.3788515],[124.7460821,40.3756871],[124.7410952,40.3708062],[124.7374105,40.36612],[124.7353686,40.3577406],[124.7341119,40.3535085],[124.7336706,40.3529341],[124.7336273,40.3526596],[124.7331938,40.3504696],[124.7326128,40.3485562],[124.7311401,40.3428632],[124.7294284,40.3359363],[124.7283808,40.3317138],[124.7273478,40.3297644],[124.7258112,40.3280806],[124.7242126,40.325428],[124.7213669,40.322155],[124.7157364,40.3186836],[124.7134174,40.317474],[124.7088275,40.3148795],[124.7058446,40.3132096],[124.6967468,40.3105659],[124.6900046,40.3084518],[124.6875238,40.3069833],[124.6826958,40.3042506],[124.6775674,40.301935],[124.673624,40.3005252],[124.6698582,40.2994615],[124.6687317,40.2990278],[124.6673369,40.2984959],[124.6664035,40.2980949],[124.6655345,40.2977594],[124.6643436,40.2974976],[124.6633243,40.2973585],[124.6621871,40.2972194],[124.6607172,40.297113],[124.6594083,40.2969493],[124.656828,40.2964011],[124.6554133,40.2959724],[124.6553373,40.2959535],[124.6485566,40.2936622],[124.6433639,40.2917964],[124.6423768,40.2915755],[124.6416044,40.2914527],[124.6339635,40.2909503],[124.6304426,40.2906116],[124.6213408,40.2893122],[124.6173424,40.2879015],[124.613882,40.2860371],[124.6104151,40.2837704],[124.6063309,40.2808456],[124.6020203,40.2774506],[124.5977385,40.274705],[124.5972262,40.2743933],[124.5903015,40.2696381],[124.588562,40.2679024],[124.5866635,40.2659421],[124.583618,40.2653379],[124.582018,40.2648638],[124.5774088,40.2615113],[124.5742517,40.2580345],[124.5732119,40.2549389],[124.571091,40.2519696],[124.5710794,40.2519533],[124.5659354,40.2493183],[124.5552946,40.2453614],[124.5505287,40.2417529],[124.5462049,40.2373748],[124.5437863,40.2371181],[124.5427054,40.2371242],[124.5421153,40.2369952],[124.5408815,40.236686],[124.5400956,40.2358998],[124.5385051,40.2350418],[124.5319819,40.2321506],[124.5290074,40.231227],[124.5275858,40.230883],[124.5261472,40.2305512],[124.5239997,40.2301806],[124.5227364,40.2297875],[124.5219478,40.2292632],[124.521691,40.2288609],[124.521296,40.2284686],[124.5211459,40.228343],[124.5209475,40.2281772],[124.5205613,40.2278312],[124.5201933,40.227554],[124.5199597,40.2274539],[124.5197276,40.227429],[124.5192739,40.2274182],[124.5190553,40.2273377],[124.5186704,40.2270566],[124.518047,40.2266684],[124.5178886,40.2264908],[124.5176911,40.2262878],[124.5177233,40.2261465],[124.517903,40.2258925],[124.5180872,40.2256834],[124.5186165,40.2249566],[124.51922,40.2242993],[124.5195472,40.2239142],[124.519676,40.2236193],[124.5196706,40.223308],[124.5193809,40.222665],[124.5191753,40.2224124],[124.5191342,40.2223619],[124.5191164,40.2221701],[124.518932,40.2219844],[124.5183222,40.2214717],[124.5177096,40.2210603],[124.5166722,40.2205692],[124.5155967,40.2202042],[124.5148802,40.2200313],[124.5139093,40.2198076],[124.5113075,40.2191834],[124.5095323,40.2183886],[124.5091171,40.2178347],[124.5088151,40.2170383],[124.5087478,40.2167816],[124.5086521,40.2160037],[124.5085608,40.2157891],[124.5084159,40.2155321],[124.5083114,40.2154311],[124.5080979,40.2154094],[124.5078903,40.2153902],[124.5075631,40.2148904],[124.5074022,40.2143948],[124.5073539,40.2136697],[124.5071965,40.2129988],[124.5058304,40.2101916],[124.505353,40.2093518],[124.5049024,40.2083686],[124.504559,40.2068692],[124.5034647,40.2040669],[124.5030891,40.2033253],[124.5017739,40.1995628],[124.4999596,40.1986629],[124.4947979,40.194409],[124.4921823,40.1919475],[124.4895005,40.1893062],[124.4882095,40.1863547],[124.4874059,40.1823928],[124.4852716,40.1755617],[124.4830568,40.1737662],[124.4812271,40.1722829],[124.4802168,40.1727387],[124.4782391,40.1736311],[124.4720038,40.1751531],[124.4620848,40.1751114],[124.4611376,40.1747812],[124.4571161,40.1743483],[124.4553137,40.1738565],[124.4540906,40.173299],[124.4520306,40.1723972],[124.4509041,40.1717824],[124.449563,40.1710937],[124.4488227,40.1705855],[124.4453573,40.1678062],[124.4431042,40.1657402],[124.442718,40.1652154],[124.4415593,40.1631329],[124.4405937,40.1606239],[124.4397998,40.1594104],[124.4370571,40.156275],[124.4357726,40.1554896],[124.4342209,40.154815],[124.4323481,40.1534033],[124.4304729,40.1514338],[124.4276596,40.1477874],[124.4267266,40.1437771],[124.4265983,40.143013],[124.426284,40.1423073],[124.4256529,40.1417507],[124.4247353,40.1414205],[124.4196939,40.1400362],[124.4151879,40.1390367],[124.411791,40.1389961],[124.4056495,40.1356407],[124.404525,40.1345623],[124.403158,40.1332512],[124.4008155,40.1308138],[124.3989174,40.1269786],[124.3965108,40.1201957],[124.3944161,40.1175019],[124.3937544,40.1167473],[124.3923521,40.1151481],[124.3732347,40.1025584],[124.3705979,40.1008218],[124.3698545,40.0992993],[124.3677725,40.0950355],[124.3654504,40.0909995],[124.3635898,40.088627],[124.3599136,40.0852245],[124.3535326,40.0820968],[124.3506599,40.0806887],[124.3472816,40.0770972],[124.3396003,40.0663469],[124.3358837,40.0602328],[124.335144,40.0585646],[124.3345488,40.0565818],[124.3344252,40.0536015],[124.3347274,40.0512435],[124.3351317,40.0500099],[124.3357076,40.0488748],[124.3366343,40.047636],[124.3377253,40.0467181],[124.3403585,40.04577],[124.3490618,40.0434906],[124.3607025,40.0391731],[124.368966,40.0354539],[124.3701249,40.0313942],[124.3708904,40.0268404],[124.3718496,40.0167713],[124.3695977,40.010054],[124.3681536,40.0062071],[124.3660164,40.0019782],[124.3638605,39.9986509],[124.3606153,39.9919128],[124.3582889,39.9856062],[124.3541086,39.9706824]],[[124.6900046,40.3084518],[124.6853651,40.307383],[124.6801592,40.3056799],[124.6719128,40.302399],[124.6691072,40.3025155],[124.6663863,40.3034035],[124.6628379,40.3036261],[124.6580342,40.3032954],[124.6562371,40.3030682],[124.6553646,40.3028779],[124.65263,40.302562],[124.6432015,40.3012479],[124.642699,40.3005985],[124.6421292,40.2996496],[124.6413075,40.2987852],[124.6387389,40.2978979],[124.6354777,40.2966311],[124.6339072,40.2958672],[124.6333593,40.2956526],[124.6329045,40.2955824],[124.6326005,40.29557],[124.6320978,40.2954729],[124.6318349,40.2952743],[124.6316661,40.295179],[124.6313454,40.294888],[124.6306196,40.2942292],[124.6254664,40.2919983],[124.6242257,40.291189],[124.6229026,40.2901936],[124.6213408,40.2893122]]]}},{"type":"Feature","properties":{"name":"두만강","source":"OpenStreetMap contributors via Nominatim","osmRelation":6970997},"geometry":{"type":"MultiLineString","coordinates":[[[128.4681022,42.0069743],[128.4712779,42.0067511],[128.4741318,42.0060017],[128.4753978,42.0057346],[128.4768516,42.0060097],[128.479448,42.0063565],[128.4811163,42.0059778],[128.4821784,42.0051646],[128.4828168,42.0045148],[128.483085,42.0039926],[128.4839594,42.0025695],[128.4843671,42.0019277],[128.484748,42.0016806],[128.4854615,42.0015929],[128.4859952,42.0013676],[128.4868669,41.9998627],[128.4871379,41.9992249],[128.48717,41.9990096],[128.4873176,41.9988421],[128.4875348,41.9987823],[128.4876502,41.9988023],[128.4878755,41.9989199],[128.4880578,41.9989358],[128.4884709,41.9988441],[128.4892434,41.9986468],[128.4896779,41.9984594],[128.4904128,41.9983996],[128.4909868,41.9986647],[128.4914187,41.9987724],[128.4917003,41.9989667],[128.4918451,41.9989936],[128.4923252,41.9989318],[128.4928483,41.9989677],[128.4934518,41.9989259],[128.4939587,41.9987006],[128.4942216,41.9986069],[128.4945595,41.9986109],[128.4948358,41.9985272],[128.4956109,41.9980588],[128.4958389,41.9980807],[128.4966409,41.9983877],[128.4968823,41.9985133],[128.4970325,41.9985591],[128.4976199,41.9985591],[128.4981617,41.9986368],[128.4985909,41.9987544],[128.4991917,41.9987206],[128.4999266,41.9986667],[128.5000446,41.998603],[128.5002834,41.9981535],[128.5004134,41.9980937],[128.5008761,41.9980817],[128.5010961,41.9980329],[128.5015064,41.9978754],[128.5018766,41.9978903],[128.5019946,41.9978664],[128.5024238,41.9975196],[128.5026249,41.9974508],[128.5035489,41.9972933],[128.5044985,41.9971588],[128.504827,41.997089],[128.5052991,41.9969654],[128.5054533,41.9969704],[128.5057175,41.997082],[128.5060944,41.9974986],[128.5063693,41.9979731],[128.5072061,41.9985073],[128.5084936,41.9986647],[128.5091802,41.9989039],[128.5094887,41.9989019],[128.5103148,41.9987206],[128.5110632,41.9984196],[128.5112509,41.9983687],[128.5115889,41.9984535],[128.5117283,41.9986249],[128.5118812,41.9990016],[128.5119778,41.9990993],[128.5124177,41.9993684],[128.5127234,41.9995896],[128.5127905,41.9996056],[128.5128576,41.9995876],[128.5129112,41.9995637],[128.5130748,41.999494],[128.5131472,41.9995079],[128.5132143,41.9995557],[128.5133162,41.999773],[128.5140485,42.0003252],[128.5144293,42.0004647],[128.5155612,42.0004567],[128.5157946,42.000383],[128.515918,42.0001717],[128.5160226,42.0000521],[128.516154,42.0000262],[128.5163203,42.0000481],[128.5176426,42.0003152],[128.5178304,42.0002913],[128.5182059,42.0000421],[128.5183775,41.9999604],[128.5184956,41.9999544],[128.5201076,41.9999524],[128.5205662,42.0000421],[128.520821,42.0000301],[128.5211912,41.9998866],[128.5218161,41.9994242],[128.5219878,41.9993624],[128.5221916,41.9993445],[128.5226825,41.9994063],[128.5227737,41.9994541],[128.5231277,42.0003052],[128.523176,42.000371],[128.5232592,42.0004109],[128.5233289,42.0004129],[128.5242757,42.0000899],[128.5244688,42.000072],[128.524721,42.000086],[128.5249101,42.000069],[128.5251528,42.0000022],[128.5253419,41.9999624],[128.5254773,41.9999684],[128.5263866,42.0001378],[128.526569,42.0001218],[128.5268788,41.9998757],[128.5270371,41.9998398],[128.527261,41.9998537],[128.527607,41.9998787],[128.5277492,41.9999135],[128.528012,42.000059],[128.5285377,42.000373],[128.5286128,42.0004507],[128.5286853,42.0007776],[128.5288247,42.000965],[128.5289374,42.0010288],[128.5291707,42.0010467],[128.5296187,42.000969],[128.5298251,42.0009748],[128.5301122,42.0009829],[128.5303965,42.000949],[128.530705,42.0008593],[128.5309598,42.0008235],[128.5315981,42.0009092],[128.5323009,42.0011045],[128.5324404,42.0011264],[128.5336769,42.0011723],[128.5341114,42.0011165],[128.5350609,42.0011563],[128.5362115,42.001244],[128.5368741,42.0013636],[128.5377163,42.0016586],[128.5380194,42.001848],[128.5383144,42.0021649],[128.5391432,42.0026572],[128.5393873,42.0028984],[128.5396957,42.0033229],[128.5400069,42.0040704],[128.5401812,42.0042478],[128.5403421,42.0043215],[128.5406131,42.0043494],[128.5408384,42.0043494],[128.5409832,42.0043873],[128.541179,42.0044989],[128.5414177,42.0046803],[128.541635,42.004758],[128.54204,42.0048038],[128.5427293,42.0047799],[128.5431665,42.0046962],[128.5434294,42.0045826],[128.5440838,42.0040803],[128.544454,42.003299],[128.5448831,42.0029263],[128.5452801,42.0024758],[128.5459909,42.0010308],[128.5470048,42.000076],[128.5475332,41.9993325],[128.5477611,41.9991391],[128.5483727,41.9988681],[128.5495341,41.998599],[128.5508215,41.9986508],[128.553375,41.9990654],[128.5545874,41.999468],[128.5550755,41.9997511],[128.5558534,42.0005205],[128.5562181,42.0007896],[128.5563469,42.0008294],[128.5565159,42.0008055],[128.5566929,42.0007218],[128.5567787,42.0003889],[128.5568887,42.0002374],[128.5570979,42.0001816],[128.5573152,42.0001856],[128.5576048,42.0002673],[128.5584149,42.0008932],[128.5586536,42.0012959],[128.559013,42.0014075],[128.5595012,42.0010706],[128.5598043,42.000963],[128.5599545,42.0008613],[128.5601449,42.0006241],[128.5602629,42.0002434],[128.5603085,41.9999345],[128.5604373,41.9996694],[128.5607108,41.9992049],[128.56103,41.9988382],[128.5613787,41.9985691],[128.5616389,41.9982063],[128.561765,41.997997],[128.5617596,41.9976641],[128.5617971,41.9973711],[128.5618964,41.9972515],[128.5620868,41.9971877],[128.5623926,41.9972236],[128.5628834,41.9973312],[128.5630739,41.9973332],[128.5632294,41.9972535],[128.5634869,41.9970322],[128.5637766,41.9969824],[128.563951,41.9969903],[128.5640877,41.9970322],[128.5643211,41.9972475],[128.5646778,41.9974309],[128.5650614,41.9975405],[128.565225,41.9976462],[128.5653672,41.9978016],[128.5655522,41.9979511],[128.5658017,41.997999],[128.5659519,41.9980428],[128.5660565,41.9981146],[128.5662657,41.9985033],[128.5663837,41.998595],[128.5665446,41.9986189],[128.5673413,41.9987704],[128.5677409,41.9988681],[128.5679018,41.9989299],[128.5680574,41.9991451],[128.5680842,41.9992468],[128.5680547,41.9993405],[128.568095,41.9994441],[128.5685858,41.9998348],[128.5688835,42.0001477],[128.5692483,42.000363],[128.5695058,42.0004089],[128.5700074,42.0004029],[128.5705881,42.0002883],[128.5707249,42.0002733],[128.5710749,42.0004238],[128.5715389,42.0006102],[128.5720485,42.0007776],[128.572298,42.0007517],[128.5724965,42.000662],[128.5729873,42.000373],[128.5733628,42.0000481],[128.5736471,41.9997331],[128.5738537,41.9996096],[128.5744813,41.9995418],[128.5755703,41.9996734],[128.5762972,41.9999006],[128.5767531,42.0001597],[128.5777992,42.0009869],[128.5788667,42.0017962],[128.5792315,42.0022865],[128.5793039,42.0027629],[128.5794246,42.0029941],[128.5798806,42.0036777],[128.5804331,42.0044072],[128.5808891,42.0046065],[128.5815087,42.0048019],[128.5818145,42.0049553],[128.5819218,42.0049633],[128.582029,42.0049334],[128.5822731,42.0046783],[128.5824475,42.0045129],[128.5826406,42.004479],[128.5832468,42.0045348],[128.583641,42.0045129],[128.5843009,42.0043654],[128.5849097,42.0043654],[128.5852531,42.0044491],[128.5854489,42.0045148],[128.5861891,42.0050988],[128.5868731,42.0055672],[128.5875651,42.0062748],[128.5887212,42.0073291],[128.5900032,42.0089793],[128.5905343,42.0098004],[128.5909688,42.0106414],[128.5914731,42.0113071],[128.5921436,42.0118013],[128.592892,42.0122377],[128.5930502,42.0123553],[128.5931253,42.0125168],[128.5930985,42.012736],[128.5929698,42.013011],[128.5930288,42.0133717],[128.5931575,42.014125],[128.5931522,42.0147567],[128.5931012,42.0151732],[128.5930449,42.0154841],[128.5928598,42.0157272],[128.5925701,42.0159763],[128.5916501,42.0164645],[128.591398,42.0167495],[128.5911486,42.0171699],[128.590824,42.0176661],[128.5903305,42.0184552],[128.5898879,42.0189793],[128.5896814,42.0194038],[128.5894051,42.0201052],[128.5892817,42.0207568],[128.5893086,42.0214004],[128.5894293,42.0220978],[128.5897458,42.0226238],[128.5901079,42.0231379],[128.5904083,42.0236699],[128.590714,42.0240465],[128.5912022,42.0244689],[128.5920471,42.0249192],[128.5924816,42.0250547],[128.5929617,42.0251324],[128.5933476,42.025159],[128.5938227,42.0251802],[128.5944933,42.0250746],[128.5951129,42.0249889],[128.5963413,42.024973],[128.597264,42.0250308],[128.597956,42.0251025],[128.598251,42.0251703],[128.5984683,42.0253077],[128.5991764,42.0258636],[128.5995063,42.0261924],[128.5995653,42.0264514],[128.5995144,42.0266248],[128.5992193,42.0268081],[128.5989162,42.0270193],[128.5988143,42.0272384],[128.5988438,42.0277425],[128.5989779,42.0279736],[128.5989967,42.0285594],[128.5990933,42.0289599],[128.59934,42.0292806],[128.5996243,42.0293962],[128.5999918,42.0295954],[128.6003861,42.0301393],[128.6005953,42.0304581],[128.600893,42.0306055],[128.6016118,42.0307928],[128.602218,42.0310717],[128.602564,42.0311454],[128.602843,42.0312231],[128.6029986,42.0313447],[128.6034492,42.0317591],[128.6036745,42.0318467],[128.6041626,42.0319085],[128.6046293,42.0320121],[128.6048305,42.032026],[128.6052999,42.0319324],[128.6060509,42.0319324],[128.606354,42.0318109],[128.6064237,42.0315558],[128.6062467,42.031269],[128.6060509,42.0301672],[128.6060992,42.0299799],[128.6062172,42.0298923],[128.6064559,42.0298285],[128.607738,42.0295974],[128.6083683,42.0293942],[128.6086285,42.0293504],[128.609626,42.0294539],[128.6104712,42.0295914],[128.610954,42.0296691],[128.6116326,42.0296432],[128.61325,42.0297767],[128.6136094,42.0298504],[128.6139634,42.0300457],[128.6141995,42.0301453],[128.6152026,42.0301971],[128.615393,42.030217],[128.615562,42.0302788],[128.6158302,42.0306175],[128.6160743,42.031002],[128.6163613,42.0311255],[128.6172089,42.031253],[128.6186975,42.0313526],[128.6193305,42.0312909],[128.6195907,42.0312729],[128.6198348,42.0313128],[128.6201888,42.0314981],[128.6204973,42.0316096],[128.6209291,42.0319364],[128.6217901,42.0328787],[128.6224365,42.033319],[128.62326,42.0336238],[128.6236113,42.0337075],[128.6238259,42.0337752],[128.6241022,42.0339983],[128.6250651,42.0347115],[128.6266181,42.0356777],[128.6271358,42.0359068],[128.6283883,42.0363232],[128.6293781,42.0367097],[128.6295819,42.0368252],[128.6299387,42.0370643],[128.6303624,42.0371539],[128.6307701,42.0371101],[128.6314514,42.0368212],[128.6322346,42.036614],[128.6327711,42.0364666],[128.6331841,42.0364766],[128.6333692,42.0364288],[128.6335194,42.0363252],[128.6341605,42.0355164],[128.6344528,42.0353829],[128.6350241,42.0353988],[128.6364457,42.0357574],[128.636907,42.0358252],[128.6371618,42.0357953],[128.6373603,42.0355801],[128.6373764,42.0352176],[128.6370921,42.0347175],[128.6371055,42.0345801],[128.6372986,42.0344844],[128.6389133,42.0343012],[128.6397663,42.0339983],[128.640461,42.0336836],[128.6416653,42.0329903],[128.6425638,42.0323448],[128.6428589,42.0320958],[128.6429527,42.0319065],[128.6428723,42.0316096],[128.6429635,42.031257],[128.6431861,42.0309402],[128.6435267,42.0308127],[128.6439452,42.0308326],[128.6448491,42.0309781],[128.6450985,42.0309821],[128.6457825,42.030743],[128.6460587,42.030735],[128.6468956,42.030739],[128.6475688,42.0306175],[128.6482662,42.0303884],[128.6489421,42.0298843],[128.6491755,42.0295336],[128.6492076,42.0292348],[128.6492586,42.0290176],[128.649492,42.0288084],[128.6500445,42.0283303],[128.6504146,42.0278182],[128.6506748,42.0275971],[128.6519811,42.0271029],[128.6526865,42.0268858],[128.6528528,42.0267762],[128.6529815,42.0265809],[128.6528742,42.0262402],[128.6526221,42.0257003],[128.6519837,42.0250089],[128.6521637,42.0238074],[128.653718,42.0226328],[128.6541241,42.0218228],[128.654178,42.0217227],[128.6541536,42.0214881],[128.6540464,42.0212489],[128.6536869,42.0210058],[128.6530083,42.0207528],[128.6525121,42.0207089],[128.651855,42.0208225],[128.6514875,42.0208006],[128.6509806,42.0204499],[128.6502824,42.0196843],[128.6489716,42.0191427],[128.6484915,42.0187522],[128.6482608,42.0182938],[128.6483252,42.0178196],[128.6484499,42.0176253],[128.6491473,42.0172317],[128.6492532,42.0170902],[128.6493511,42.0162463],[128.6495215,42.0160161],[128.6499144,42.0158388],[128.6503395,42.0156096],[128.6505595,42.0155498],[128.6508362,42.015599],[128.6511362,42.0157551],[128.6512676,42.0159882],[128.651222,42.0161815],[128.6512434,42.0163629],[128.6514607,42.0165163],[128.6524236,42.0167116],[128.6538962,42.0167774],[128.6543414,42.0167475],[128.6546096,42.0167375],[128.654969,42.0168989],[128.6557871,42.0173154],[128.6564523,42.0175665],[128.6567125,42.0175645],[128.6568493,42.017435],[128.6568707,42.0171201],[128.6569619,42.0170105],[128.657203,42.0169838],[128.6582923,42.0172776],[128.6589253,42.0176283],[128.6590916,42.0179391],[128.658995,42.0183576],[128.6590701,42.018519],[128.6594456,42.0185947],[128.660021,42.0184144],[128.6602744,42.0184393],[128.6605319,42.018517],[128.6612803,42.0184473],[128.6619937,42.0183516],[128.6623746,42.0181245],[128.662962,42.0180986],[128.6639732,42.0178993],[128.6646733,42.0176622],[128.6652392,42.0172078],[128.6665205,42.0168977],[128.6673045,42.0168671],[128.6686081,42.0164526],[128.6692223,42.0159444],[128.6699143,42.015777],[128.6708289,42.0155478],[128.6715075,42.0151234],[128.6723256,42.0146013],[128.6725375,42.0141668],[128.6728138,42.0139137],[128.6739604,42.0134763],[128.6745197,42.0134125],[128.6749086,42.0132531],[128.6753941,42.0128416],[128.6761236,42.0120365],[128.6767217,42.0117734],[128.6775613,42.011883],[128.6779502,42.0120963],[128.6783954,42.0123932],[128.6791384,42.0126941],[128.679589,42.0128894],[128.6797661,42.0128934],[128.6805493,42.0124749],[128.6809757,42.0124291],[128.6812976,42.0125128],[128.6818314,42.0127001],[128.6823651,42.0128476],[128.6830732,42.0128954],[128.6836123,42.012734],[128.6839664,42.0121879],[128.6842078,42.0120145],[128.6849374,42.0118252],[128.6852351,42.011889],[128.6853316,42.0120923],[128.6849105,42.0127439],[128.6849052,42.0128994],[128.6852297,42.013284],[128.6855476,42.0135221],[128.6858077,42.0136258],[128.6860599,42.0136407],[128.6862516,42.0136935],[128.6872333,42.014663],[128.6880031,42.0151632],[128.6884323,42.0153187],[128.6892047,42.0153466],[128.6896178,42.0154323],[128.6900979,42.0156256],[128.6902884,42.0156056],[128.6907926,42.0152449],[128.6908007,42.0150317],[128.690578,42.014683],[128.6907551,42.0143442],[128.6914256,42.0140154],[128.6919031,42.0137962],[128.6925843,42.0133896],[128.6929706,42.0132402],[128.693271,42.0132601],[128.6933997,42.0133737],[128.6934802,42.0136308],[128.6937766,42.0139755],[128.6937618,42.0140841],[128.6934158,42.0142705],[128.6926487,42.0145395],[128.6925146,42.0148544],[128.6926863,42.0158507],[128.6926728,42.0162154],[128.6924127,42.0167983],[128.6920948,42.0169248],[128.6920402,42.0170033],[128.6920586,42.0173035],[128.6922222,42.0176861],[128.6921418,42.0179252],[128.6920184,42.0183217],[128.6921123,42.0188637],[128.6923137,42.0191678],[128.6929196,42.0194137],[128.6933112,42.0193779],[128.6935151,42.0194137],[128.6938477,42.019613],[128.6941856,42.0200474],[128.6947167,42.020432],[128.6950332,42.0205993],[128.6956313,42.0207747],[128.6968115,42.0211214],[128.6969966,42.0211553],[128.6976296,42.0210955],[128.6978897,42.0211633],[128.6982277,42.0215478],[128.6986434,42.0216893],[128.6991289,42.0216973],[128.6993918,42.0218487],[128.6994481,42.022038],[128.6993703,42.0225102],[128.6994374,42.0226218],[128.7001857,42.0230423],[128.7007222,42.0230423],[128.7014195,42.0228251],[128.701669,42.022845],[128.7026614,42.0231937],[128.7030932,42.0235603],[128.703112,42.0237954],[128.7029538,42.0241322],[128.703061,42.0243573],[128.7033695,42.0243832],[128.7037182,42.0245566],[128.7037477,42.0249132],[128.703399,42.0254851],[128.7033963,42.0259453],[128.7033239,42.0260609],[128.7029323,42.0261605],[128.7027097,42.0263359],[128.7025675,42.0270352],[128.7026238,42.0274098],[128.7032327,42.0278501],[128.7037182,42.0280752],[128.7039837,42.0284159],[128.7042841,42.0293165],[128.7043995,42.0295197],[128.7052041,42.0301214],[128.7056038,42.0301891],[128.7065881,42.0301074],[128.7073392,42.0303226],[128.7086213,42.0302429],[128.7095654,42.0301612],[128.7101394,42.0302648],[128.7109601,42.0306673],[128.7114537,42.0311494],[128.7116307,42.0319941],[128.711561,42.0327313],[128.7121832,42.0348849],[128.7122878,42.0350502],[128.7145597,42.037393],[128.714962,42.0376898],[128.716161,42.0379587],[128.7168637,42.0379786],[128.7181029,42.0376699],[128.7193447,42.0375842],[128.7205517,42.0377316],[128.7210292,42.0378133],[128.7211472,42.037877],[128.721166,42.0380583],[128.7210533,42.0383272],[128.7207502,42.0396281],[128.7207824,42.0406918],[128.7209111,42.0409826],[128.7214154,42.0412456],[128.7222791,42.0412495],[128.7240214,42.0405994],[128.7250096,42.04013],[128.725605,42.0400026],[128.7264043,42.0400583],[128.7296444,42.0408751],[128.7299046,42.0410005],[128.7299073,42.0412934],[128.7292528,42.0424527],[128.7293011,42.0427077],[128.7297195,42.0432893],[128.7297678,42.0437674],[128.7297167,42.0440407],[128.729403,42.0443251],[128.7293762,42.0447593],[128.7298429,42.045325],[128.7297463,42.0455361],[128.7290865,42.0460022],[128.7283087,42.0468149],[128.7282765,42.0470818],[128.7286064,42.0480936],[128.7285715,42.0483904],[128.7286305,42.0486413],[128.7288424,42.0491114],[128.728947,42.0493863],[128.7291992,42.0496711],[128.7294567,42.0497746],[128.7297919,42.0498025],[128.7302104,42.049681],[128.7307119,42.0497049],[128.7317768,42.0496093],[128.7323803,42.0492966],[128.7327424,42.0491612],[128.7332198,42.0491214],[128.7336892,42.0491094],[128.7338877,42.0490058],[128.7340158,42.0488348],[128.7345716,42.0481852],[128.7360012,42.0480299],[128.7370795,42.04799],[128.7383455,42.0481255],[128.7393916,42.0483247],[128.7398153,42.0485198],[128.7405905,42.0489142],[128.7413952,42.049215],[128.7417063,42.0492209],[128.7421609,42.0489972],[128.7425244,42.0490875],[128.7428165,42.0492363],[128.7433371,42.0499599],[128.7435248,42.0505853],[128.7441847,42.0510274],[128.7450113,42.0513316],[128.7461293,42.051123],[128.7467328,42.0505932],[128.7470439,42.0503921],[128.7476313,42.0502706],[128.7480578,42.0500814],[128.7481865,42.0498543],[128.747952,42.049445],[128.7480471,42.0492707],[128.7484896,42.0491751],[128.7488799,42.0491532],[128.7492353,42.0492409],[128.7495491,42.0491562],[128.7501955,42.0479841],[128.7502143,42.0476674],[128.7500775,42.0472252],[128.7500775,42.0469683],[128.7501821,42.0467751],[128.7503162,42.0466635],[128.7505844,42.0466038],[128.7511155,42.0466496],[128.7514856,42.0463309],[128.7517394,42.045718],[128.7519041,42.045327],[128.7520637,42.0452413],[128.7526377,42.0451278],[128.7529474,42.044598],[128.7532881,42.0442255],[128.7532398,42.043843],[128.7531996,42.0436678],[128.753331,42.0435044],[128.7538792,42.0432341],[128.754648,42.0429427],[128.7553614,42.0426838],[128.7556699,42.0421858],[128.7554784,42.0414593],[128.755112,42.0402854],[128.7548572,42.0397157],[128.7547874,42.0392257],[128.7549403,42.0387974],[128.755568,42.0383352],[128.7559783,42.0383053],[128.7587853,42.0386589],[128.7593794,42.0386539],[128.7611577,42.0380105],[128.7616405,42.0379707],[128.7636575,42.0380304],[128.765004,42.0375902],[128.7653419,42.037395],[128.7654144,42.0371181],[128.7655511,42.0369836],[128.766337,42.0365702],[128.7666777,42.0361379],[128.7667662,42.0357873],[128.7668869,42.0355821],[128.7673858,42.0353411],[128.7682832,42.0347586],[128.7683836,42.0343211],[128.7684479,42.0339465],[128.7686411,42.0336477],[128.7691668,42.0330879],[128.7690859,42.0328279],[128.7685686,42.0325779],[128.7687113,42.0322374],[128.7696442,42.031775],[128.7702423,42.0316037],[128.771098,42.0316355],[128.7721789,42.032044],[128.7726215,42.032536],[128.7729031,42.0334047],[128.7731364,42.0336577],[128.7741664,42.0339465],[128.774676,42.0339944],[128.7752602,42.0342925],[128.7760493,42.0346737],[128.776339,42.0349108],[128.7764892,42.0353869],[128.7769988,42.0357355],[128.7771893,42.0359228],[128.7773851,42.036363],[128.7775782,42.0365523],[128.7777967,42.0367066],[128.7781334,42.0371529],[128.778128,42.0379448],[128.7783182,42.0385227],[128.7787916,42.0390845],[128.7804642,42.0396061],[128.7820199,42.0402914],[128.7827387,42.0404308],[128.7831062,42.0404468],[128.7853002,42.0409092],[128.7862938,42.0410668],[128.7870115,42.0409926],[128.7875091,42.0407715],[128.7877437,42.0404607],[128.7883338,42.0399],[128.7888032,42.0394308],[128.7893945,42.038995],[128.7899016,42.0387635],[128.7904246,42.0386968],[128.7912413,42.0386241],[128.7922046,42.0391058],[128.7927791,42.0390237],[128.7930518,42.0390653],[128.7939171,42.0393602],[128.7950715,42.0393731],[128.795898,42.0394545],[128.7966675,42.0392834],[128.7970939,42.039152],[128.7975258,42.0389388],[128.7984248,42.0389089],[128.7992008,42.0391892],[128.7995959,42.0395407],[128.8010777,42.0400358],[128.8015357,42.0400324],[128.8019755,42.0400045],[128.802681,42.0403544],[128.8034544,42.0410929],[128.8041052,42.0419248],[128.8052111,42.0424057],[128.807244,42.0419708],[128.8090524,42.0419241],[128.8102716,42.041625],[128.8106015,42.0414946],[128.8114116,42.0415185],[128.8130044,42.0412244],[128.8136351,42.0410304],[128.814255,42.0406361],[128.8151971,42.0397445],[128.8159928,42.0392555],[128.8164085,42.0389567],[128.8170214,42.0382067],[128.8183075,42.0371957],[128.8185275,42.0367734],[128.8184363,42.0360941],[128.818329,42.0354805],[128.8185409,42.0343888],[128.8186515,42.0340927],[128.8188386,42.0338748],[128.8192583,42.0337863],[128.8197505,42.0336836],[128.8209361,42.0330381],[128.8220894,42.0324165],[128.8225803,42.0324783],[128.8238329,42.032807],[128.825064,42.0332692],[128.8258606,42.0331357],[128.8275504,42.0322492],[128.8283497,42.0314403],[128.8287628,42.0301612],[128.8294172,42.0294161],[128.8301468,42.0292129],[128.8315952,42.0286152],[128.8321692,42.0279896],[128.8324803,42.0270252],[128.8331991,42.0256206],[128.8338858,42.0249132],[128.8351786,42.0242398],[128.8361067,42.0242139],[128.8368469,42.024451],[128.8381022,42.0250926],[128.8405672,42.0257959],[128.8420048,42.0263498],[128.8434961,42.0269236],[128.8452637,42.0275791],[128.8470823,42.0282167],[128.8491315,42.0282605],[128.8504779,42.0282247],[128.8516259,42.0284777],[128.8518539,42.0288423],[128.851878,42.0294719],[128.8522804,42.029715],[128.8531896,42.0295615],[128.853718,42.0290993],[128.8536805,42.0279577],[128.854174,42.0267224],[128.8544588,42.0264958],[128.8545229,42.0264448],[128.8545201,42.0263379],[128.8545543,42.0260859],[128.8545862,42.0259791],[128.8546281,42.0258567],[128.8546816,42.0257165],[128.8547238,42.025648],[128.8547726,42.0255683],[128.8548827,42.0254865],[128.8550055,42.0253994],[128.8556734,42.0247857],[128.8576984,42.0241123],[128.8587606,42.0240007],[128.8595239,42.023832],[128.8609064,42.0235264],[128.8620785,42.0235504],[128.8639158,42.0237337],[128.8647419,42.023925],[128.8663244,42.0236978],[128.8695431,42.0239648],[128.870286,42.0235942],[128.8709056,42.0234607],[128.871485,42.0226338],[128.8729817,42.0213496],[128.8739312,42.0201789],[128.8746259,42.0199557],[128.8755432,42.0200673],[128.8759428,42.020695],[128.8765705,42.0213227],[128.8775414,42.022578],[128.878161,42.0239628],[128.8787001,42.0254133],[128.8800788,42.0260788],[128.8808539,42.0264175],[128.8832974,42.0262203],[128.8850999,42.0259673],[128.8861567,42.0254074],[128.8872537,42.0246502],[128.8903034,42.0230164],[128.8910624,42.0218527],[128.8909632,42.0207926],[128.8903221,42.0196548],[128.8904509,42.0185429],[128.891454,42.0177419],[128.8928246,42.0169508],[128.8949255,42.0162307],[128.8965095,42.0160139],[128.8980762,42.0152053],[128.8987138,42.0148742],[128.9000666,42.0144319],[128.9019131,42.0139673],[128.9038324,42.0131365],[128.9047272,42.0123295],[128.9049751,42.0116738],[128.9051574,42.0104083],[128.9062207,42.0096036],[128.907727,42.0092822],[128.9092264,42.0096589],[128.9104199,42.0100993],[128.9119166,42.0101392],[128.9143869,42.009918],[128.9153767,42.0099917],[128.9160955,42.010488],[128.9163718,42.0111975],[128.9164549,42.0116359],[128.9164227,42.0123513],[128.916133,42.0129412],[128.9162618,42.0136029],[128.9165515,42.0142107],[128.9177746,42.0146053],[128.9192042,42.0143821],[128.9206633,42.0144179],[128.9229083,42.0149181],[128.926084,42.0155757],[128.9276934,42.0158089],[128.928376,42.0158786],[128.9290613,42.0160261],[128.9298874,42.0163489],[128.9299786,42.0167873],[128.9292785,42.018254],[128.9290962,42.0187561],[128.9293322,42.0194775],[128.9299276,42.0196668],[128.9312956,42.0204041],[128.9336908,42.0213705],[128.9366989,42.0233699],[128.9373789,42.0248638],[128.9378812,42.0266809],[128.9386441,42.0270683],[128.9394895,42.0270615],[128.9426386,42.0262243],[128.9440656,42.0254034],[128.9451545,42.0243075],[128.9468282,42.0251085],[128.9476839,42.0285614],[128.9470026,42.0294818],[128.9460182,42.0301513],[128.9448729,42.03152],[128.9447227,42.0326835],[128.9455113,42.0335879],[128.947134,42.0346119],[128.9479494,42.0363332],[128.9494246,42.0379667],[128.9512378,42.0391818],[128.9528179,42.0411205],[128.9528226,42.041865],[128.9524678,42.0423074],[128.9510892,42.0431099],[128.9506434,42.0439154],[128.9507462,42.0461178],[128.9506217,42.0473587],[128.9509573,42.0489594],[128.9531851,42.050436],[128.9555336,42.0530081],[128.9582368,42.0544815],[128.9588381,42.0552653],[128.9584782,42.0557899],[128.9575743,42.0561185],[128.9569666,42.0563429],[128.9556085,42.058174],[128.9551404,42.0596151],[128.9549929,42.0606843],[128.9545589,42.0609753],[128.953144,42.0608189],[128.9528069,42.0602661],[128.9521497,42.0596866],[128.9514926,42.0596488],[128.9503275,42.0601309],[128.9479237,42.0615467],[128.9457014,42.0632669],[128.9453664,42.0639749],[128.9456799,42.0650193],[128.9454914,42.0657041],[128.9454635,42.0662648],[128.9457677,42.0667913],[128.9464989,42.0675121],[128.9468036,42.0682619],[128.9473787,42.0688314],[128.9477101,42.0702694],[128.9477992,42.0723043],[128.9478314,42.0744613],[128.9472548,42.0763542],[128.9463288,42.0771506],[128.945933,42.0776953],[128.9456878,42.0783283],[128.9470348,42.0800335],[128.9470594,42.080863],[128.9473754,42.0819925],[128.9482321,42.0831308],[128.9497373,42.0839768],[128.9507051,42.0843088],[128.9533874,42.0845728],[128.9543828,42.085147],[128.9571902,42.0877446],[128.958587,42.0883085],[128.9592844,42.0890748],[128.9594239,42.089676],[128.9604746,42.0910564],[128.9610332,42.0920505],[128.9618915,42.0928367],[128.9623421,42.0939633],[128.962892,42.0946619],[128.9634657,42.0949892],[128.9640014,42.0950031],[128.9649139,42.0947888],[128.9654502,42.0946143],[128.9674971,42.0935775],[128.969752,42.0920434],[128.9710891,42.0909169],[128.9719579,42.0903644],[128.9741184,42.0894162],[128.9752702,42.0893548],[128.9775554,42.0899086],[128.9794632,42.0905083],[128.9813912,42.0911555],[128.9832242,42.0921651],[128.9839603,42.0926492],[128.9850189,42.0924719],[128.9861599,42.0923884],[128.9894126,42.0921381],[128.9925771,42.0922845],[128.9951955,42.0912543],[128.9997681,42.0900433],[129.0013572,42.0893554],[129.0026209,42.08882],[129.0030768,42.0886169],[129.0035325,42.0884202],[129.0039134,42.0883446],[129.0042677,42.0883483],[129.0046245,42.0885533],[129.0047532,42.0888838],[129.0047049,42.0892819],[129.0044565,42.0899804],[129.0044341,42.0906671],[129.0045794,42.0912435],[129.0051427,42.0941503],[129.0071967,42.0970661],[129.0087846,42.0991916],[129.0118986,42.0999817],[129.0149145,42.0997333],[129.0161673,42.0994004],[129.018539,42.0981037],[129.020798,42.0975973],[129.0226166,42.0982735],[129.0255232,42.0989731],[129.0260583,42.0994743],[129.025867,42.100331],[129.0267715,42.1025868],[129.0281237,42.1032631],[129.0316944,42.103746],[129.0331138,42.1044458],[129.0347484,42.1056882],[129.0347323,42.1062155],[129.0336245,42.1074483],[129.031865,42.1084392],[129.0314787,42.10908],[129.031688,42.1106241],[129.0323853,42.1119771],[129.033072,42.1125104],[129.0366554,42.1132108],[129.0387851,42.1133341],[129.0405265,42.1141245],[129.0405232,42.1147627],[129.0407914,42.1151726],[129.0420252,42.1162351],[129.0420842,42.1168956],[129.0409577,42.1178307],[129.0387046,42.1179939],[129.031629,42.1172776],[129.0291613,42.116816],[129.0275842,42.1169911],[129.0267259,42.1175363],[129.0259963,42.1181968],[129.0259051,42.1186703],[129.0261894,42.1189011],[129.0280563,42.1202381],[129.031292,42.1209767],[129.0347725,42.121185],[129.0363228,42.1220525],[129.0369692,42.1240558],[129.036347,42.1265696],[129.0354201,42.1282238],[129.0357264,42.128845],[129.0392744,42.1318594],[129.0396612,42.1326582],[129.0401536,42.1331992],[129.041242,42.1346119],[129.0428514,42.1350064],[129.0447876,42.1341808],[129.0474509,42.1321255],[129.0484422,42.1318319],[129.0495837,42.1323928],[129.0510826,42.1349627],[129.0515332,42.1381547],[129.0523159,42.1387167],[129.053878,42.1389444],[129.0548365,42.1387847],[129.0579013,42.1373319],[129.059458,42.1374403],[129.0636956,42.1389263],[129.0654549,42.1384398],[129.0693444,42.1374927],[129.0710878,42.1379377],[129.0720445,42.1392628],[129.0718836,42.1398395],[129.0693221,42.1434713],[129.0668732,42.1470946],[129.0649903,42.1483753],[129.0632415,42.1505508],[129.0631127,42.1516484],[129.0637973,42.1530277],[129.0658319,42.1550127],[129.0669608,42.1560342],[129.0683967,42.1569536],[129.0701959,42.1572989],[129.0722312,42.1570658],[129.075554,42.1555737],[129.077519,42.1540755],[129.0795064,42.1521018],[129.0801662,42.1504513],[129.0804785,42.1486108],[129.0805803,42.1452898],[129.0813031,42.1432662],[129.0837161,42.1400166],[129.0846184,42.1394994],[129.086706,42.138666],[129.0889528,42.1383378],[129.0898775,42.1384498],[129.0906029,42.138124],[129.0911027,42.1379407],[129.0926478,42.1381481],[129.0938572,42.1385602],[129.0944769,42.1390107],[129.0952551,42.1396243],[129.0957161,42.1399258],[129.096071,42.1403167],[129.0961466,42.1406697],[129.0968037,42.1409214],[129.0997175,42.1426845],[129.1006039,42.1427454],[129.1018149,42.1425572],[129.1035387,42.1397022],[129.1040473,42.1389715],[129.1053424,42.1383754],[129.10659,42.1380847],[129.1092232,42.1381642],[129.1142711,42.1388412],[129.1151905,42.1395644],[129.115237,42.1405944],[129.1152162,42.1416665],[129.1153365,42.1435771],[129.1181303,42.1462595],[129.1216117,42.1475679],[129.1260862,42.1482491],[129.1279595,42.1490209],[129.1286091,42.1498631],[129.1293178,42.1519409],[129.1296482,42.1531781],[129.1302748,42.1543533],[129.1304245,42.155388],[129.1299025,42.1558133],[129.1283125,42.1571919],[129.1269357,42.1580628],[129.1260235,42.1594697],[129.1266386,42.1600849],[129.1289273,42.1607942],[129.1311765,42.1613567],[129.1325806,42.1614566],[129.1341519,42.161789],[129.1358219,42.1619502],[129.1371529,42.1620235],[129.1381851,42.1620399],[129.1388601,42.1622635],[129.1391952,42.1626588],[129.1392713,42.1628468],[129.1392152,42.163268],[129.139132,42.1635456],[129.139288,42.1638463],[129.1401338,42.1644376],[129.1417949,42.1645865],[129.1443074,42.1643806],[129.149204,42.1633556],[129.1518226,42.1632141],[129.1569793,42.163314],[129.1602355,42.1630058],[129.1630089,42.1628945],[129.1646933,42.1630297],[129.1658134,42.1637152],[129.1665429,42.1644709],[129.1665311,42.16545],[129.1661797,42.1665162],[129.1642856,42.168302],[129.1629016,42.1689938],[129.1618073,42.1725164],[129.1608953,42.1741067],[129.1596213,42.176174],[129.158248,42.1781458],[129.1578644,42.1783108],[129.1573816,42.1795411],[129.1580682,42.1825295],[129.1585082,42.1839138],[129.1600075,42.1856766],[129.1609597,42.1858416],[129.1666138,42.1851977],[129.1714164,42.1853848],[129.1736878,42.1857245],[129.1738921,42.1857549],[129.1781402,42.1863868],[129.1803306,42.1866167],[129.184134,42.1879483],[129.1892248,42.1891923],[129.1901958,42.1904046],[129.1897023,42.1929085],[129.1890263,42.1951421],[129.1882324,42.1972723],[129.1872024,42.199466],[129.1876682,42.201346],[129.1886079,42.2032293],[129.190067,42.2038929],[129.1921377,42.203583],[129.1936719,42.2024941],[129.1951473,42.2021187],[129.1982317,42.2026054],[129.2014074,42.203877],[129.2032421,42.2066268],[129.2070642,42.2057089],[129.2079306,42.2052837],[129.208719,42.2048409],[129.2095751,42.2038503],[129.2109184,42.2030527],[129.2132521,42.2026769],[129.2158538,42.2028359],[129.2172646,42.2034002],[129.2195016,42.2036903],[129.221642,42.2048784],[129.2223716,42.205999],[129.2222643,42.207191],[129.2200434,42.2092791],[129.2195961,42.2102158],[129.2198016,42.2125795],[129.2198717,42.2166076],[129.2191422,42.217132],[129.2171359,42.2174101],[129.2157804,42.2171453],[129.214724,42.2166986],[129.2120022,42.2149985],[129.2110205,42.2137788],[129.2097598,42.2130716],[129.2077911,42.2127537],[129.2051196,42.2134133],[129.203977,42.2146211],[129.2032937,42.2158324],[129.2032421,42.2167983],[129.2030275,42.2175571],[129.2012894,42.2189],[129.1995876,42.2203527],[129.198191,42.2222086],[129.1968128,42.2240487],[129.1965178,42.2244761],[129.1967673,42.2252384],[129.1967989,42.2258242],[129.1961717,42.2274131],[129.196955,42.2298758],[129.1998196,42.231989],[129.2040574,42.233538],[129.2068362,42.2349202],[129.2067718,42.2364612],[129.2029738,42.2408022],[129.201327,42.2429308],[129.2005491,42.2430896],[129.1989454,42.242163],[129.1945756,42.2414379],[129.1928726,42.2417831],[129.1908632,42.2421203],[129.1888896,42.2421899],[129.1880755,42.2414041],[129.1871649,42.2401429],[129.1855395,42.2375295],[129.1827709,42.234539],[129.1815316,42.2340752],[129.1799618,42.2344421],[129.1783507,42.2350522],[129.176966,42.2359671],[129.1758627,42.2370365],[129.1753745,42.2378308],[129.175271,42.2387034],[129.1755563,42.2423708],[129.1767847,42.2450832],[129.1768491,42.2484467],[129.1771511,42.2533472],[129.1771319,42.2549978],[129.1770112,42.2558141],[129.1764628,42.2564378],[129.1763073,42.2580119],[129.1762751,42.2593102],[129.1765342,42.2598178],[129.1770522,42.2608327],[129.1781115,42.2620149],[129.1800959,42.263306],[129.1821935,42.2644074],[129.1863763,42.2650112],[129.1881882,42.2651222],[129.1910494,42.2649407],[129.1939696,42.2640444],[129.1964936,42.2632327],[129.2002644,42.2621998],[129.2048192,42.2618194],[129.2088777,42.2624134],[129.2153591,42.2642621],[129.2187774,42.2665357],[129.2200112,42.2685126],[129.2204442,42.2690595],[129.2206883,42.269387],[129.220648,42.2696748],[129.2206553,42.2701438],[129.2208835,42.2710178],[129.2208363,42.2717295],[129.2208661,42.2722096],[129.2209229,42.2732568],[129.2211527,42.2742322],[129.221324,42.2745816],[129.2218137,42.2748638],[129.2236322,42.2757013],[129.2246139,42.2770468],[129.2253059,42.279337],[129.2253435,42.2807479],[129.2249465,42.2816667],[129.2246146,42.2827293],[129.2228711,42.283296],[129.2206672,42.2826703],[129.2157386,42.2815083],[129.2112562,42.2818311],[129.2092756,42.2824288],[129.2079181,42.2833004],[129.2067128,42.2836432],[129.206112,42.283798],[129.2054737,42.2839448],[129.2051411,42.2840242],[129.20461,42.2840599],[129.2041755,42.2842067],[129.2037141,42.2844647],[129.2013538,42.2852465],[129.2009568,42.2853735],[129.2007101,42.285437],[129.2006403,42.2855481],[129.2005491,42.2856989],[129.2004311,42.285941],[129.2004311,42.2860442],[129.2004472,42.2862268],[129.2004096,42.2865323],[129.2003197,42.286911],[129.2014014,42.2895353],[129.202038,42.2900676],[129.2044248,42.2909439],[129.2060034,42.2915059],[129.2092828,42.2923001],[129.2194014,42.2954475],[129.2234837,42.2966381],[129.2263697,42.297966],[129.2284244,42.2993733],[129.2296262,42.3016365],[129.2307547,42.3038024],[129.2326601,42.3041384],[129.2351933,42.3053926],[129.2362481,42.3057074],[129.2371287,42.3066806],[129.2371559,42.3079429],[129.2362224,42.3087177],[129.2295331,42.3104382],[129.2264906,42.3105693],[129.2251286,42.3102257],[129.2214844,42.3085892],[129.2141883,42.3027513],[129.2122288,42.3029929],[129.209461,42.3045798],[129.2078557,42.305538],[129.2052599,42.3074994],[129.1975604,42.3116575],[129.1946234,42.3129078],[129.193644,42.3137807],[129.1929698,42.3148501],[129.1957145,42.3170592],[129.1979262,42.3185316],[129.2013103,42.3196186],[129.2058391,42.3211881],[129.206204,42.3212644],[129.2090374,42.3209985],[129.2115343,42.3205758],[129.2139574,42.3199002],[129.2174913,42.318226],[129.2192853,42.3170892],[129.2220282,42.3152263],[129.2245817,42.313354],[129.2287513,42.3141019],[129.2335403,42.3155991],[129.2410662,42.3162235],[129.2445303,42.3171517],[129.2475682,42.3180783],[129.2507601,42.3199227],[129.2530989,42.3218107],[129.2542201,42.3228776],[129.2567789,42.3249757],[129.2564051,42.328937],[129.2555129,42.3310654],[129.2522728,42.3343034],[129.2484051,42.3370752],[129.2462325,42.3394901],[129.2438668,42.3415836],[129.2392373,42.3430824],[129.2326927,42.3445138],[129.2318726,42.3450584],[129.2315407,42.3454574],[129.2315984,42.3460283],[129.2313811,42.3461948],[129.2295103,42.3471979],[129.2285165,42.3478353],[129.2244744,42.3506471],[129.2237341,42.3529227],[129.2237771,42.3550515],[129.2257726,42.356772],[129.2302999,42.3598222],[129.2351976,42.3622323],[129.2366302,42.3632411],[129.2358252,42.3650306],[129.2332345,42.3685681],[129.2324992,42.3698659],[129.2323065,42.3707915],[129.2327624,42.3718576],[129.2338564,42.3726482],[129.2366838,42.3740294],[129.2393067,42.3771897],[129.2412594,42.3788302],[129.2435771,42.3797794],[129.2446872,42.3798131],[129.2487642,42.379714],[129.2506851,42.3791256],[129.2519828,42.3783547],[129.2528036,42.3774433],[129.2537534,42.3746635],[129.2557491,42.3724402],[129.2588171,42.3721726],[129.2625296,42.3724441],[129.2639724,42.3731395],[129.2657158,42.3748754],[129.2660484,42.3754817],[129.2663166,42.3794484],[129.2665312,42.3841441],[129.2675879,42.3857131],[129.2694444,42.3874785],[129.270756,42.3881243],[129.2720355,42.388049],[129.2733761,42.3877774],[129.2760534,42.3868445],[129.2770189,42.3860203],[129.2783651,42.3843065],[129.2800012,42.3826305],[129.2824366,42.3820796],[129.2854304,42.3811664],[129.2869485,42.3802273],[129.2900219,42.3789927],[129.2912401,42.3790226],[129.2928114,42.3799398],[129.2934444,42.38078],[129.2936644,42.3821272],[129.294292,42.3842986],[129.2934018,42.3889761],[129.293772,42.3897765],[129.2949411,42.3899526],[129.2972321,42.3893049],[129.3069735,42.3862005],[129.3099453,42.3842749],[129.3103478,42.3841698],[129.3117706,42.3842848],[129.3175038,42.3829752],[129.3200144,42.3847899],[129.3200358,42.3878567],[129.3170263,42.3907649],[129.3120593,42.3939959],[129.3113154,42.394679],[129.3112365,42.3951498],[129.3114798,42.3955366],[129.3116051,42.3958159],[129.311613,42.396101],[129.3114885,42.3963975],[129.310998,42.397366],[129.310695,42.397777],[129.3104401,42.3979229],[129.3102716,42.397919],[129.309675,42.397988],[129.309415,42.3980181],[129.3089179,42.3980385],[129.3084241,42.3982674],[129.3079308,42.3984499],[129.3075586,42.3986191],[129.3052139,42.3994806],[129.3026712,42.4007839],[129.3011159,42.4024537],[129.3006331,42.404264],[129.3008527,42.4047629],[129.3018079,42.4049413],[129.3050262,42.4041153],[129.3070168,42.403646],[129.3086955,42.4035013],[129.3109381,42.4043947],[129.3121398,42.4055355],[129.3123541,42.4068166],[129.3098005,42.4093002],[129.3058094,42.4114825],[129.304522,42.4130271],[129.3041894,42.4152846],[129.3056699,42.4183737],[129.3061531,42.420047],[129.3077195,42.4229299],[129.3087602,42.4235674],[129.3098328,42.4236915],[129.3119947,42.4228713],[129.3149593,42.421174],[129.3186462,42.4183516],[129.3202946,42.4183804],[129.321849,42.4199578],[129.3222819,42.4213141],[129.32197,42.4223151],[129.3221735,42.42477],[129.3228367,42.425901],[129.3235704,42.4266223],[129.3242437,42.4270898],[129.3249556,42.4272522],[129.3279486,42.43074],[129.3290811,42.4314449],[129.3299171,42.4316153],[129.3310081,42.4315701],[129.331833,42.4310812],[129.3330412,42.4294241],[129.3329213,42.4283772],[129.3318693,42.4266319],[129.3307969,42.424789],[129.3290937,42.4223006],[129.3287068,42.4208739],[129.3294243,42.4195129],[129.3302147,42.4185251],[129.3311191,42.4169936],[129.3328625,42.4153699],[129.3356037,42.4115044],[129.3373354,42.4100934],[129.3379638,42.4095814],[129.3417835,42.4074565],[129.3451413,42.4065078],[129.3474269,42.4064029],[129.3481672,42.4061969],[129.3489772,42.4060583],[129.3496209,42.4061494],[129.3501037,42.4063435],[129.3508118,42.4067811],[129.3509567,42.4075991],[129.3506992,42.4088824],[129.3500662,42.4097617],[129.3491539,42.4102627],[129.3474162,42.4105776],[129.3456134,42.4106667],[129.344337,42.4106885],[129.3410643,42.4102706],[129.3403888,42.4104588],[129.3393588,42.4112826],[129.33923,42.41175],[129.3395623,42.4121638],[129.3404102,42.4127005],[129.3409574,42.4132946],[129.3411505,42.4142768],[129.3411076,42.4150372],[129.3403455,42.4161797],[129.3403137,42.4168986],[129.3413383,42.4183005],[129.3440742,42.4183975],[129.3460214,42.4179956],[129.3467134,42.4176411],[129.3472552,42.4170412],[129.3500501,42.4160233],[129.3518847,42.4163481],[129.3543684,42.4171798],[129.3558383,42.4182213],[129.3562299,42.4194094],[129.3564659,42.4203321],[129.3561548,42.4215795],[129.3554091,42.4226804],[129.3497872,42.4285092],[129.3462467,42.4306077],[129.342277,42.431067],[129.3406892,42.4318905],[129.3362474,42.4374255],[129.3354749,42.4400859],[129.3363249,42.4433597],[129.3385002,42.4460575],[129.341751,42.4486225],[129.3470511,42.4526677],[129.3566963,42.4555571],[129.3595585,42.4557313],[129.362919,42.4560241],[129.3649682,42.4549555],[129.3678918,42.4519672],[129.3687987,42.4497448],[129.3691847,42.4475617],[129.3679941,42.4446543],[129.3666315,42.4427541],[129.363949,42.4409983],[129.3603119,42.4378708],[129.3586919,42.4347749],[129.3538317,42.4318687],[129.3537569,42.4314471],[129.3549368,42.4296594],[129.3576297,42.4267688],[129.3603011,42.4260639],[129.3630092,42.4262051],[129.3656445,42.4265551],[129.3692708,42.4266323],[129.3726182,42.4260225],[129.3758365,42.4251216],[129.3788406,42.4238861],[129.3810725,42.4230962],[129.3820006,42.4230011],[129.3831056,42.4231437],[129.3836793,42.4235099],[129.3858358,42.4251453],[129.3882069,42.4278855],[129.3896553,42.4303483],[129.3899127,42.4351272],[129.3890437,42.4384845],[129.3868553,42.44142],[129.386909,42.443621],[129.3891295,42.4472292],[129.3920588,42.4497249],[129.3940326,42.4508708],[129.396522,42.4515378],[129.3977397,42.4515971],[129.3993061,42.4514032],[129.4006097,42.4510113],[129.401972,42.4504196],[129.4045684,42.4448066],[129.4051105,42.4423503],[129.4061407,42.4412295],[129.4077866,42.4397274],[129.4096428,42.4393612],[129.4118299,42.4392417],[129.4129268,42.4386024],[129.4139482,42.4383196],[129.4147426,42.4382814],[129.416767,42.4373482],[129.4189989,42.4362576],[129.4202435,42.435434],[129.4216272,42.4346244],[129.4221854,42.4341493],[129.4227305,42.4334315],[129.4233609,42.4329912],[129.4242319,42.432501],[129.4266648,42.4319972],[129.4286174,42.4317529],[129.4296159,42.431978],[129.4301781,42.4323122],[129.4312926,42.4327842],[129.4321947,42.4331284],[129.4337722,42.4343077],[129.4345235,42.4359706],[129.4350814,42.4370791],[129.4357466,42.4389477],[129.4357734,42.439725],[129.4364759,42.4415763],[129.4378278,42.4427956],[129.4402527,42.4431599],[129.4423553,42.4428906],[129.446561,42.4412181],[129.4480419,42.4406005],[129.4498443,42.439787],[129.4515947,42.4376866],[129.4530841,42.4339433],[129.4537496,42.4322964],[129.4547198,42.4310135],[129.455316,42.4299207],[129.4557723,42.4289843],[129.4567751,42.4276044],[129.4571102,42.4262704],[129.4571455,42.42613],[129.4573372,42.4256585],[129.4575969,42.4243688],[129.4582539,42.4228456],[129.4590282,42.4224606],[129.4599079,42.4220646],[129.4613025,42.4221279],[129.462912,42.4224448],[129.4631515,42.4224762],[129.470712,42.4207592],[129.4710443,42.4204647],[129.4719242,42.4201321],[129.47304,42.4200371],[129.4750998,42.4202271],[129.4770741,42.420243],[129.4780371,42.4201266],[129.4798847,42.4198032],[129.480915,42.4191658],[129.4818374,42.4185163],[129.4827049,42.4176168],[129.4832324,42.4169006],[129.484595,42.4160253],[129.486974,42.4152426],[129.4887117,42.4146275],[129.4898837,42.414663],[129.4902276,42.4144926],[129.4928237,42.4134311],[129.4942831,42.4126866],[129.4954633,42.4118628],[129.4963214,42.4111023],[129.4962616,42.4102995],[129.4957637,42.4095339],[129.4949912,42.4087101],[129.4951412,42.4076802],[129.4952058,42.4068881],[129.4951844,42.4060642],[129.4955921,42.4054304],[129.4963002,42.4047967],[129.4966625,42.4040173],[129.4970295,42.403228],[129.4975876,42.4009305],[129.4981294,42.3995262],[129.4985101,42.3989042],[129.4998836,42.3982209],[129.5006958,42.397332],[129.5011662,42.3966083],[129.5030708,42.3951921],[129.5035609,42.3949645],[129.504328,42.394396],[129.5051217,42.3939166],[129.5059346,42.3935462],[129.5064067,42.3933402],[129.5067425,42.3931771],[129.5077791,42.3933551],[129.5087213,42.3935987],[129.5096443,42.3934384],[129.5102447,42.3933342],[129.5106891,42.3931793],[129.510725,42.3931817],[129.5112289,42.3931967],[129.5114941,42.3931992],[129.5124996,42.393207],[129.513079,42.3931669],[129.5136859,42.3929917],[129.5147323,42.3924844],[129.5158478,42.3919138],[129.5171914,42.3914654],[129.5185337,42.39117],[129.5197433,42.3910322],[129.5217665,42.390655],[129.5223745,42.3904233],[129.5228433,42.3902631],[129.5230171,42.389936],[129.5230039,42.3893227],[129.5227811,42.388684],[129.5226416,42.3881452],[129.5224592,42.3873131],[129.5224485,42.3868535],[129.52247,42.3865999],[129.5228455,42.386386],[129.5235536,42.3860214],[129.5240632,42.3851774],[129.524667,42.3839617],[129.5250878,42.3831328],[129.5260641,42.3823206],[129.5271131,42.3810177],[129.527593,42.3803116],[129.5277914,42.3800341],[129.5280061,42.3797409],[129.5283494,42.3792535],[129.528682,42.3789682],[129.5294732,42.3785819],[129.5305248,42.3780615],[129.5313534,42.3764796],[129.5321557,42.3743444],[129.5325459,42.3697739],[129.5328495,42.3676329],[129.5341466,42.3649584],[129.5353043,42.3638287],[129.5358514,42.3634006],[129.536831,42.3631232],[129.5381066,42.3633229],[129.53887,42.3640162],[129.5392241,42.3661165],[129.539717,42.3686785],[129.540277,42.3695805],[129.5412888,42.3699309],[129.5423188,42.3694078],[129.5444045,42.3691834],[129.5455578,42.3688172],[129.5467841,42.3674174],[129.5465653,42.3657154],[129.5455192,42.3629694],[129.5456362,42.361479],[129.545929,42.360974],[129.5462831,42.3606681],[129.5471907,42.3604888],[129.5487882,42.3605135],[129.550904,42.3610993],[129.5519275,42.3623376],[129.5528309,42.3632088],[129.5536184,42.3643084],[129.5537986,42.3666754],[129.5532864,42.3683065],[129.551729,42.3706332],[129.54955,42.3736713],[129.5490618,42.3750076],[129.5546218,42.3778951],[129.5567679,42.3778694],[129.559584,42.3774552],[129.5610514,42.3776515],[129.5633366,42.3776453],[129.5664511,42.3780527],[129.570748,42.3809629],[129.5714508,42.3830725],[129.5718799,42.3847827],[129.5714379,42.385862],[129.5703865,42.3866358],[129.565617,42.3858159],[129.561356,42.3848429],[129.5600396,42.3857376],[129.558176,42.3867892],[129.5582267,42.3885224],[129.5594903,42.3932314],[129.561252,42.3962883],[129.5637668,42.3996247],[129.5663868,42.4021409],[129.5695314,42.4035479],[129.5711922,42.4044725],[129.5719497,42.4074131],[129.5738755,42.4108131],[129.5754966,42.4126484],[129.5777883,42.4141582],[129.5793411,42.4142549],[129.5816357,42.4128805],[129.5850346,42.4113525],[129.5885686,42.4087693],[129.5895279,42.4086102],[129.5905449,42.4086616],[129.592044,42.4091853],[129.5938195,42.4105431],[129.5952409,42.4118872],[129.5959652,42.4129512],[129.5963944,42.4139651],[129.597127,42.416098],[129.5964802,42.4182106],[129.5956969,42.4201295],[129.5956219,42.42263],[129.5959233,42.4251912],[129.5973385,42.4273026],[129.5990968,42.4291461],[129.6002611,42.4301335],[129.6022372,42.4318092],[129.605635,42.4350518],[129.6065336,42.4360437],[129.6072203,42.4369306],[129.6079203,42.4382866],[129.6083361,42.4393693],[129.6086487,42.4406435],[129.608658,42.4418238],[129.6085704,42.4427425],[129.6079069,42.4432647],[129.6071639,42.4435698],[129.6059114,42.4437873],[129.6045245,42.4437131],[129.6020544,42.4440684],[129.6015179,42.4438942],[129.6008903,42.4431262],[129.6002519,42.4426096],[129.598068,42.4418296],[129.5971996,42.4415546],[129.5964271,42.4412854],[129.5947324,42.4409848],[129.5933586,42.4409212],[129.5924789,42.4410162],[129.591856,42.4412523],[129.5911485,42.4418079],[129.5907359,42.4424946],[129.589861,42.4434548],[129.5895815,42.4437311],[129.5891673,42.4440405],[129.5889217,42.4441784],[129.5886165,42.4443098],[129.5875222,42.4446265],[129.5862132,42.4450382],[129.5849316,42.4456132],[129.5845497,42.4460251],[129.5843464,42.4462969],[129.5842386,42.446702],[129.5843093,42.4470121],[129.5847214,42.4477311],[129.5848769,42.4480874],[129.5849472,42.4484424],[129.5853779,42.4493088],[129.5859987,42.4502157],[129.5865131,42.4506801],[129.5870752,42.4510789],[129.5874358,42.4512461],[129.5877582,42.4513557],[129.5887918,42.4514977],[129.5896298,42.4515627],[129.5904082,42.4515299],[129.5911372,42.4514875],[129.5917493,42.451419],[129.5922745,42.4513173],[129.5928753,42.451155],[129.5938464,42.4509975],[129.5976502,42.4507066],[129.5984813,42.4508708],[129.5997959,42.4515299],[129.6012147,42.4527983],[129.601968,42.4534883],[129.6027941,42.4542166],[129.6036369,42.4548388],[129.6052692,42.4565544],[129.6058196,42.4570979],[129.6062332,42.4576092],[129.6068555,42.4586383],[129.6077508,42.4603561],[129.6080405,42.4607865],[129.608379,42.461179],[129.608534,42.4613168],[129.6087647,42.4614711],[129.6091551,42.4617088],[129.6099556,42.4619579],[129.6108252,42.4621288],[129.6123652,42.4623491],[129.6124558,42.4623608],[129.6134752,42.4624929],[129.6143979,42.4625483],[129.6153742,42.4625008],[129.6161145,42.4624059],[129.6168705,42.4621585],[129.617874,42.4617173],[129.618904,42.4610524],[129.6195954,42.4604511],[129.6202773,42.4596989],[129.6203377,42.4596417],[129.6211302,42.4588916],[129.6217123,42.4583751],[129.6220931,42.4578764],[129.6223967,42.4572929],[129.6225706,42.4566614],[129.6228173,42.4558579],[129.6232345,42.454676],[129.6237186,42.4538315],[129.6243364,42.4527651],[129.6250168,42.4513458],[129.6254674,42.4499367],[129.6256927,42.4493905],[129.6260145,42.4484642],[129.6261862,42.4479496],[129.6264973,42.4474192],[129.6269878,42.4470233],[129.6278384,42.4464217],[129.6288899,42.4454954],[129.6300915,42.4444662],[129.6309937,42.4436355],[129.6316794,42.4429461],[129.6323982,42.442186],[129.6331492,42.4412478],[129.633911,42.4401156],[129.6346811,42.4391075],[129.6355954,42.438144],[129.6365717,42.4372572],[129.6376112,42.4364169],[129.638975,42.4353331],[129.6397453,42.4346503],[129.6403268,42.4340345],[129.640786,42.4334942],[129.6415791,42.4324705],[129.6419072,42.4318471],[129.6421078,42.4312788],[129.6423417,42.4306514],[129.6428889,42.4288775],[129.6433717,42.4277926],[129.6440905,42.426676],[129.6446676,42.4260029],[129.645496,42.4253534],[129.6461391,42.4248702],[129.6467105,42.4246009],[129.6475553,42.4243515],[129.6483466,42.4242505],[129.6497413,42.4244623],[129.6506405,42.4248347],[129.6515224,42.4255136],[129.6521017,42.4260204],[129.6528313,42.4268678],[129.6535779,42.42778],[129.6543655,42.4286496],[129.6549695,42.4291072],[129.6555628,42.4293322],[129.6562034,42.4295982],[129.6566293,42.4299246],[129.6575091,42.4306373],[129.6584961,42.4314609],[129.6596843,42.4322627],[129.6606123,42.4333515],[129.6609101,42.4335337],[129.6613821,42.4336128],[129.6624094,42.4336089],[129.6632838,42.4337118],[129.6644586,42.4338979],[129.6659768,42.4340721],[129.6668565,42.4341949],[129.6678328,42.434282],[129.6689111,42.4343334],[129.6697801,42.434278],[129.6706653,42.4341513],[129.6712553,42.4341196],[129.6719956,42.4342107],[129.6736211,42.4342899],[129.674238,42.4342958],[129.6754852,42.4341038],[129.6760136,42.4339138],[129.6764266,42.4336247],[129.6772403,42.4330627],[129.6776283,42.4326587],[129.6780038,42.4322706],[129.6789286,42.4319728],[129.67937,42.4312566],[129.6804041,42.4305347],[129.6826491,42.4294322],[129.6858573,42.4292615],[129.687016,42.4291348],[129.6884,42.4288814],[129.6902668,42.4282795],[129.6934426,42.4270995],[129.6958566,42.426561],[129.6990913,42.4259631],[129.701854,42.4256028],[129.7040105,42.4259393],[129.7053945,42.426759],[129.7061563,42.4275668],[129.7063279,42.4287903],[129.70761,42.4304929],[129.7089243,42.4319381],[129.7092381,42.4330863],[129.7103512,42.4359131],[129.7111076,42.4366574],[129.7143424,42.437667],[129.7165579,42.438146],[129.718548,42.4387716],[129.7196639,42.4391872],[129.7204578,42.4395752],[129.7210693,42.4398405],[129.7217667,42.4400859],[129.7236657,42.4408698],[129.7250444,42.4411825],[129.7254802,42.441522],[129.7261494,42.4430827],[129.7265303,42.4449036],[129.7261923,42.446111],[129.7259456,42.4468829],[129.7258,42.4472456],[129.7245127,42.450863],[129.7243405,42.4522187],[129.724319,42.4529629],[129.7244263,42.453802],[129.7246624,42.4546252],[129.7250486,42.4554485],[129.725628,42.4560975],[129.7262502,42.456335],[129.7301126,42.4572691],[129.7313142,42.4576173],[129.7322227,42.4580514],[129.7328565,42.458442],[129.7334043,42.4588376],[129.7339302,42.4593217],[129.7343795,42.4600055],[129.7350569,42.4612296],[129.7358166,42.4619415],[129.7362614,42.4625681],[129.7365779,42.463043],[129.7368568,42.4635258],[129.7370063,42.4642817],[129.7381389,42.4653937],[129.7386753,42.4658369],[129.7394264,42.4661931],[129.7402632,42.4666442],[129.7413897,42.4671269],[129.7420067,42.4674],[129.7424787,42.4675583],[129.7430259,42.4677997],[129.7435731,42.4679975],[129.7440237,42.4681597],[129.7443026,42.4683734],[129.7443885,42.4686306],[129.7444582,42.469153],[129.7443831,42.4696515],[129.7441255,42.4710199],[129.7434497,42.4724609],[129.7431707,42.4734897],[129.7425793,42.4747965],[129.7414219,42.476291],[129.7407028,42.4777173],[129.7402753,42.4787191],[129.7397083,42.480784],[129.7395444,42.4820515],[129.7393835,42.4830089],[129.7394002,42.4847957],[129.7394478,42.4855724],[129.7394264,42.4864744],[129.7393812,42.487629],[129.7395766,42.4884681],[129.7398233,42.4891802],[129.7401881,42.4899713],[129.7403268,42.4908147],[129.7401988,42.4913479],[129.7398341,42.4919887],[129.7393081,42.4926726],[129.7385895,42.4932782],[129.7371519,42.4942512],[129.7363472,42.4947417],[129.7354138,42.4953508],[129.7346091,42.4958413],[129.7336328,42.4962606],[129.7329891,42.4966482],[129.7321951,42.4973285],[129.7317874,42.4978189],[129.7317553,42.4983964],[129.7321187,42.4998618],[129.7324097,42.5006429],[129.7326779,42.5012361],[129.7330105,42.5019322],[129.7333635,42.5025646],[129.7346735,42.504226],[129.7363418,42.5057526],[129.7384608,42.5074451],[129.7401667,42.5090665],[129.7403705,42.511194],[129.7403812,42.5121588],[129.7401613,42.5127935],[129.7398904,42.5133273],[129.7395675,42.5137783],[129.7390831,42.5145195],[129.7381819,42.5162989],[129.7377098,42.5172241],[129.7371074,42.5181517],[129.7366584,42.5191694],[129.7365189,42.5196597],[129.7365573,42.5201336],[129.7366745,42.5206995],[129.7368783,42.5212135],[129.7373504,42.522281],[129.7384501,42.5243674],[129.7394705,42.5253886],[129.7406615,42.5260615],[129.7420571,42.5266151],[129.7429146,42.5267415],[129.7434618,42.5268601],[129.7441203,42.5270578],[129.7443201,42.5272871],[129.7446419,42.5278406],[129.7447707,42.5281726],[129.7451247,42.528734],[129.7453453,42.5292327],[129.7454359,42.5296867],[129.7453876,42.5300662],[129.7452787,42.530602],[129.7449477,42.5319479],[129.7448404,42.5326436],[129.7447653,42.5329599],[129.7444276,42.5333869],[129.743907,42.5345173],[129.7437419,42.5356325],[129.7439928,42.5363989],[129.744372,42.537131],[129.7446701,42.5380205],[129.7448444,42.5386351],[129.7453111,42.5394533],[129.7457202,42.5398456],[129.7461556,42.5406234],[129.7464176,42.5410788],[129.7465892,42.5416242],[129.7465919,42.5421123],[129.7464471,42.5424819],[129.7460876,42.5430233],[129.745798,42.543462],[129.7455211,42.5438717],[129.745165,42.5445529],[129.7448713,42.5451052],[129.7444354,42.5457741],[129.7441185,42.5463453],[129.7437809,42.5469202],[129.7435208,42.5472779],[129.7432244,42.5476464],[129.7430407,42.5479003],[129.742806,42.5481523],[129.7425283,42.5483667],[129.7423352,42.5485327],[129.7418672,42.5490178],[129.7415614,42.5493616],[129.7410035,42.5500571],[129.7406143,42.5505914],[129.7401988,42.5514087],[129.7399628,42.5520173],[129.7397053,42.5525705],[129.7394478,42.5530763],[129.7387183,42.5540326],[129.7382323,42.5547347],[129.737699,42.5553604],[129.7370982,42.5560716],[129.736197,42.5570358],[129.7354457,42.5578929],[129.7351992,42.5585373],[129.734959,42.5593638],[129.7348988,42.559786],[129.7349417,42.5601416],[129.7350275,42.5606157],[129.7350007,42.5610069],[129.7350812,42.561489],[129.7352314,42.5621093],[129.735505,42.5625558],[129.7359824,42.5629114],[129.7368836,42.5635633],[129.7371089,42.5641006],[129.7371249,42.5644172],[129.7370875,42.5646656],[129.7369802,42.5649224],[129.7367334,42.5653254],[129.7365403,42.5656968],[129.7363618,42.5660561],[129.7358611,42.5678075],[129.7353923,42.5703706],[129.7354996,42.5725434],[129.7362024,42.5748662],[129.7363311,42.5753086],[129.7364706,42.5757273],[129.736828,42.5765579],[129.7370607,42.5770388],[129.7373664,42.5774891],[129.7380804,42.5783778],[129.7387075,42.5793654],[129.7390723,42.5798434],[129.7396088,42.5802265],[129.7401988,42.5806847],[129.7406763,42.5809415],[129.7418028,42.5815063],[129.7447741,42.5823531],[129.7456897,42.5825875],[129.7466714,42.5827573],[129.7473741,42.5828087],[129.7480232,42.5828482],[129.7488923,42.5829429],[129.7496004,42.5830338],[129.7502294,42.5831472],[129.7511109,42.5833998],[129.7516841,42.5835306],[129.751955,42.5837933],[129.7522267,42.5843161],[129.7522751,42.584515],[129.7523555,42.5848454],[129.7523662,42.5853589],[129.7524788,42.5856906],[129.75257,42.5862001],[129.7527417,42.5866227],[129.7528812,42.5871243],[129.7528061,42.5875351],[129.7527352,42.5878317],[129.7529134,42.588167],[129.7532746,42.5888981],[129.7534999,42.5894669],[129.7536823,42.590081],[129.754318,42.5910407],[129.7552816,42.5922356],[129.7552371,42.592777],[129.755043,42.5931037],[129.7548016,42.5933603],[129.7542945,42.5938468],[129.7537098,42.5946919],[129.753239,42.5957172],[129.7537527,42.5964769],[129.7547398,42.5971087],[129.7555243,42.5978986],[129.7562528,42.5996557],[129.7579658,42.601242],[129.7595785,42.6020841],[129.7619014,42.6025659],[129.7634838,42.6027396],[129.7648732,42.6025738],[129.7671906,42.6026843],[129.7713257,42.6032435],[129.771385,42.6032453],[129.7753769,42.6033667],[129.7772435,42.6039005],[129.778597,42.6042753],[129.7789708,42.6046823],[129.779044,42.6051341],[129.7786865,42.605772],[129.7785033,42.606437],[129.7791964,42.6090318],[129.7799579,42.6110468],[129.7802476,42.6117654],[129.7802435,42.6125582],[129.7801081,42.6130998],[129.7795306,42.6136355],[129.776842,42.6143052],[129.7757846,42.6146032],[129.7736602,42.6150947],[129.7727805,42.6154658],[129.7720531,42.6158381],[129.770919,42.6159138],[129.7697241,42.6159326],[129.7690522,42.6159059],[129.7680115,42.6157954],[129.7667133,42.6157085],[129.7652875,42.6156265],[129.7639882,42.6154559],[129.7628831,42.6152901],[129.7619819,42.6152032],[129.7610592,42.6150374],[129.7590819,42.6145148],[129.7576808,42.6142772],[129.7568589,42.6142696],[129.7561594,42.6145037],[129.7554856,42.6148381],[129.7549062,42.6151539],[129.7543393,42.6156525],[129.7541767,42.6161172],[129.7542196,42.6165514],[129.7540792,42.6175973],[129.7532867,42.6194643],[129.7521457,42.6218563],[129.7522336,42.6232794],[129.7530394,42.6242173],[129.7543114,42.6252662],[129.7591221,42.6286841],[129.7600883,42.629309],[129.7610941,42.6299031],[129.7616117,42.6302562],[129.7624459,42.6307398],[129.7631988,42.6310281],[129.7642296,42.6312824],[129.7650173,42.6314745],[129.7658067,42.631685],[129.7663399,42.6319686],[129.7664317,42.632131],[129.766496,42.6322928],[129.7665363,42.6325316],[129.7664997,42.632735],[129.7662949,42.6330506],[129.7659186,42.6334162],[129.7656163,42.6338734],[129.765422,42.6342606],[129.7636562,42.6366755],[129.7621605,42.6380491],[129.7608022,42.6388618],[129.7589977,42.6392004],[129.7556242,42.63917],[129.7536448,42.6391938],[129.7527489,42.6393517],[129.7518586,42.6396722],[129.7506139,42.6401646],[129.7496966,42.6405908],[129.7491011,42.6411827],[129.7485195,42.64172],[129.7480711,42.6428479],[129.7474343,42.6449725],[129.7472269,42.646133],[129.7472803,42.6472652],[129.7476132,42.6480743],[129.748109,42.6489626],[129.7493727,42.6500313],[129.7507805,42.6509354],[129.7531814,42.6519094],[129.7553057,42.65288],[129.7573761,42.6536175],[129.7581703,42.6540478],[129.7592647,42.6544423],[129.7609588,42.6547162],[129.7628964,42.6552847],[129.7638403,42.6553458],[129.7645594,42.6552689],[129.76501,42.6551663],[129.7656043,42.6549333],[129.766158,42.6544798],[129.7665154,42.6539932],[129.7667695,42.6535093],[129.7668339,42.653028],[129.766906,42.6522751],[129.767147,42.6511516],[129.7681636,42.6494116],[129.7687004,42.6480866],[129.7692586,42.647078],[129.7697092,42.6465414],[129.7699389,42.6462149],[129.7703261,42.6449473],[129.7705621,42.6442686],[129.7711269,42.6436604],[129.7716565,42.6434163],[129.7726006,42.6432111],[129.7738334,42.6428477],[129.7762581,42.6420744],[129.7768425,42.6421397],[129.7775614,42.6419582],[129.7783553,42.6417767],[129.7796964,42.6414216],[129.7812907,42.6414881],[129.7823625,42.6417688],[129.783017,42.6419977],[129.7836929,42.6422108],[129.7842953,42.6424937],[129.7845834,42.6427317],[129.784798,42.6430394],[129.7849614,42.6436824],[129.785134,42.6441219],[129.7853237,42.6447993],[129.7854953,42.6453912],[129.7857904,42.6459752],[129.7858762,42.6464724],[129.7856992,42.6468275],[129.7853895,42.6471215],[129.7845888,42.6480033],[129.7837898,42.6485297],[129.781919,42.6495332],[129.7782966,42.6506761],[129.7758238,42.6514404],[129.7750508,42.6518818],[129.7744286,42.6523947],[129.7742038,42.6529571],[129.7741818,42.6536257],[129.7739458,42.65447],[129.7739855,42.6552435],[129.7743181,42.6570688],[129.7748699,42.6587524],[129.7760554,42.6611717],[129.7773655,42.6633858],[129.7775272,42.6645512],[129.777613,42.6654348],[129.7776174,42.665699],[129.7776267,42.6662665],[129.7774682,42.667265],[129.7770783,42.6679916],[129.7767679,42.6682516],[129.7766367,42.6683616],[129.7759694,42.6687297],[129.7753331,42.6696553],[129.7747752,42.6702075],[129.7741133,42.6710071],[129.7740242,42.6716906],[129.7742545,42.6721287],[129.7749469,42.6725898],[129.7755263,42.6729527],[129.7763237,42.6735514],[129.7766652,42.6741814],[129.777039,42.6750115],[129.7774576,42.6760223],[129.7777954,42.6766048],[129.7779993,42.6768572],[129.7782989,42.6771312],[129.778761,42.6774409],[129.7793833,42.6777249],[129.7803167,42.6781114],[129.7812072,42.6784979],[129.7821299,42.678837],[129.7836181,42.6794559],[129.7840932,42.6795824],[129.784517,42.6796455],[129.7849408,42.6797007],[129.7854041,42.679669],[129.7862283,42.6795153],[129.786754,42.6793733],[129.7873195,42.6790615],[129.7878376,42.6787581],[129.788315,42.6783716],[129.7892162,42.6776775],[129.7897956,42.6772122],[129.7901474,42.6767269],[129.7907076,42.6754611],[129.7913107,42.6739898],[129.7914586,42.6735285],[129.7918323,42.6730737],[129.7922525,42.6727397],[129.7925529,42.6725504],[129.7930752,42.6724662],[129.7937277,42.6724557],[129.7944036,42.6725346],[129.795874,42.6727243],[129.7972897,42.6731262],[129.7980139,42.6733392],[129.7987345,42.673693],[129.8001436,42.6748774],[129.8008731,42.6753901],[129.8014562,42.6757877],[129.8028901,42.6773305],[129.8038527,42.678746],[129.8037699,42.6797914],[129.803448,42.6805801],[129.8031006,42.6810118],[129.8021995,42.6817235],[129.8005165,42.6823724],[129.7983083,42.682876],[129.7929794,42.683047],[129.7908224,42.6835977],[129.7900212,42.6845455],[129.7889119,42.6856459],[129.7851281,42.6863677],[129.7829856,42.6866493],[129.779282,42.6874647],[129.7744521,42.6906798],[129.7729969,42.6923565],[129.7716692,42.6949291],[129.770658,42.6958399],[129.7694564,42.6964924],[129.7687912,42.697206],[129.7664952,42.7001944],[129.7628108,42.7028393],[129.7621769,42.7038725],[129.7612381,42.7055873],[129.7608358,42.7068567],[129.760707,42.7070538],[129.760471,42.7071957],[129.7603503,42.7073198],[129.7602779,42.7074677],[129.7601518,42.707923],[129.7595859,42.7114213],[129.7597106,42.7121604],[129.7597965,42.7125624],[129.7599399,42.7136128],[129.7599667,42.7139321],[129.7600257,42.7143775],[129.7601867,42.7149096],[129.7603583,42.7153431],[129.7603905,42.7156821],[129.7603744,42.7161077],[129.760353,42.7169394],[129.7604763,42.7176961],[129.7605407,42.7181612],[129.7606856,42.7186302],[129.760884,42.7190755],[129.761281,42.7198401],[129.7614634,42.7205259],[129.761517,42.721117],[129.7614634,42.722055],[129.7612059,42.7232215],[129.7609699,42.7239072],[129.7605649,42.7246264],[129.7603852,42.7249909],[129.760251,42.7254363],[129.7602832,42.7258106],[129.7604281,42.7261298],[129.7606158,42.726449],[129.7624176,42.7283905],[129.76564,42.7294198],[129.7661841,42.7294577],[129.7669888,42.7293592],[129.7675574,42.7292962],[129.7679866,42.7292725],[129.7683857,42.7292703],[129.7686624,42.7293217],[129.7689199,42.7293572],[129.7694564,42.7295129],[129.7697716,42.7295996],[129.770123,42.7296626],[129.770536,42.7297572],[129.7708176,42.7298183],[129.7711181,42.7299365],[129.7713278,42.7300484],[129.7715807,42.7303069],[129.7719562,42.7308783],[129.7726563,42.7319146],[129.7729245,42.7324426],[129.7734958,42.7329903],[129.7740161,42.7339517],[129.7742093,42.7343024],[129.7743916,42.7347712],[129.7745392,42.7352598],[129.7746572,42.7355908],[129.7747242,42.7359178],[129.7746116,42.7364616],[129.7745633,42.7367649],[129.7745097,42.7370998],[129.774456,42.7373678],[129.7744292,42.7378248],[129.774397,42.7382858],[129.7743165,42.7386601],[129.7742629,42.7389713],[129.7741824,42.7394165],[129.7740215,42.7400154],[129.7737721,42.7408625],[129.7740591,42.7415244],[129.7741718,42.7418081],[129.7743214,42.7420591],[129.774668,42.7423872],[129.7750086,42.7427024],[129.7751319,42.7431317],[129.7752553,42.743636],[129.7754753,42.7440654],[129.7756576,42.7446642],[129.7759527,42.7452315],[129.7761834,42.7455191],[129.7765964,42.7458185],[129.777165,42.7460628],[129.7782056,42.7462192],[129.7784837,42.7463837],[129.7790962,42.7474219],[129.7795254,42.7483989],[129.7798849,42.7490081],[129.7802121,42.749687],[129.7804696,42.75027],[129.7807378,42.7508767],[129.7809148,42.7513494],[129.7810003,42.751623],[129.781065,42.7521135],[129.7810543,42.7524208],[129.7810221,42.7527202],[129.7809551,42.7532007],[129.7809819,42.7535237],[129.780998,42.753701],[129.7810622,42.7539212],[129.7812581,42.7543588],[129.7814191,42.7547054],[129.7816337,42.7552096],[129.7818456,42.7555838],[129.7820172,42.7559501],[129.7822103,42.7563203],[129.7822344,42.7565606],[129.782272,42.7568678],[129.7822934,42.7571435],[129.7823149,42.7575452],[129.7823203,42.7579982],[129.7823739,42.758266],[129.7824866,42.7588332],[129.7827172,42.759231],[129.782846,42.7596721],[129.7829158,42.760133],[129.7828089,42.7606499],[129.7826448,42.7611491],[129.7824571,42.7615666],[129.7822157,42.7622204],[129.7820507,42.7627492],[129.7817436,42.7638942],[129.7817223,42.7639904],[129.7816042,42.7645243],[129.7815323,42.7649765],[129.781816,42.7663438],[129.7820011,42.7671629],[129.7819662,42.7676355],[129.7819501,42.7681671],[129.7821486,42.7685885],[129.7824973,42.7689429],[129.7827387,42.7690886],[129.7830069,42.7692619],[129.7833556,42.7696793],[129.7836506,42.7701125],[129.7840261,42.7706677],[129.7845465,42.7713647],[129.7856811,42.77255],[129.786053,42.7728587],[129.7875372,42.7737786],[129.7883955,42.7742984],[129.7892163,42.7747237],[129.7899673,42.7750859],[129.7906619,42.7755801],[129.7914077,42.7759974],[129.7924006,42.7764915],[129.7930706,42.7768086],[129.7939103,42.77716],[129.7950876,42.7784013],[129.7960693,42.7794093],[129.796799,42.7800717],[129.7974426,42.7805432],[129.7981456,42.7810083],[129.7987837,42.7817086],[129.7994703,42.7825748],[129.8005753,42.7842495],[129.8010831,42.7850866],[129.8013136,42.7858887],[129.8016195,42.7862598],[129.8023545,42.7868031],[129.8037492,42.787433],[129.8047811,42.7879684],[129.806385,42.7888699],[129.8074096,42.7894053],[129.8080695,42.7898187],[129.8086807,42.7905371],[129.8087615,42.7920705],[129.8087074,42.793439],[129.8088695,42.7942257],[129.808712,42.7950041],[129.8086378,42.7955757],[129.8078107,42.7967361],[129.8074862,42.7971454],[129.8073228,42.7975699],[129.8072663,42.7979681],[129.8071321,42.7983578],[129.8068196,42.7988567],[129.8058057,42.8004941],[129.8058861,42.8007774],[129.8073667,42.8012458],[129.8084114,42.8033956],[129.8088109,42.8047146],[129.808509,42.8061557],[129.8061302,42.8095895],[129.8043465,42.8114482],[129.8024557,42.8133629],[129.8020238,42.8138002],[129.8016536,42.8142331],[129.8015302,42.8145046],[129.8014338,42.8148205],[129.8015146,42.8150759],[129.8024154,42.8170309],[129.8041749,42.8186954],[129.8065746,42.8220134],[129.8077272,42.8229295],[129.808986,42.8253355],[129.8094749,42.8268518],[129.8095822,42.828213],[129.809711,42.8292674],[129.8099685,42.8305342],[129.8105049,42.8323989],[129.8113847,42.8344603],[129.8130691,42.8366632],[129.8136109,42.8376112],[129.8138362,42.8382917],[129.8139489,42.8391021],[129.8139757,42.8396252],[129.8139381,42.8406519],[129.8138952,42.8417296],[129.8139059,42.8435311],[129.8132463,42.8457059],[129.8115839,42.847952],[129.812706,42.8498356],[129.8146645,42.8515394],[129.8177507,42.8531635],[129.8201179,42.8545983],[129.8231864,42.8562145],[129.8254824,42.8576971],[129.8290551,42.861995],[129.8314744,42.8628128],[129.8358464,42.8639964],[129.8366619,42.8646881],[129.8375148,42.866556],[129.8377508,42.8673306],[129.8378313,42.8678024],[129.8377669,42.8682034],[129.8376328,42.8686595],[129.8373377,42.8694498],[129.8368925,42.8703029],[129.836238,42.8711443],[129.8357981,42.8717025],[129.835428,42.8723827],[129.8353675,42.8744038],[129.8369193,42.8766367],[129.8389629,42.8797979],[129.8411465,42.882804],[129.841522,42.8836452],[129.8417473,42.8846829],[129.841876,42.8856813],[129.841994,42.8865145],[129.8417902,42.8877251],[129.8412967,42.8902406],[129.8416829,42.8917812],[129.843142,42.8954676],[129.8419297,42.8983364],[129.839712,42.9011938],[129.8384736,42.9041019],[129.8400307,42.9102346],[129.8413932,42.9124191],[129.84215,42.914784],[129.8430888,42.917189],[129.8438092,42.9202762],[129.8444848,42.9213364],[129.8464691,42.9219186],[129.8505661,42.921661],[129.8548576,42.9192726],[129.858161,42.916811],[129.8593472,42.9159851],[129.8610374,42.9155012],[129.8653823,42.9157481],[129.8659644,42.9159585],[129.8677808,42.9166148],[129.8681332,42.9177301],[129.8690988,42.9187598],[129.8691755,42.9189368],[129.8691809,42.9191725],[129.8691326,42.9193807],[129.8690414,42.9196832],[129.8689765,42.9201516],[129.8690029,42.9207968],[129.8689663,42.9211131],[129.8688751,42.9213802],[129.8686445,42.921777],[129.8682958,42.9222405],[129.8672172,42.9234209],[129.8648357,42.925552],[129.8633283,42.9265889],[129.8625183,42.9272253],[129.8620513,42.927675],[129.8617512,42.9280148],[129.8615313,42.928329],[129.8612791,42.9287689],[129.8611289,42.9291814],[129.8609465,42.930018],[129.8607856,42.9304186],[129.8594925,42.9325964],[129.8517063,42.9426206],[129.8502429,42.94568],[129.8497912,42.9466203],[129.8496678,42.9469325],[129.8495632,42.9471916],[129.8494774,42.9474508],[129.8493621,42.948244],[129.8493245,42.9485267],[129.8492843,42.9488722],[129.8492947,42.9493689],[129.8493218,42.9511319],[129.8493943,42.9516895],[129.8495707,42.9528912],[129.8497016,42.9537458],[129.8503385,42.9555864],[129.8504769,42.9568149],[129.8501747,42.9586153],[129.8514284,42.9615589],[129.8534283,42.963623],[129.8550564,42.9657187],[129.8553756,42.9660092],[129.855727,42.9662762],[129.8560332,42.9664757],[129.8613807,42.9697873],[129.8644596,42.9722245],[129.8684655,42.9732429],[129.8720545,42.973126],[129.8783159,42.9725534],[129.8831167,42.9725291],[129.8920977,42.9712873],[129.9006912,42.9680288],[129.9037349,42.9670146],[129.9078712,42.9669557],[129.9091806,42.9676668],[129.9119567,42.969845],[129.9147518,42.9726083],[129.9159979,42.9739129],[129.9164927,42.9754171],[129.91647,42.9766917],[129.9162187,42.9778541],[129.9159694,42.9782633],[129.915558,42.9786697],[129.9150252,42.9790325],[129.9145472,42.9792188],[129.914124,42.9793229],[129.9135446,42.9792994],[129.9126608,42.9791881],[129.9114203,42.9790325],[129.9105191,42.9789619],[129.9096713,42.9789716],[129.9087596,42.9791424],[129.9073434,42.9795898],[129.9057555,42.9799195],[129.9047577,42.9800529],[129.9025688,42.9800626],[129.9020004,42.9800686],[129.9012172,42.9799587],[129.8990929,42.9795741],[129.894683,42.9788774],[129.8864433,42.9785791],[129.8821043,42.9793248],[129.8785217,42.9813312],[129.8772992,42.9841663],[129.8773452,42.9871186],[129.877554,42.9890675],[129.8783752,42.9918901],[129.8805111,42.9950799],[129.888167,42.9994661],[129.894683,43.0026875],[129.9004137,43.0050334],[129.9043401,43.0059437],[129.9062473,43.0063858],[129.9116563,43.0076397],[129.9120208,43.0077242],[129.9205413,43.0084341],[129.926643,43.0081149],[129.9329635,43.0085876],[129.9429799,43.0088888],[129.9501297,43.0089642],[129.9531042,43.0086054],[129.9556228,43.0075833],[129.9571721,43.005708],[129.956436,43.0037711],[129.9531112,42.9994989],[129.951586,42.9964679],[129.9508163,42.9932713],[129.9503013,42.9884999],[129.950988,42.984356],[129.9540675,42.9787402],[129.9583694,42.9764441],[129.9631759,42.974937],[129.9695123,42.9742951],[129.9762698,42.9729471],[129.9799152,42.9710641],[129.9839255,42.9700149],[129.9977389,42.9713212],[130.004718,42.9706665],[130.006437,42.9707334],[130.0112715,42.9709215],[130.0135184,42.9704886],[130.0174209,42.9691593],[130.0202362,42.9684495],[130.0247634,42.9673081],[130.0297805,42.9665214],[130.0322279,42.966718],[130.0345356,42.9677817],[130.0382929,42.969837],[130.0399086,42.9714202],[130.0414769,42.9717231],[130.0424835,42.9715458],[130.0448721,42.9707409],[130.046247,42.9698426],[130.0519249,42.9684056],[130.0569134,42.9666945],[130.057877,42.9666028],[130.0630828,42.9675263],[130.0652879,42.9691398],[130.0663444,42.9699129],[130.0714943,42.972425],[130.0764724,42.9751881],[130.080249,42.9779512],[130.0867721,42.9822211],[130.09032,42.9833747],[130.091407,42.9837281],[130.0984451,42.9866163],[130.1043658,42.9879635],[130.1087242,42.9880656],[130.1139864,42.9879815],[130.1188649,42.9873755],[130.1217888,42.9866085],[130.1243102,42.9857873],[130.1254629,42.9847008],[130.1255943,42.9842441],[130.1259079,42.9831538],[130.1268375,42.9807893],[130.1277184,42.9790181],[130.1282985,42.9781505],[130.1291086,42.9775715],[130.1297012,42.9774207],[130.1309428,42.9777507],[130.132493,42.9783047],[130.1342716,42.9794586],[130.1361959,42.9800701],[130.1390647,42.9803606],[130.1401588,42.9800862],[130.1418611,42.9797016],[130.1433642,42.9790438],[130.1451403,42.9773327],[130.1459575,42.9754668],[130.1460522,42.971568],[130.1454753,42.9706393],[130.144475,42.9699445],[130.1416233,42.9688074],[130.1408755,42.9683377],[130.1391393,42.966451],[130.136897,42.9654608],[130.1339572,42.9640058],[130.1319974,42.9633381],[130.1252374,42.9611552],[130.1227222,42.9599579],[130.1168752,42.9559513],[130.1150327,42.9541031],[130.1148046,42.9529793],[130.1146405,42.9504109],[130.1158421,42.9468927],[130.1173871,42.943877],[130.1192979,42.9417292],[130.1215417,42.9401557],[130.1238082,42.9394579],[130.1264236,42.9395109],[130.1294086,42.9400846],[130.1320129,42.9403176],[130.1336021,42.9394657],[130.1335609,42.9372058],[130.1330719,42.9349527],[130.1324933,42.9336977],[130.1289888,42.930541],[130.1236686,42.9294984],[130.1199233,42.9299408],[130.1157146,42.9301459],[130.1113715,42.9294272],[130.106386,42.9284211],[130.1029771,42.9271757],[130.1015369,42.926017],[130.100993,42.9229691],[130.1006525,42.9210414],[130.1014225,42.9194941],[130.1041691,42.9149684],[130.1071347,42.9123445],[130.1108305,42.9122064],[130.1216994,42.9109853],[130.1245968,42.909688],[130.1321499,42.9044072],[130.1378148,42.9018923],[130.1419736,42.9024854],[130.1448689,42.9040267],[130.1471628,42.9058367],[130.150069,42.9066771],[130.1522934,42.9079003],[130.1534835,42.9084965],[130.1539038,42.9086451],[130.1544029,42.9090008],[130.1552012,42.9095214],[130.1558848,42.9099672],[130.1589291,42.912454],[130.1613308,42.9135182],[130.1630917,42.9136064],[130.1723573,42.913857],[130.1788244,42.9124661],[130.1867222,42.9112046],[130.1889537,42.9101953],[130.2008935,42.9065583],[130.2033894,42.905916],[130.2094749,42.9039507],[130.2184292,42.9029307],[130.2241836,42.9029698],[130.2322737,42.9033676],[130.2403594,42.9040657],[130.2438121,42.9047503],[130.2463387,42.9061292],[130.2492514,42.9069334],[130.2521412,42.9071734],[130.2562159,42.9066742],[130.2591945,42.9052111],[130.2612054,42.9039003],[130.2619645,42.903417],[130.263618,42.9010215],[130.2650158,42.8961077],[130.2679341,42.8889391],[130.2696973,42.8848892],[130.2680695,42.8781492],[130.2667888,42.8734915],[130.2648261,42.8701541],[130.2640496,42.8688555],[130.2590854,42.8643085],[130.2499931,42.8585948],[130.2488712,42.8576907],[130.2475492,42.8563123],[130.2475367,42.8557945],[130.2476845,42.8551357],[130.2482831,42.8531873],[130.2490764,42.8522975],[130.2504202,42.8510439],[130.2532111,42.8491579],[130.2536586,42.8483845],[130.2545812,42.8449186],[130.25525,42.8413712],[130.2543728,42.8381064],[130.2521309,42.8354732],[130.2492316,42.8327157],[130.2471527,42.830721],[130.2453932,42.8274793],[130.2430632,42.8259144],[130.2415898,42.8253478],[130.2402822,42.8251526],[130.2396308,42.8250553],[130.2385793,42.8239398],[130.2368187,42.820796],[130.2365639,42.8174766],[130.2363638,42.8160652],[130.2361975,42.8153568],[130.2358925,42.8144122],[130.2352946,42.8130526],[130.2345836,42.8121278],[130.2345943,42.8107032],[130.2348626,42.8091133],[130.2353024,42.8076572],[130.2358496,42.8066418],[130.2363753,42.8061065],[130.2366221,42.8056972],[130.2367347,42.8053548],[130.2368796,42.804855],[130.2369225,42.8041072],[130.2367723,42.8029501],[130.2354982,42.8007348],[130.2347977,42.7987183],[130.2336197,42.7972549],[130.2327927,42.7961544],[130.2314282,42.7944437],[130.2310676,42.793794],[130.2307749,42.7935191],[130.2287954,42.7912044],[130.2277386,42.7897163],[130.2274581,42.7889775],[130.2271156,42.7879529],[130.2269934,42.7868916],[130.2273195,42.7853442],[130.2275001,42.7850202],[130.2305119,42.7810585],[130.2374686,42.773769],[130.2421449,42.770891],[130.2429778,42.7702358],[130.2434094,42.7684734],[130.2442236,42.7628282],[130.2432284,42.7581788],[130.2404466,42.7558041],[130.2369016,42.7443765],[130.2351315,42.7401557],[130.23425,42.7386083],[130.2359864,42.7346023],[130.2391677,42.7325349],[130.2398461,42.7316426],[130.2405356,42.7302211],[130.2403669,42.7266245],[130.2420346,42.7239154],[130.2443896,42.7215961],[130.247503,42.7198078],[130.2499456,42.7173153],[130.251574,42.7132773],[130.2528382,42.7077639],[130.2550832,42.7052059],[130.2594686,42.7031847],[130.2704414,42.7027465],[130.2747188,42.7023008],[130.2755055,42.7022972],[130.2831916,42.6996689],[130.2889466,42.6982548],[130.2917146,42.6961258],[130.2934849,42.694241],[130.2961134,42.6878772],[130.3008227,42.6763549],[130.3027118,42.6737173],[130.3036451,42.6709982],[130.3041211,42.6677431],[130.3085145,42.6632135],[130.3103937,42.6607773],[130.3121631,42.6564081],[130.3156195,42.652388],[130.3191645,42.6501083],[130.3288244,42.6459358],[130.3348005,42.6429217],[130.3406556,42.6404242],[130.3480466,42.6378556],[130.3504157,42.6369318],[130.3552559,42.6353775],[130.3574195,42.6346088],[130.3599843,42.6319738],[130.3628802,42.6292127],[130.3647509,42.6265005],[130.3643556,42.6247323],[130.3644373,42.6233212],[130.3658545,42.6215894],[130.3689814,42.6189842],[130.3723142,42.617903],[130.3747525,42.6151326],[130.3776451,42.613215],[130.3784225,42.6116078],[130.3779763,42.6099567],[130.3767921,42.6081681],[130.3759035,42.605513],[130.3768969,42.6027955],[130.37785,42.600504],[130.3790119,42.598652],[130.3799872,42.5981855],[130.3820907,42.5976613],[130.3835162,42.5976572],[130.3858167,42.5977052],[130.3900913,42.5979941],[130.3928436,42.5985589],[130.3945102,42.5993483],[130.39755,42.6011802],[130.4050792,42.6092716],[130.4081311,42.612258],[130.4111882,42.613872],[130.4141064,42.614593],[130.4198053,42.6148809],[130.4214179,42.6144426],[130.4227325,42.613586],[130.4273183,42.6108611],[130.4295767,42.6095971],[130.4300878,42.6058656],[130.432118,42.6033518],[130.4349411,42.6004372],[130.4352143,42.5993085],[130.4350728,42.5974461],[130.4338428,42.594115],[130.4312701,42.5893274],[130.4290684,42.586347],[130.4240017,42.5822292],[130.4222726,42.5814395],[130.4192435,42.5802867],[130.4158358,42.5777071],[130.4134619,42.5731427],[130.4130624,42.5711912],[130.414924,42.5683891],[130.4159199,42.5665211],[130.4171499,42.5654952],[130.4205822,42.5614779],[130.4243888,42.5587584],[130.4303326,42.5542537],[130.4335942,42.5526888],[130.4393234,42.548405],[130.440905,42.5478832],[130.4472924,42.546978],[130.4506694,42.5468374],[130.4529534,42.545735],[130.4548779,42.5453493],[130.4644598,42.5467132],[130.4672315,42.548305],[130.4704522,42.5506343],[130.4721393,42.5523987],[130.473713,42.5554242],[130.4728493,42.5576932],[130.473039,42.5587412],[130.4759525,42.56006],[130.4784551,42.5622765],[130.4801942,42.5658771],[130.479778,42.5679344],[130.4792051,42.5709232],[130.4767507,42.5742111],[130.4757888,42.5759853],[130.4743317,42.5777595],[130.4731372,42.579186],[130.4713007,42.5803944],[130.4685317,42.5805867],[130.4666814,42.5837693],[130.4660031,42.5872549],[130.4663029,42.5893384],[130.4627716,42.591056],[130.4623074,42.5923033],[130.4612965,42.5948462],[130.4580584,42.5972859],[130.4603538,42.6019059],[130.4630081,42.6042653],[130.4651336,42.6054127],[130.4722116,42.6120201],[130.4769513,42.6149859],[130.480886,42.616337],[130.4869263,42.6189369],[130.4884113,42.6199844],[130.4908729,42.621036],[130.4926434,42.6211755],[130.4944998,42.6209676],[130.5019666,42.6190261],[130.513289,42.615973],[130.5169765,42.6138797],[130.5179666,42.6128203],[130.5201017,42.6105356],[130.5214941,42.6082691],[130.5218375,42.6072268],[130.5221488,42.6062041],[130.5223109,42.6027287],[130.5224046,42.6007187],[130.5212212,42.5984114],[130.5183363,42.5945868],[130.5154105,42.5920262],[130.5116148,42.5912115],[130.510042,42.5882735],[130.5090129,42.5850943],[130.5088766,42.5830965],[130.5092415,42.5821117],[130.5114592,42.5799168],[130.5132179,42.5775003],[130.5134267,42.5772134],[130.5140575,42.5766937],[130.5172231,42.5740852],[130.5197533,42.5718454],[130.5228047,42.5691441],[130.5247257,42.5656323],[130.525197,42.5617109],[130.52483,42.5569146],[130.5248994,42.5515168],[130.5245005,42.5471308],[130.5264136,42.5423976],[130.5295692,42.5386505],[130.5356463,42.534314],[130.5410463,42.5310918],[130.5500394,42.5231415],[130.5506791,42.5196526],[130.5507751,42.5137824],[130.5476552,42.5078347],[130.5471521,42.5048862],[130.5480427,42.5014567],[130.5486899,42.4992635],[130.5488899,42.4966639],[130.5518942,42.4920432],[130.5561805,42.4882675],[130.5608822,42.4868288],[130.5785058,42.4845408],[130.5815443,42.4826774],[130.5836553,42.477936],[130.5837513,42.4739964],[130.5815123,42.4728168],[130.5795706,42.4728805],[130.5778926,42.4724578],[130.5725246,42.4709058],[130.5696583,42.4695928],[130.5675056,42.4686084],[130.5663415,42.4676966],[130.5635233,42.4660922],[130.5625942,42.4652123],[130.562382,42.4630474],[130.561637,42.4614928],[130.561194,42.4602452],[130.5605673,42.4574657],[130.5605954,42.455369],[130.5608389,42.4541907],[130.5612169,42.4502823],[130.5621518,42.4472892],[130.5657439,42.4416914],[130.567599,42.4372302],[130.5726526,42.4319896],[130.5755339,42.4308375],[130.5786977,42.4301718],[130.5807152,42.4302526],[130.605213,42.4312342],[130.616094,42.4298569],[130.6301162,42.4228787],[130.6370088,42.4183323],[130.6412713,42.415217],[130.6442669,42.412974],[130.645245,42.4122101],[130.6465823,42.4110341],[130.6504655,42.4066801],[130.6529546,42.4025131],[130.653255,42.3996451],[130.652976,42.3980288],[130.6537485,42.3955568],[130.6554436,42.3921972],[130.6563234,42.3908026],[130.6603575,42.3879182],[130.6622318,42.3852363],[130.6695596,42.3781863],[130.6722736,42.3730069],[130.6706904,42.3684286],[130.6700985,42.3671121],[130.6677852,42.3657023],[130.6564805,42.3603097],[130.6547891,42.3588584],[130.6488937,42.3528156],[130.6465382,42.3496818],[130.6464002,42.3463678],[130.6463887,42.3454086],[130.6463135,42.3391578],[130.6503807,42.3301851],[130.6545421,42.324801],[130.6589003,42.3212499],[130.6678407,42.3139647],[130.6681728,42.3137686],[130.6777354,42.3081227],[130.6879879,42.2981115],[130.6899785,42.2961676],[130.6949097,42.2940634],[130.6966803,42.2933078]]]}},{"type":"Feature","properties":{"name":"대동강","source":"OpenStreetMap contributors via Nominatim","osmRelation":3858130},"geometry":{"type":"MultiLineString","coordinates":[[[126.9741923,40.3052177],[126.9740152,40.3051072],[126.9739079,40.3050172],[126.9738033,40.3048536],[126.9737175,40.3045917],[126.9736478,40.3044342],[126.9735163,40.3042849],[126.9733339,40.3041745],[126.9730443,40.3040272],[126.9728029,40.3038676],[126.972701,40.3037367],[126.9726688,40.3036181],[126.9726929,40.3034319],[126.9726929,40.3033256],[126.9726419,40.3031885],[126.9726419,40.3030453],[126.9726902,40.3029062],[126.97278,40.3027229],[126.9728619,40.3026199],[126.9729853,40.3024808],[126.9730858,40.3023631],[126.9730993,40.302311],[126.9730819,40.3022476],[126.9730121,40.3021739],[126.9728498,40.3020665],[126.9727908,40.3019724],[126.9727881,40.3018589],[126.9728136,40.3017546],[126.9728672,40.3016809],[126.9731354,40.3014825],[126.9734439,40.3012739],[126.9735324,40.3011695],[126.9735727,40.3011],[126.9735619,40.3010079],[126.9733983,40.300787],[126.9733769,40.3007134],[126.9733715,40.3005968],[126.9734251,40.3003533],[126.9734949,40.3001897],[126.9736183,40.3000015],[126.9737148,40.2998031],[126.9737443,40.2997008],[126.973747,40.2995842],[126.9736075,40.2993551],[126.9733381,40.2990579],[126.9730711,40.2988478],[126.9728029,40.2986596],[126.9727171,40.2984795],[126.9727385,40.2982177],[126.972878,40.2977922],[126.9729209,40.2975999],[126.9729263,40.297383],[126.9728963,40.2970458],[126.9727331,40.2967039],[126.9724647,40.2963394],[126.9718319,40.2957137],[126.9716603,40.2955132],[126.971553,40.2953046],[126.9713652,40.2948627],[126.9710863,40.2942203],[126.9709897,40.2940157],[126.9708395,40.2938193],[126.9705713,40.2935206],[126.9702655,40.2931237],[126.9700509,40.2928128],[126.9698417,40.2923995],[126.9697264,40.2922072],[126.969603,40.292021],[126.9694501,40.2918676],[126.9693348,40.2916916],[126.9692463,40.2914993],[126.9691873,40.2912456],[126.969139,40.2907914],[126.9690907,40.2905623],[126.9690156,40.2903945],[126.9686884,40.289969],[126.9686294,40.2898769],[126.9686133,40.2897746],[126.9686079,40.2896089],[126.9686723,40.2887577],[126.9686723,40.288459],[126.9686615,40.2881685],[126.9685972,40.2879107],[126.9685167,40.2876693],[126.9683638,40.2872417],[126.9682592,40.2870043],[126.9682002,40.2869348],[126.9681358,40.2868652],[126.9679669,40.2867342],[126.9678086,40.2866074],[126.9670415,40.2859301],[126.9668645,40.2857419],[126.9664568,40.2852631],[126.966328,40.2850954],[126.9662583,40.2849521],[126.966092,40.2844242],[126.966033,40.2840928],[126.9660008,40.283839],[126.9658935,40.2836385],[126.9657701,40.2835485],[126.9655073,40.2834503],[126.9649976,40.2833275],[126.9637692,40.2829756],[126.9632328,40.2827587],[126.9627017,40.2824272],[126.9624442,40.2822471],[126.9621867,40.2820016],[126.962074,40.2818502],[126.9620204,40.2816947],[126.9619775,40.2814819],[126.9619936,40.2813141],[126.962015,40.2810235],[126.9620311,40.2807698],[126.9619936,40.2805161],[126.9619614,40.2803114],[126.9619453,40.2801232],[126.9619828,40.2799513],[126.9622935,40.2791763],[126.9623691,40.2789097],[126.9625837,40.2778846],[126.9626051,40.2775694],[126.9624442,40.2771561],[126.9620633,40.276845],[126.9618165,40.2767345],[126.9614518,40.2766117],[126.9610307,40.2766097],[126.960454,40.2766588],[126.9600812,40.276712],[126.95988,40.2766956],[126.9597217,40.276669],[126.9595984,40.2765954],[126.9594669,40.2764685],[126.9593811,40.2762966],[126.9592255,40.2760183],[126.9585994,40.2754113],[126.9581218,40.2750483],[126.9578992,40.2748672],[126.9572273,40.2744405],[126.9570677,40.274327],[126.9569403,40.2742236],[126.9568169,40.2740804],[126.9567177,40.2740272],[126.9566184,40.2739965],[126.9563931,40.2739576],[126.9562241,40.2738962],[126.9560686,40.2737754],[126.9559908,40.273624],[126.9559371,40.2733989],[126.9559452,40.2731288],[126.9559345,40.2728893],[126.9558969,40.2727011],[126.9558674,40.2725742],[126.9558191,40.2724493],[126.9557387,40.2723347],[126.9555455,40.2721444],[126.9553766,40.2719418],[126.9552693,40.2717945],[126.9552478,40.2717515],[126.955229,40.2716778],[126.9552237,40.2715509],[126.9552049,40.2714036],[126.9551861,40.2713095],[126.9551513,40.2711744],[126.9551003,40.2710168],[126.9550145,40.2706955],[126.954993,40.2705277],[126.9550118,40.2703455],[126.9550359,40.2701307],[126.955162,40.2696968],[126.9553296,40.2691923],[126.9554637,40.268917],[126.9556689,40.2685906],[126.9557253,40.2684821],[126.9557923,40.2683481],[126.9558527,40.2682064],[126.955862,40.2681271],[126.9558661,40.2680779],[126.9558681,40.2680304],[126.955858,40.2679787],[126.9558359,40.2678963],[126.9558198,40.2678119],[126.9557923,40.2676256],[126.9558084,40.267378],[126.9558915,40.2672122],[126.9560552,40.266981],[126.9561571,40.2668234],[126.9562295,40.2667129],[126.9563475,40.2665491],[126.9564682,40.2663977],[126.9565353,40.2662892],[126.9565648,40.2661889],[126.9566104,40.2660252],[126.956656,40.2658819],[126.9567472,40.2656854],[126.9568464,40.2654644],[126.9569617,40.2652229],[126.9571012,40.2649793],[126.9573238,40.264658],[126.9575331,40.2644103],[126.9578442,40.2641279],[126.9578871,40.2640399],[126.957863,40.2639601],[126.9578093,40.2638495],[126.9576699,40.2636244],[126.9574794,40.2633849],[126.9573587,40.2632396],[126.957289,40.2631209],[126.9572327,40.2629572],[126.9572005,40.2627095],[126.9571173,40.2623349],[126.9570583,40.2621732],[126.9569671,40.2620156],[126.956605,40.2616083],[126.9563019,40.2612542],[126.9560069,40.260849],[126.9555831,40.2603475],[126.9551378,40.2598133],[126.9546443,40.2593527],[126.9541213,40.2589863],[126.9536063,40.2586732],[126.9532147,40.2584275],[126.9529653,40.2582269],[126.9528607,40.2581348],[126.9527802,40.2580407],[126.9527668,40.2579731],[126.9528043,40.2578994],[126.952917,40.2577684],[126.9530296,40.2576272],[126.9531772,40.2573897],[126.9533676,40.2569538],[126.9534722,40.2566221],[126.9535097,40.2563908],[126.9535446,40.2562271],[126.9535688,40.2560674],[126.9535714,40.2559794],[126.9535446,40.255873],[126.9534668,40.2557542],[126.9533314,40.2555291],[126.953204,40.2553049],[126.9531396,40.2551422],[126.9531114,40.2549999],[126.9531088,40.2548126],[126.9531517,40.2546622],[126.9532657,40.2545076],[126.9533595,40.2544319],[126.9534641,40.2543234],[126.9535822,40.2541699],[126.9537404,40.2540143],[126.9540837,40.2537605],[126.9544512,40.2535005],[126.9545813,40.2533684],[126.9547516,40.2531648],[126.9548991,40.2529703],[126.9550252,40.2528168],[126.955162,40.2526612],[126.9552344,40.252567],[126.9552666,40.2524995],[126.9552639,40.2523766],[126.9551808,40.2521371],[126.9549876,40.2517113],[126.9546363,40.2508659],[126.9544136,40.2504401],[126.9541937,40.2501269],[126.9538933,40.249828],[126.9535124,40.2495086],[126.9529062,40.2490234],[126.9526863,40.2488064],[126.9526058,40.2486406],[126.9525951,40.2484318],[126.9526756,40.2481288],[126.9527882,40.2478729],[126.9529438,40.2476129],[126.9531557,40.2473202],[126.953263,40.2471666],[126.9533595,40.247009],[126.9534427,40.2468145],[126.9535151,40.2466548],[126.9536117,40.2465197],[126.9537753,40.2463395],[126.9538799,40.2461635],[126.9539335,40.2459731],[126.9539496,40.2458441],[126.9539201,40.2455902],[126.9538826,40.24532],[126.9537994,40.2450743],[126.9537082,40.2448696],[126.9530591,40.2438848],[126.9529492,40.2436658],[126.9529089,40.2434774],[126.9529331,40.243242],[126.9530243,40.2428714],[126.9531235,40.2425152],[126.9532469,40.2421384],[126.953322,40.2418354],[126.9533676,40.2415426],[126.9533864,40.241213],[126.9533703,40.2409489],[126.9533434,40.2407319],[126.9532737,40.2405292],[126.9532362,40.2403469],[126.953204,40.2395443],[126.9531986,40.2393171],[126.9532442,40.2391492],[126.95333,40.2389465],[126.9536921,40.2385227],[126.954006,40.2381132],[126.9543117,40.237761],[126.9546416,40.2374293],[126.9549823,40.2370955],[126.9550413,40.2370239],[126.9550574,40.2369522],[126.9550225,40.2368867],[126.9548267,40.2367045],[126.9546738,40.2365611],[126.9545343,40.2363441],[126.9543064,40.2359182],[126.9541293,40.2355128],[126.9540341,40.2351462],[126.954018,40.2350091],[126.9540247,40.2348749],[126.9540516,40.2347429],[126.9541226,40.2344941],[126.9541615,40.2342863],[126.9542219,40.2341532],[126.9543882,40.2340262],[126.9545759,40.2339146],[126.9548361,40.2337702],[126.9549715,40.2336699],[126.9551204,40.2335184],[126.9552639,40.2333095],[126.9554087,40.2330781],[126.9555536,40.2328263],[126.9556019,40.2326522],[126.9555268,40.2324475],[126.9553873,40.2322816],[126.9551915,40.2321116],[126.9546121,40.231741],[126.9542554,40.2315588],[126.9536036,40.2313089],[126.9530255,40.2311244],[126.952866,40.2310735],[126.9522303,40.23084],[126.9519299,40.230709],[126.9516644,40.2305533],[126.951364,40.2304182],[126.9507712,40.2302216],[126.9499236,40.2299144],[126.9492611,40.2295766],[126.9490519,40.2294168],[126.9489527,40.2292632],[126.9488454,40.2289991],[126.9487355,40.2286542],[126.9487381,40.2284236],[126.9488481,40.2279936],[126.9489393,40.2276496],[126.9490144,40.2273629],[126.9490278,40.2271663],[126.9490197,40.2269615],[126.9489634,40.2267014],[126.9489554,40.2266113],[126.9489554,40.2265233],[126.9490036,40.2263062],[126.9490787,40.225956],[126.9490921,40.2257615],[126.9490948,40.2254481],[126.9490975,40.2252822],[126.949127,40.2250631],[126.9492906,40.2243382],[126.9494033,40.2239757],[126.9495803,40.2235907],[126.9498753,40.2230418],[126.9503367,40.2225421],[126.9510555,40.2217127],[126.9513908,40.2213317],[126.951769,40.2208627],[126.9521981,40.2203139],[126.9525468,40.2197978],[126.9526917,40.2195274],[126.9528151,40.2192161],[126.9529411,40.218741],[126.9529948,40.2185382],[126.9530028,40.2184174],[126.9530189,40.2182842],[126.9530323,40.2181101],[126.9530189,40.2178992],[126.9530216,40.217805],[126.9530082,40.2176657],[126.9529921,40.2174937],[126.9529706,40.2173011],[126.9529465,40.2171659],[126.952917,40.2168956],[126.9528365,40.2162791],[126.9528258,40.215976],[126.9528902,40.2157548],[126.9531047,40.215468],[126.953727,40.2148085],[126.9540596,40.2144193],[126.9543278,40.2140834],[126.9544673,40.2138827],[126.9545853,40.213641],[126.9548052,40.2129897],[126.9548804,40.2125308],[126.9549072,40.2120966],[126.9548616,40.211859],[126.9547489,40.211648],[126.9547248,40.2115087],[126.9547543,40.2113736],[126.9548348,40.2112322],[126.9550815,40.210843],[126.9552076,40.2106116],[126.9552478,40.2104457],[126.9552693,40.210249],[126.9552612,40.210077],[126.9552129,40.2098803],[126.9551486,40.209655],[126.9549876,40.2093805],[126.9547194,40.2090937],[126.9541776,40.2086636],[126.9537163,40.2084546],[126.9532978,40.2083358],[126.9521177,40.2081433],[126.9517368,40.2080327],[126.9514847,40.2079139],[126.9512111,40.2077705],[126.9509053,40.2074919],[126.950562,40.2071764],[126.9502294,40.2068323],[126.9499175,40.2065568],[126.9495428,40.2062259],[126.9488776,40.205595],[126.9485718,40.2051935],[126.9483733,40.2048494],[126.9481802,40.20437],[126.9481105,40.2040013],[126.9480997,40.2036079],[126.9481426,40.2032515],[126.9482768,40.20285],[126.9485503,40.2021657],[126.9486415,40.2017437],[126.9485825,40.2013545],[126.9483572,40.2009612],[126.9479817,40.200535],[126.9474292,40.200027],[126.9470859,40.1996828],[126.9468766,40.1993673],[126.9463026,40.1982241],[126.9461846,40.1979578],[126.9462061,40.1977365],[126.9463509,40.1975317],[126.9465172,40.1973924],[126.9471449,40.1971383],[126.9476598,40.1968884],[126.9478315,40.1967572],[126.9479549,40.1965524],[126.9481265,40.1960852],[126.9483411,40.195528],[126.9484591,40.1951674],[126.9484699,40.1948928],[126.9483143,40.1946511],[126.9480997,40.1944749],[126.9479549,40.1944257],[126.947692,40.1944052],[126.9475418,40.1943356],[126.947456,40.1942331],[126.9473112,40.1937783],[126.9472629,40.1930161],[126.9472951,40.1927334],[126.9474131,40.1924711],[126.9476598,40.1922293],[126.948207,40.1917663],[126.948899,40.1912581],[126.949237,40.1911065],[126.949752,40.1910287],[126.9501489,40.1910369],[126.9504279,40.1910533],[126.9508517,40.1909959],[126.951254,40.1908238],[126.9515115,40.190623],[126.9517127,40.1903423],[126.9518387,40.1901066],[126.9519755,40.1898116],[126.9521069,40.1894571],[126.952284,40.1888895],[126.9524798,40.1882544],[126.9526112,40.1875536],[126.952689,40.1872012],[126.9527104,40.1870167],[126.9526863,40.1869061],[126.95263,40.1868385],[126.9525254,40.1868057],[126.9524074,40.1867975],[126.9522572,40.1867913],[126.9521445,40.1867709],[126.9520399,40.1867319],[126.9519809,40.1866664],[126.9519621,40.1865926],[126.9519755,40.1864225],[126.9519782,40.1861766],[126.9519487,40.1858549],[126.9519004,40.1855537],[126.9517824,40.185109],[126.9515759,40.1847095],[126.9512486,40.1843304],[126.950908,40.1840333],[126.9504413,40.183732],[126.9497788,40.1833283],[126.9491887,40.1829677],[126.9489044,40.1827136],[126.9487166,40.1824923],[126.9484967,40.182062],[126.9481158,40.1811562],[126.9479012,40.1805127],[126.9476545,40.1797258],[126.947515,40.1790701],[126.9474506,40.1785905],[126.9473809,40.1782421],[126.9472548,40.1779647],[126.9469517,40.1775126],[126.9462383,40.1766682],[126.9455087,40.1760042],[126.9449025,40.1755329],[126.9440496,40.1750984],[126.9434273,40.1749017],[126.9427997,40.1748033],[126.9421399,40.1748197],[126.9413352,40.1749386],[126.9404232,40.1750902],[126.9395918,40.1752132],[126.9389856,40.1752829],[126.9385403,40.1753115],[126.9381595,40.1752747],[126.9377947,40.1751722],[126.9374192,40.1749754],[126.9371402,40.1747377],[126.9370168,40.1745041],[126.9369686,40.1742172],[126.9369632,40.1737458],[126.9369042,40.1733933],[126.9368211,40.1731978],[126.9366789,40.1729998],[126.9365662,40.1726965],[126.9365555,40.1724587],[126.9366145,40.1721964],[126.9368184,40.1718111],[126.9369847,40.1714708],[126.9370544,40.1712167],[126.9370437,40.170938],[126.9368613,40.1705691],[126.9366199,40.1702657],[126.9360834,40.1696918],[126.9356865,40.1692368],[126.935378,40.1687913],[126.935311,40.168622],[126.9352466,40.1684006],[126.9352198,40.1681751],[126.9352493,40.1678431],[126.9353351,40.1674926],[126.9353646,40.1672425],[126.9353405,40.1668511],[126.9352359,40.1662239],[126.9350535,40.1655598],[126.9348389,40.1649858],[126.9345868,40.1643504],[126.9342327,40.1636576],[126.934045,40.163096],[126.9339652,40.1626763],[126.9339524,40.1625702],[126.9339578,40.162439],[126.9339591,40.1622515],[126.9339484,40.1620649],[126.9338934,40.1617042],[126.9336533,40.160628],[126.9333422,40.1591234],[126.9333208,40.1588323],[126.9333208,40.1585658],[126.9333476,40.1582255],[126.9333637,40.1575286],[126.9333422,40.1568972],[126.9332296,40.1563888],[126.933133,40.1560608],[126.9329345,40.1555565],[126.9328058,40.1552408],[126.9324517,40.1545274],[126.9322103,40.1541358],[126.9320279,40.153937],[126.9317785,40.1537484],[126.931529,40.1535844],[126.9313467,40.1534737],[126.9309336,40.1532686],[126.9307029,40.1531292],[126.9305715,40.1530349],[126.9304132,40.1528832],[126.930145,40.1525696],[126.9299331,40.15234],[126.9297266,40.1521616],[126.9293699,40.1519258],[126.9290507,40.1517126],[126.9287825,40.1514953],[126.928423,40.1511693],[126.9280905,40.1508598],[126.9278732,40.150624],[126.9277337,40.1504313],[126.9276667,40.1502693],[126.9276747,40.150132],[126.9277257,40.1499967],[126.9278678,40.1497465],[126.9279885,40.149521],[126.9281173,40.149275],[126.9282487,40.1490556],[126.9283962,40.1488485],[126.9285947,40.1486005],[126.9287503,40.1484467],[126.9289353,40.148256],[126.9290078,40.1481802],[126.9291124,40.1480469],[126.9292331,40.1478234],[126.9293484,40.1475426],[126.9295254,40.1470935],[126.929791,40.1465113],[126.9301343,40.1456748],[126.9302416,40.1451745],[126.930306,40.1446701],[126.9303435,40.1439443],[126.9303918,40.1433456],[126.9304776,40.1426936],[126.9306171,40.1419964],[126.9307512,40.1413403],[126.9308317,40.1410532],[126.9309282,40.14068],[126.9309658,40.1404053],[126.9309819,40.1400772],[126.930966,40.1398094],[126.930939,40.1396507],[126.9308424,40.1393554],[126.9306976,40.1388346],[126.9306546,40.1386419],[126.9306493,40.1383999],[126.9306654,40.1379898],[126.9307083,40.1376822],[126.9307405,40.1372434],[126.9308102,40.1366918],[126.9307968,40.1363699],[126.9307753,40.1361381],[126.9307566,40.1358982],[126.9307217,40.1355824],[126.9306278,40.1350616],[126.9305527,40.1345797],[126.9305232,40.1341019],[126.9305366,40.1337984],[126.9305903,40.1335195],[126.9306466,40.1333759],[126.9307163,40.1332529],[126.9308612,40.1330417],[126.9310114,40.1328182],[126.9311079,40.1326479],[126.9312125,40.1324326],[126.9313252,40.1322276],[126.9315881,40.1318338],[126.9317463,40.1316328],[126.931867,40.1314503],[126.9320467,40.1312104],[126.9321915,40.131075],[126.9323471,40.1310074],[126.9325295,40.1309623],[126.9328487,40.1309397],[126.9332457,40.1309417],[126.933538,40.1309746],[126.9339913,40.1310422],[126.9347316,40.1311817],[126.9354719,40.1313478],[126.9359842,40.131477],[126.9363677,40.1315795],[126.9366226,40.1316308],[126.9368854,40.1316492],[126.9372261,40.131641],[126.9375157,40.1316144],[126.9379047,40.1315529],[126.9384518,40.1314688],[126.9389454,40.1313847],[126.9399083,40.1311735],[126.9408578,40.1308946],[126.941421,40.1306198],[126.9417375,40.1303286],[126.9418931,40.1300087],[126.9419628,40.1296723],[126.9419628,40.1292376],[126.9419306,40.1287864],[126.9418448,40.1283352],[126.9416624,40.127884],[126.9414747,40.1275395],[126.941185,40.1272031],[126.9409865,40.1269611],[126.9409168,40.1267971],[126.9408846,40.1264935],[126.9409168,40.1260259],[126.9409651,40.1256937],[126.9410455,40.125423],[126.9411689,40.1251481],[126.9412762,40.1249225],[126.9413245,40.124738],[126.9413298,40.1244426],[126.9413727,40.1241514],[126.9414532,40.1238725],[126.9416678,40.1234007],[126.9418019,40.1230562],[126.9418931,40.1226952],[126.9419843,40.1222686],[126.9420165,40.1218215],[126.9419736,40.1215056],[126.9419092,40.1213128],[126.9417751,40.1211118],[126.9416356,40.1209313],[126.941539,40.1207139],[126.9415069,40.1204514],[126.9415283,40.1201355],[126.9415551,40.1197499],[126.9415069,40.1193807],[126.9413298,40.1188638],[126.9410348,40.1182649],[126.9407344,40.1178055],[126.9404662,40.1174732],[126.9400853,40.1171983],[126.9395864,40.1169563],[126.938643,40.1165178],[126.9380951,40.1162671],[126.9373709,40.1159881],[126.9367915,40.1157092],[126.9363892,40.1154466],[126.9360942,40.1151594],[126.9359225,40.1148846],[126.9356918,40.1143553],[126.9354987,40.1137482],[126.93537,40.1132066],[126.9353592,40.1127471],[126.9354343,40.1122425],[126.9355899,40.1118035],[126.9358903,40.1112989],[126.9363248,40.1106712],[126.9368023,40.1100722],[126.9370651,40.1096824],[126.9372851,40.1093009],[126.9374567,40.1088824],[126.9375855,40.1085747],[126.937784,40.1082752],[126.9381058,40.1079305],[126.938374,40.1076885],[126.9385457,40.1076023],[126.9387495,40.1075654],[126.9389641,40.1075859],[126.9392431,40.1075982],[126.9394737,40.1075736],[126.9396937,40.1075038],[126.9398975,40.1073561],[126.9401604,40.1070894],[126.9404715,40.1067407],[126.9407022,40.1064125],[126.9408309,40.1061417],[126.9408685,40.105916],[126.9408524,40.1056534],[126.9407827,40.1053005],[126.9407344,40.1050133],[126.9407237,40.1047302],[126.9407988,40.1044799],[126.940949,40.1041804],[126.9411796,40.1038029],[126.9414157,40.1033762],[126.9417161,40.1028756],[126.9419897,40.1024119],[126.9421345,40.102055],[126.9421935,40.1017062],[126.9421935,40.1013082],[126.9421452,40.1009266],[126.9420165,40.100467],[126.9418287,40.1000443],[126.9416034,40.099675],[126.941303,40.0993304],[126.9408524,40.0989693],[126.9402838,40.0986697],[126.9397044,40.0984481],[126.9392377,40.0983496],[126.9388515,40.0983332],[126.9384706,40.0983619],[126.9380951,40.0983619],[126.9376606,40.0983209],[126.9369149,40.0981198],[126.9362605,40.0978695],[126.935724,40.0975782],[126.9353592,40.0972294],[126.9350588,40.0966467],[126.9348657,40.0959983],[126.9347262,40.0953992],[126.9346243,40.0949273],[126.934517,40.094562],[126.9343239,40.0940409],[126.9342327,40.0937085],[126.9341844,40.0933679],[126.9341898,40.0929164],[126.9342756,40.0925184],[126.9344526,40.0921901],[126.9347852,40.0918453],[126.9352573,40.0914801],[126.9359279,40.0910574],[126.9365019,40.0907414],[126.9368988,40.0904746],[126.9373119,40.0901176],[126.9376981,40.089699],[126.9382185,40.0890998],[126.9387013,40.088595],[126.9390392,40.0881518],[126.9392592,40.0877332],[126.9394255,40.0872243],[126.9395167,40.0866538],[126.9396239,40.0861777],[126.9397742,40.085796],[126.9400316,40.0854882],[126.9404072,40.0852009],[126.9408846,40.0847987],[126.9414264,40.084339],[126.9419843,40.0837849],[126.9425797,40.083239],[126.943261,40.0827014],[126.9438618,40.082332],[126.9444197,40.0820816],[126.944983,40.0818969],[126.9456375,40.0817779],[126.9462919,40.0816752],[126.9469786,40.0815726],[126.9477886,40.0814495],[126.9485772,40.0813387],[126.9491941,40.0812771],[126.9497466,40.0812361],[126.9499987,40.0811868],[126.9502938,40.0811006],[126.950916,40.0808379],[126.9515115,40.0804931],[126.9519085,40.0802592],[126.9521418,40.0801217],[126.9522022,40.0800488],[126.9522196,40.0799678],[126.9522116,40.0798836],[126.9521713,40.0797092],[126.9521633,40.0795881],[126.9521713,40.0795142],[126.9522035,40.0794475],[126.9522558,40.0793685],[126.952402,40.0790894],[126.9525951,40.0787446],[126.9529813,40.0780755],[126.9535231,40.0769385],[126.9537431,40.0763351],[126.954022,40.0753007],[126.9541186,40.0747835],[126.954124,40.0742704],[126.9540167,40.0735767],[126.9539523,40.0729322],[126.9538933,40.0723985],[126.953904,40.0719593],[126.9539308,40.0717622],[126.9540006,40.0715898],[126.9540435,40.0714297],[126.9540918,40.0708304],[126.9542527,40.0697343],[126.9544834,40.0691432],[126.9546068,40.068823],[126.954655,40.0685684],[126.9546336,40.0683919],[126.9545317,40.0681415],[126.9543171,40.0678213],[126.9537538,40.0672917],[126.953035,40.0667826],[126.9523966,40.0662612],[126.9520962,40.0660108],[126.9518012,40.0658302],[126.95171,40.0657871],[126.9515598,40.0657768],[126.9511521,40.0658302],[126.9500631,40.0660272],[126.9487488,40.0663023],[126.9478422,40.066524],[126.947397,40.0666636],[126.9470537,40.0668114],[126.9464636,40.0671152],[126.9458091,40.0674723],[126.9453156,40.0676489],[126.9450366,40.0676817],[126.9447631,40.0676037],[126.9443339,40.0673533],[126.9440013,40.0670289],[126.943717,40.0665979],[126.9431484,40.0655428],[126.9429928,40.0651979],[126.9429392,40.064927],[126.9429284,40.0645944],[126.9429821,40.064266],[126.9431859,40.0639211],[126.9433469,40.0636707],[126.9434112,40.0634859],[126.9434112,40.0632601],[126.9433898,40.0629235],[126.9434273,40.062476],[126.9435131,40.0621886],[126.943717,40.061815],[126.9440389,40.0613346],[126.9444358,40.0609158],[126.9449508,40.0604601],[126.9454551,40.0601686],[126.945895,40.0600249],[126.9462973,40.0599551],[126.9467211,40.0599756],[126.9472575,40.0602384],[126.9476545,40.0607146],[126.9478476,40.0612648],[126.9479871,40.0619628],[126.9482446,40.0627757],[126.9484591,40.0632601],[126.9489097,40.0638513],[126.9494033,40.0643194],[126.9501758,40.0647381],[126.9505995,40.0648285],[126.9508624,40.0648243],[126.9511896,40.0647463],[126.9520104,40.0645329],[126.9526219,40.0642373],[126.9533193,40.0637774],[126.9538128,40.0633587],[126.9541132,40.062866],[126.9543385,40.0622584],[126.9544458,40.0617575],[126.9544351,40.061544],[126.9543064,40.0613798],[126.9538557,40.0611006],[126.9533622,40.0608953],[126.9529438,40.0606818],[126.9526863,40.0604437],[126.9519675,40.0592283],[126.951592,40.0580623],[126.951549,40.0573561],[126.9516456,40.0566006],[126.9519246,40.0557137],[126.9522142,40.054876],[126.9524717,40.0540548],[126.9526756,40.0530201],[126.9526541,40.0520017],[126.9523644,40.0512051],[126.9520318,40.0506877],[126.9516563,40.0502114],[126.9510662,40.0498418],[126.9504869,40.0497515],[126.9496822,40.0497679],[126.9490707,40.0499075],[126.9486093,40.0500882],[126.9484162,40.0503099],[126.9480729,40.0509998],[126.9478261,40.0517061],[126.9477832,40.0522892],[126.9478369,40.0527326],[126.9479978,40.0531679],[126.9480836,40.0535867],[126.9479978,40.0540548],[126.9476759,40.0547446],[126.9470644,40.0555248],[126.9459379,40.0563378],[126.9451171,40.0567443],[126.9444466,40.0569414],[126.9439316,40.056966],[126.9435239,40.056888],[126.9430625,40.0565924],[126.9426817,40.0562269],[126.942333,40.055804],[126.9421023,40.0553441],[126.9420111,40.0549335],[126.9420057,40.053985],[126.9420809,40.0532993],[126.9422257,40.0527901],[126.9424134,40.0524041],[126.9427568,40.051821],[126.9435292,40.0507822],[126.9444787,40.0497556],[126.9451332,40.0491191],[126.9459432,40.0484374],[126.9468176,40.047768],[126.9471609,40.0474847],[126.9474775,40.0471685],[126.9476813,40.0468482],[126.9477725,40.0464088],[126.9477028,40.0460392],[126.9474989,40.0456942],[126.9470858,40.0453821],[126.9461632,40.0449058],[126.9457501,40.0447784],[126.945321,40.0447045],[126.9447577,40.0447579],[126.9439745,40.044955],[126.9413459,40.0460146],[126.9403803,40.0463267],[126.9398332,40.046417],[126.9390821,40.0463184],[126.9387066,40.0461542],[126.9385242,40.0458421],[126.9385457,40.0454643],[126.9388676,40.0448483],[126.9392538,40.0444294],[126.939801,40.0440023],[126.9405091,40.0435505],[126.9420218,40.0426306],[126.9432127,40.0418421],[126.9442642,40.0409139],[126.9450474,40.0401008],[126.9453263,40.0395504],[126.9453907,40.0391644],[126.9453263,40.0388194],[126.9450796,40.0384087],[126.944747,40.0379405],[126.9439959,40.0370862],[126.9432771,40.0365687],[126.9426924,40.0363017],[126.9419896,40.0360923],[126.940949,40.0359362],[126.9395542,40.0358047],[126.9384706,40.0355994],[126.9363034,40.0350901],[126.9357616,40.0349135],[126.9354826,40.0347492],[126.9352198,40.0345069],[126.9350481,40.0342481],[126.9349944,40.0339236],[126.9349569,40.0334841],[126.9350052,40.0331596],[126.9352359,40.0328146],[126.9354665,40.0324408],[126.9357133,40.031989],[126.9360083,40.0315618],[126.9363892,40.0311634],[126.9366735,40.0308061],[126.936813,40.0305268],[126.9369364,40.0301448],[126.9370973,40.0297011],[126.937328,40.0292205],[126.9376069,40.0287523],[126.9380253,40.0282594],[126.9383901,40.0278897],[126.9387174,40.02752],[126.9389319,40.0271338],[126.9390607,40.026719],[126.9391572,40.0262383],[126.9392216,40.0256509],[126.9393343,40.0251292],[126.9394362,40.0246856],[126.9395918,40.0243035],[126.9398278,40.0238352],[126.9399941,40.0234121],[126.9400585,40.0230753],[126.9400799,40.0225987],[126.9400746,40.0221222],[126.9401014,40.0216991],[126.9402248,40.0212554],[126.9403052,40.0208651],[126.9403428,40.020405],[126.9402087,40.0193821],[126.9399995,40.0184783],[126.9396615,40.0173937],[126.9394845,40.0168596],[126.9393289,40.0162146],[126.9392002,40.0154463],[126.9390929,40.0148588],[126.9389856,40.0144397],[126.93883,40.0141069],[126.9385135,40.0134413],[126.9382292,40.0128004],[126.9380629,40.0122786],[126.9379288,40.0117034],[126.9378644,40.0110501],[126.9378591,40.0103311],[126.9379449,40.00893],[126.9379341,40.0080918],[126.9379341,40.0075165],[126.9379985,40.0070399],[126.9381916,40.0064893],[126.9383955,40.0061523],[126.9387925,40.0057579],[126.9395971,40.0052401],[126.941185,40.0043526],[126.9422874,40.003804],[126.9431296,40.0034938],[126.9437599,40.0032924],[126.9446397,40.0030541],[126.9455516,40.0029308],[126.9463885,40.0028979],[126.947118,40.0028404],[126.9477832,40.0027582],[126.9483948,40.0025938],[126.9488883,40.0023719],[126.9492531,40.002035],[126.9494676,40.0015337],[126.9495642,40.0010734],[126.9494784,40.0006132],[126.9492316,40.0000132],[126.9487166,39.998953],[126.948545,39.9985009],[126.9484913,39.9981475],[126.9483948,39.9976626],[126.9483197,39.9973092],[126.9481802,39.9969229],[126.9476652,39.9958955],[126.9470322,39.9947448],[126.9467533,39.9941283],[126.9464528,39.9936845],[126.9459915,39.9933146],[126.9459915,39.9932981],[126.9446397,39.9925419],[126.9433308,39.9919337],[126.9415069,39.9912597],[126.940155,39.9907089],[126.9391465,39.9903883],[126.938256,39.990224],[126.9373361,39.9900833],[126.9363677,39.9899198],[126.9355416,39.9897143],[126.9347048,39.989402],[126.9334173,39.9888512],[126.9323122,39.9883991],[126.9319582,39.9881525],[126.9317007,39.9877744],[126.9316363,39.9872154],[126.9316471,39.9861303],[126.9317436,39.9859248],[126.9319796,39.9856782],[126.932559,39.9851767],[126.9329774,39.9846013],[126.9333422,39.9840998],[126.9335139,39.9837874],[126.9336641,39.9833106],[126.9339108,39.9825132],[126.9342434,39.9816993],[126.934973,39.9803511],[126.935327,39.9797098],[126.9354236,39.9794303],[126.9354719,39.9792207],[126.9354451,39.9788959],[126.9353753,39.9786924],[126.9352519,39.978526],[126.9347799,39.9781231],[126.934061,39.9777532],[126.9332993,39.9773668],[126.9324195,39.977153],[126.9312286,39.9769968],[126.9300592,39.9769515],[126.9292599,39.9769721],[126.9284016,39.9770132],[126.9275218,39.9771037],[126.9262505,39.977264],[126.9248611,39.9774037],[126.9243407,39.9774572],[126.9240993,39.977449],[126.923933,39.9773996],[126.9235361,39.9771694],[126.9232571,39.9769516],[126.9229728,39.9766761],[126.9227314,39.9762897],[126.9225383,39.9757923],[126.92249,39.9753113],[126.922549,39.9745837],[126.9227207,39.9738068],[126.9228601,39.9731983],[126.922946,39.9727543],[126.9229728,39.97252],[126.922946,39.9723186],[126.922844,39.972113],[126.9226992,39.9719486],[126.922152,39.9715539],[126.9211542,39.9709619],[126.9206822,39.9707481],[126.9204622,39.970707],[126.9201994,39.9706947],[126.9199794,39.9707687],[126.9198239,39.9709167],[126.9197702,39.9711017],[126.9197917,39.97141],[126.9198668,39.9717471],[126.9199955,39.9722117],[126.9200814,39.9725817],[126.9200224,39.9728366],[126.9198132,39.9730914],[126.9192338,39.9734285],[126.9186759,39.9735889],[126.9181073,39.9736259],[126.9171846,39.9736382],[126.9166589,39.9736094],[126.9163156,39.973519],[126.9159937,39.9733258],[126.9157469,39.9730421],[126.9155055,39.9726146],[126.9153285,39.9721377],[126.9152856,39.9718129],[126.9153392,39.9714552],[126.9155431,39.9710565],[126.916101,39.970263],[126.9164979,39.9697779],[126.9167232,39.9695559],[126.9171256,39.9692147],[126.9174153,39.9689885],[126.9176406,39.9687419],[126.9178283,39.9683266],[126.918354,39.9672782],[126.9187832,39.966382],[126.9189763,39.9660037],[126.9192874,39.9656337],[126.9197595,39.9653048],[126.9200385,39.9650745],[126.9200706,39.9648607],[126.9199955,39.9646757],[126.9198131,39.9644167],[126.919384,39.9639562],[126.918236,39.9632161],[126.917603,39.962953],[126.9170236,39.9627967],[126.9161868,39.9626487],[126.9154787,39.9625418],[126.9147706,39.9624431],[126.91443,39.9624267],[126.9140384,39.9624945],[126.9137809,39.9625788],[126.9133866,39.9627762],[126.9129306,39.9630352],[126.9125068,39.9633641],[126.9121742,39.9637876],[126.9120455,39.9641453],[126.9120079,39.9644783],[126.9120347,39.9648936],[126.9119918,39.9652554],[126.9118631,39.9654857],[126.911627,39.965683],[126.9112301,39.9659009],[126.9107902,39.9660695],[126.9105005,39.9662257],[126.9101572,39.9664971],[126.9098461,39.9667026],[126.9095403,39.966826],[126.9090414,39.966937],[126.9077271,39.9671672],[126.9070297,39.9672659],[126.9065416,39.9672988],[126.9059408,39.9672536],[126.9051576,39.967122],[126.90431,39.9669247],[126.9036019,39.9668013],[126.9030118,39.9667273],[126.9026953,39.9666328],[126.9023734,39.9664847],[126.9020462,39.9662339],[126.9014937,39.9657735],[126.9012277,39.9655329],[126.9010806,39.9654034],[126.9009036,39.9652431],[126.8999702,39.9644372],[126.8994176,39.9638904],[126.8990797,39.9634546],[126.8988705,39.9631092],[126.8985969,39.9625994],[126.8981624,39.9617112],[126.8974972,39.9602886],[126.8972129,39.9595279],[126.8970573,39.9589235],[126.8970251,39.9584013],[126.8971217,39.9577557],[126.8972719,39.9568469],[126.8973577,39.9562672],[126.897406,39.9556216],[126.8973845,39.954939],[126.8972558,39.9544414],[126.8970466,39.9541248],[126.8967354,39.953841],[126.8962848,39.9535655],[126.8957376,39.953401],[126.8947238,39.9532324],[126.8937099,39.9531008],[126.8927336,39.953072],[126.8922615,39.9530967],[126.8917251,39.9531543],[126.8908399,39.9533681],[126.8898636,39.9535984],[126.888957,39.9538163],[126.8881524,39.9540549],[126.8870044,39.9544455],[126.8857813,39.9549348],[126.8851107,39.9551034],[126.8846118,39.9551528],[126.8841934,39.9550911],[126.8837267,39.954976],[126.8829542,39.9546264],[126.8820155,39.9541453],[126.8812913,39.9536971],[126.8806207,39.9532283],[126.8798,39.9525128],[126.8790275,39.9517561],[126.8783945,39.951057],[126.8778688,39.9503045],[126.8774772,39.9496136],[126.8771821,39.9488692],[126.87693,39.9478905],[126.8768656,39.9474545],[126.8768978,39.9471625],[126.8770641,39.9467677],[126.8774235,39.9459],[126.8776756,39.945279],[126.8777078,39.9450199],[126.8776435,39.9447978],[126.8774503,39.9444852],[126.877225,39.9441603],[126.8770319,39.9438272],[126.8768549,39.94342],[126.8764633,39.9426756],[126.8761307,39.9421286],[126.8757069,39.9417008],[126.8751061,39.9412896],[126.8744785,39.941014],[126.873706,39.9407713],[126.8726867,39.9405369],[126.8717319,39.9403971],[126.8709916,39.9403271],[126.8702298,39.9403436],[126.8694681,39.9404217],[126.8687627,39.9405834],[126.8679553,39.94087],[126.8671077,39.941232],[126.8666357,39.941487],[126.8662494,39.9417996],[126.865772,39.942252],[126.8651015,39.9429676],[126.8646079,39.9434282],[126.86427,39.9438025],[126.863873,39.9443701],[126.8634009,39.9449253],[126.8627948,39.9455257],[126.8621135,39.9461179],[126.8612337,39.9467554],[126.8601394,39.9474175],[126.8592381,39.9478946],[126.8583369,39.9482524],[126.8574464,39.948569],[126.8567598,39.9487212],[126.8559283,39.9487664],[126.8551773,39.9487705],[126.8544155,39.9487047],[126.8538201,39.9485937],[126.8533373,39.9483881],[126.8527365,39.9480221],[126.8521786,39.9475861],[126.8515027,39.9468706],[126.8510789,39.9464058],[126.8508536,39.9459863],[126.8507194,39.9455874],[126.8504298,39.9446168],[126.8502796,39.9439958],[126.8500864,39.9434365],[126.8498021,39.9427866],[126.8493301,39.9419435],[126.8490994,39.941705],[126.84874,39.9415281],[126.8482464,39.9414171],[126.8478227,39.9414047],[126.8475813,39.9414582],[126.8474096,39.9415857],[126.8471521,39.9419024],[126.8467712,39.9425316],[126.846444,39.9430704],[126.8462777,39.9433419],[126.8461811,39.9436956],[126.8461758,39.9440575],[126.8462348,39.9444564],[126.8463689,39.9451103],[126.8465137,39.9458177],[126.8465888,39.9463565],[126.8465352,39.9467554],[126.8464333,39.9470104],[126.8461919,39.9471913],[126.8457305,39.947253],[126.8452638,39.9471954],[126.8445772,39.9469734],[126.8435472,39.9465374],[126.8429786,39.9462454],[126.8426353,39.9460234],[126.842072,39.9455093],[126.8416402,39.9451898],[126.8408114,39.9448348],[126.8405324,39.9446744],[126.8401194,39.9444564],[126.8396687,39.9441809],[126.8392932,39.9439835],[126.8384618,39.9436133],[126.837523,39.9432514],[126.836375,39.9428278],[126.8354094,39.9425522],[126.8347979,39.9424371],[126.8340898,39.9423836],[126.8331993,39.9423425],[126.8323195,39.9422355],[126.8310749,39.9420299],[126.8296265,39.9417749],[126.8280601,39.9414952],[126.8266547,39.9412896],[126.8253887,39.9411579],[126.8238437,39.9410592],[126.8216872,39.9410346],[126.8197989,39.9409934],[126.819182,39.9409441],[126.8186295,39.9408536],[126.8178651,39.9406233],[126.8167841,39.940286],[126.8155932,39.9398665],[126.8134797,39.939085],[126.8122995,39.9387066],[126.8113983,39.9385503],[126.8103576,39.9384105],[126.8092632,39.9383364],[126.8077612,39.9383364],[126.8056583,39.9385668],[126.8043977,39.9387765],[126.8032604,39.939122],[126.8029064,39.9392824],[126.802783,39.9394511],[126.8027615,39.9396197],[126.8028152,39.9399076],[126.8029064,39.940323],[126.8030029,39.9407467],[126.8030512,39.9410304],[126.8030566,39.9412937],[126.8029976,39.9415281],[126.8029225,39.9418078],[126.8025309,39.9425111],[126.8021125,39.943165],[126.8018281,39.943457],[126.8013453,39.9437861],[126.8005997,39.9441685],[126.7999238,39.9444893],[126.7995375,39.9446538],[126.7991513,39.944695],[126.7987543,39.9446374],[126.7982769,39.9444934],[126.7975688,39.944296],[126.7967051,39.9440123],[126.7959917,39.9437326],[126.7954016,39.9434324],[126.7948919,39.9431609],[126.7941195,39.9426304],[126.7935187,39.9421409],[126.7931324,39.9416721],[126.7928696,39.9411785],[126.792655,39.940833],[126.7923438,39.9403724],[126.7919898,39.9399981],[126.7915124,39.9395457],[126.7911744,39.9391508],[126.790874,39.9386326],[126.7888784,39.9355477],[126.7885405,39.9350294],[126.7882776,39.9347374],[126.7880362,39.9345358],[126.7874515,39.9342602],[126.7849195,39.933199],[126.7831707,39.9325984],[126.7821675,39.932294],[126.7813361,39.9321048],[126.7802578,39.9319773],[126.77845,39.9317922],[126.7767549,39.9316976],[126.775965,39.9317099],[126.7753708,39.9318086],[126.7745662,39.9320596],[126.773681,39.9324791],[126.7731821,39.9328864],[126.7728335,39.9334746],[126.7727691,39.9337173],[126.7728013,39.9339435],[126.7729354,39.934215],[126.7731607,39.9345728],[126.7733377,39.9349472],[126.7734665,39.9353338],[126.7735738,39.9357904],[126.77374,39.9361153],[126.774078,39.9364691],[126.7746091,39.9370079],[126.7751884,39.9376207],[126.775344,39.9378593],[126.7753333,39.9380691],[126.7752314,39.93825],[126.7749095,39.9386202],[126.7745447,39.9389822],[126.7739922,39.9393359],[126.7734289,39.939595],[126.7725813,39.9398253],[126.7719752,39.9399446],[126.7711222,39.9400557],[126.7703658,39.9400557],[126.7695934,39.9399652],[126.768676,39.9398171],[126.7679518,39.9397225],[126.7672545,39.9395991],[126.7665732,39.9394223],[126.7659724,39.9392043],[126.7652535,39.9388876],[126.7639339,39.9381966],[126.7625177,39.9373904],[126.7618418,39.9371025],[126.7611337,39.9369215],[126.7604256,39.9367405],[126.759696,39.9363621],[126.7588484,39.9357863],[126.7581081,39.9352844],[126.7572284,39.9347086],[126.7566168,39.9341656],[126.7562199,39.9336391],[126.7558765,39.9327177],[126.7555439,39.9315742],[126.7549217,39.9292459],[126.7546427,39.9283162],[126.7544925,39.9277732],[126.7544931,39.9271905],[126.7548144,39.9256916],[126.755029,39.9247207],[126.7551577,39.9239062],[126.755147,39.9233467],[126.7549659,39.9227586],[126.7547607,39.9223593],[126.754353,39.9218739],[126.753881,39.9213884],[126.7532587,39.9209934],[126.752454,39.9207384],[126.7517674,39.9205903],[126.7510915,39.9206396],[126.7505389,39.9208248],[126.7499649,39.9211662],[126.7480981,39.9223511],[126.7473578,39.9228859],[126.7471808,39.9231081],[126.7470789,39.9233467],[126.7469394,39.9238897],[126.7467892,39.925379],[126.7467356,39.9262511],[126.7468858,39.926934],[126.7470682,39.927403],[126.7472988,39.9277197],[126.7476582,39.9279789],[126.7493427,39.9290649],[126.7497075,39.9293076],[126.7499328,39.9295256],[126.7500937,39.9298958],[126.7500508,39.9302496],[126.7498147,39.9306363],[126.7488599,39.9317223],[126.7480445,39.9325943],[126.7472291,39.9331784],[126.7463922,39.9335568],[126.7452335,39.9338777],[126.7444718,39.9340011],[126.7436135,39.9339435],[126.742959,39.9338119],[126.7421007,39.9336473],[126.7412853,39.9336227],[126.7403304,39.9336062],[126.7397189,39.9337049],[126.7391395,39.9338941],[126.7384207,39.9340751],[126.7375302,39.9341739],[126.7364573,39.9342232],[126.7342901,39.9340587],[126.7321122,39.9339271],[126.7301273,39.9337132],[126.7290866,39.9336885],[126.728282,39.9337543],[126.7277723,39.9338695],[126.7273861,39.9340175],[126.7271554,39.934252],[126.7270213,39.934614],[126.726914,39.9351076],[126.7267746,39.9355024],[126.7266244,39.9359055],[126.7265385,39.9362634],[126.7265278,39.9365061],[126.7266083,39.9368927],[126.7267853,39.9375015],[126.7269409,39.9379621],[126.7270052,39.9383529],[126.7269999,39.9386161],[126.7269248,39.93883],[126.7266834,39.9392002],[126.7264044,39.9396238],[126.7262703,39.9400557],[126.7262489,39.9404875],[126.7262649,39.9409934],[126.726163,39.9413389],[126.7260343,39.9415651],[126.7257339,39.9417913],[126.7251706,39.941997],[126.7245912,39.9421656],[126.7235559,39.9423589],[126.7215282,39.9426509],[126.7204928,39.9427743],[126.7198169,39.9427825],[126.7191571,39.9427661],[126.7184436,39.9426797],[126.7176121,39.9425234],[126.7168665,39.9423466],[126.7161423,39.9421533],[126.7154664,39.9420217],[126.7147583,39.9420011],[126.7141575,39.9420546],[126.7136264,39.9421409],[126.7129183,39.9422479],[126.712237,39.942326],[126.7116523,39.9424],[126.7108476,39.9425646],[126.710118,39.942725],[126.7084765,39.9430992],[126.7072535,39.9434447],[126.7054295,39.9439958],[126.7050433,39.9440986],[126.7047322,39.9441397],[126.7042065,39.9441439],[126.702168,39.9440904],[126.7010844,39.9440452],[126.7006338,39.9439752],[126.7002851,39.9438642],[126.6997433,39.9435886],[126.6993999,39.9432843],[126.6992122,39.943054],[126.6991425,39.9427373],[126.6992122,39.9422191],[126.699239,39.941816],[126.6992229,39.9414993],[126.6991156,39.9411168],[126.6987508,39.9403312],[126.6985041,39.9397266],[126.6984397,39.9393482],[126.6984934,39.9389369],[126.6986462,39.9386092],[126.698826,39.9383117],[126.6991854,39.9379087],[126.6997969,39.9374357],[126.7013258,39.9364156],[126.7021733,39.9358768],[126.7025757,39.9356546],[126.7031765,39.9355189],[126.7037505,39.9354819],[126.7042869,39.935523],[126.7059982,39.9357616],[126.7074519,39.9359467],[126.7086589,39.9360454],[126.7090934,39.9360248],[126.7094958,39.9359508],[126.7099035,39.9358397],[126.7105794,39.9355847],[126.7112017,39.9353503],[126.7115772,39.9351322],[126.7120439,39.9347703],[126.7126822,39.9341163],[126.7134172,39.9332648],[126.7138678,39.9326272],[126.7140126,39.932401],[126.7140448,39.93222],[126.7139482,39.9319855],[126.7130256,39.9300686],[126.7126393,39.9294351],[126.712178,39.9289908],[126.7115343,39.9286042],[126.7105794,39.9282668],[126.7097211,39.9280694],[126.7091095,39.9280694],[126.7085409,39.9282422],[126.7078328,39.9284643],[126.7067385,39.9288592],[126.7057407,39.9291389],[126.7041421,39.9294598],[126.7004621,39.9301427],[126.6985416,39.9304471],[126.6976941,39.9304306],[126.6970825,39.9303154],[126.6962564,39.9301427],[126.6951942,39.9298794],[126.6933596,39.9295668],[126.6912675,39.9294516],[126.689465,39.9294269],[126.688596,39.9294763],[126.6879094,39.9295832],[126.6875768,39.9297478],[126.687051,39.9302085],[126.6865253,39.9308255],[126.6863,39.931278],[126.6860425,39.9321172],[126.6858923,39.9327753],[126.6857207,39.9334334],[126.6855597,39.9342479],[126.6854632,39.9350541],[126.6854739,39.9358274],[126.6855758,39.9370079],[126.6855544,39.9378758],[126.6854685,39.9382624],[126.6853613,39.9385709],[126.6850501,39.9389328],[126.6846263,39.9391878],[126.6841972,39.9393565],[126.683473,39.9394675],[126.6830277,39.9394346],[126.6826147,39.9392907],[126.6814935,39.9385997],[126.6806567,39.937958],[126.6798413,39.9372917],[126.6791975,39.9367652],[126.678704,39.9362881],[126.6782319,39.9358027],[126.6778457,39.9353832],[126.6773307,39.9348649],[126.6770518,39.9345111],[126.6768479,39.9341409],[126.6766548,39.9339723],[126.6763812,39.9338119],[126.6758984,39.933709],[126.6753191,39.9337132],[126.6743535,39.9338324],[126.6733825,39.9339394],[126.6731787,39.9339887],[126.6729641,39.9340792],[126.6727763,39.9342191],[126.6725886,39.9343302],[126.6723847,39.9344083],[126.6719609,39.9345605],[126.6715908,39.9347127],[126.6709632,39.9350006],[126.6706788,39.9350747],[126.6703409,39.9351199],[126.6697133,39.9351857],[126.6693377,39.9352639],[126.669032,39.935412],[126.6687584,39.9356053],[126.6683024,39.9360084],[126.6679001,39.9362798],[126.6675675,39.9364238],[126.6672027,39.9364978],[126.6665912,39.9365472],[126.6660011,39.9366295],[126.6654754,39.9367858],[126.664896,39.9370202],[126.6640645,39.9373493],[126.6617525,39.9384228],[126.661039,39.9387313],[126.6606206,39.9388259],[126.6601592,39.9388423],[126.659655,39.9387806],[126.659081,39.938686],[126.658684,39.9385709],[126.6584319,39.9384063],[126.6581476,39.9381143],[126.657874,39.937921],[126.6576326,39.9378058],[126.6572785,39.9377853],[126.6569191,39.9378223],[126.6565865,39.9380074],[126.6562271,39.938357],[126.656093,39.9386079],[126.6560072,39.9388999],[126.6559964,39.9392989],[126.6560662,39.9398336],[126.6562271,39.9407014],[126.656329,39.9412361],[126.6563451,39.9415939],[126.6562647,39.9420957],[126.6561681,39.9425358],[126.6560394,39.9428566],[126.655814,39.9431938],[126.6554815,39.9433995],[126.6551703,39.9435023],[126.6547841,39.9435722],[126.6543066,39.9436832],[126.6537112,39.9438889],[126.6532445,39.9440945],[126.6524076,39.94444],[126.6515064,39.9448101],[126.6504443,39.9452378],[126.6494143,39.945645],[126.6479391,39.946155],[126.6464961,39.9466567],[126.6455948,39.9469446],[126.6446185,39.9471913],[126.6438943,39.9473229],[126.6433847,39.9473805],[126.642918,39.9473641],[126.6419631,39.9472736],[126.6405308,39.947142],[126.6391253,39.9470597],[126.6379344,39.9468829],[126.6370869,39.9466115],[126.6358852,39.9459946],[126.634469,39.945098],[126.633321,39.9445963],[126.6323233,39.9441521],[126.6314542,39.9437984],[126.6307676,39.9432966],[126.6303491,39.9427126],[126.6298878,39.9416186],[126.6297912,39.9406562],[126.6299736,39.9398418],[126.6303813,39.9391919],[126.6309714,39.9388464],[126.6317975,39.938575],[126.6332888,39.9385092],[126.6356492,39.9387148],[126.6368294,39.9386655],[126.6378164,39.9384351],[126.6388357,39.9378429],[126.639179,39.9372752],[126.6392004,39.9364937],[126.6388035,39.9359755],[126.6377199,39.9353996],[126.6361213,39.9350952],[126.6348231,39.935087],[126.6334712,39.9352762],[126.6321409,39.9356793],[126.6301989,39.9364197],[126.6281068,39.9370449],[126.626004,39.9375549],[126.6245019,39.937703],[126.623075,39.9376619],[126.6222596,39.9374398],[126.6216373,39.9371354],[126.6210472,39.9367323],[126.6193199,39.9355066],[126.618011,39.9345358],[126.6169381,39.93396],[126.6156721,39.9337132],[126.6141701,39.9337132],[126.6126895,39.9338777],[126.6106295,39.9339435],[126.6086554,39.9334664],[126.606853,39.9325285],[126.6055655,39.9311628],[126.6046643,39.9292212],[126.6039133,39.9279048],[126.603055,39.9271808],[126.6020465,39.9269011],[126.6009307,39.9268188],[126.5996218,39.9271644],[126.5976476,39.9283327],[126.5958881,39.9289415],[126.594193,39.9292541],[126.5917039,39.9294187],[126.5896439,39.9295668],[126.5870905,39.9300604],[126.5849662,39.9308667],[126.5803957,39.9327589],[126.5777349,39.9338942],[126.57619,39.9342561],[126.5752458,39.9342068],[126.5746879,39.9339271],[126.57413,39.9332854],[126.5737009,39.9319526],[126.5733361,39.9299946],[126.572864,39.9277238],[126.5720272,39.9266213],[126.5707183,39.9259631],[126.5688514,39.9257163],[126.5671134,39.9257492],[126.5655684,39.9259138],[126.5647101,39.9258521],[126.5636158,39.9255847],[126.5624356,39.9249429],[126.5613198,39.9237416],[126.5608477,39.9225239],[126.5608692,39.9218327],[126.5612125,39.9205656],[126.561706,39.9180806],[126.5622425,39.914608],[126.5621352,39.9122545],[126.561706,39.9103782],[126.5607619,39.9089133],[126.559174,39.9067571],[126.5575433,39.9045514],[126.5555048,39.9018683],[126.5537023,39.9000246],[126.5533054,39.8988147],[126.5537774,39.8976788],[126.555022,39.8969791],[126.5564275,39.8962466],[126.5581226,39.8951683],[126.5587985,39.8941064],[126.5587342,39.8926823],[126.5587342,39.8911512],[126.5588736,39.8891015],[126.5601396,39.8865248],[126.5611696,39.884516],[126.5618455,39.8833305],[126.561985,39.8820297],[126.5609443,39.8809842],[126.5588844,39.8800785],[126.5562343,39.8797492],[126.553874,39.8797162],[126.5517175,39.8794034],[126.5496227,39.8791708],[126.5482709,39.8790557],[126.5473455,39.8791564],[126.5466642,39.8791934],[126.545881,39.8792428],[126.5450334,39.879321],[126.5444809,39.8793375],[126.544143,39.8792963],[126.5437889,39.8791934],[126.5433823,39.8790784],[126.5428984,39.8790329],[126.5422922,39.8790164],[126.5418577,39.8790699],[126.5414768,39.8791481],[126.5413052,39.8791975],[126.5411067,39.8792511],[126.5409243,39.8792428],[126.5408117,39.8791852],[126.5406561,39.8791152],[126.5404147,39.8790329],[126.5400392,39.8789999],[126.5397066,39.8790123],[126.5392023,39.8790699],[126.5384513,39.879177],[126.5380597,39.8792963],[126.5375984,39.8795804],[126.5370995,39.8798233],[126.5366435,39.8799962],[126.5360963,39.8802884],[126.5356725,39.8805643],[126.5350985,39.8807948],[126.5345353,39.8809265],[126.5342295,39.8809883],[126.5338862,39.8810253],[126.5335268,39.8810047],[126.5330708,39.8810047],[126.5326363,39.88105],[126.5321481,39.8811447],[126.5307856,39.8814658],[126.5289026,39.8818692],[126.5279156,39.882038],[126.5274274,39.8820874],[126.5269715,39.8820874],[126.5265745,39.8820421],[126.5262097,39.8819351],[126.5257966,39.8817539],[126.5255123,39.8815646],[126.5251851,39.8812106],[126.5248418,39.8807742],[126.5246004,39.8803378],[126.5243912,39.8798274],[126.5241927,39.8791893],[126.5240371,39.8786336],[126.5238118,39.8782095],[126.5234953,39.8778226],[126.5231144,39.8773368],[126.5229911,39.8770671],[126.5229669,39.8768778],[126.5230393,39.876709],[126.5232271,39.876532],[126.5235651,39.8763014],[126.5238628,39.8760256],[126.5241015,39.8757086],[126.5243483,39.8753278],[126.524654,39.8747226],[126.5249383,39.8741833],[126.5250295,39.8740063],[126.5251583,39.8738601],[126.5253407,39.8737407],[126.5255713,39.8735904],[126.5258315,39.8733846],[126.5261346,39.8730841],[126.5264082,39.8727753],[126.5266228,39.8724994],[126.5267998,39.8721989],[126.5269822,39.8719436],[126.5272289,39.8717501],[126.5275937,39.8716143],[126.5279639,39.8715484],[126.5283877,39.8715649],[126.5287471,39.8716513],[126.5290153,39.871816],[126.5293747,39.8721454],[126.529761,39.8724706],[126.530233,39.8728247],[126.5306944,39.8732364],[126.5311611,39.8737716],[126.5314615,39.8740227],[126.5319335,39.8743233],[126.532309,39.8745126],[126.5326631,39.874595],[126.5330332,39.8746073],[126.533398,39.8745538],[126.5338969,39.8744303],[126.5346318,39.874208],[126.5354419,39.8739445],[126.5360641,39.8736399],[126.5366864,39.8732446],[126.5371907,39.872907],[126.5376735,39.8726435],[126.5382904,39.872343],[126.5390937,39.8720085],[126.5394947,39.8718551],[126.5397227,39.8717151],[126.5398648,39.8715216],[126.539948,39.8713137],[126.5400285,39.8711367],[126.5401599,39.8709658],[126.5402457,39.8708053],[126.5402752,39.870655],[126.5402511,39.8704553],[126.5402028,39.8702721],[126.5400982,39.8701506],[126.5398675,39.8699653],[126.539425,39.8696936],[126.5390253,39.869426],[126.538513,39.8690534],[126.537939,39.868652],[126.5373328,39.8682979],[126.5363806,39.8678306],[126.5352166,39.8672994],[126.5339827,39.8669206],[126.5325451,39.8665418],[126.5312898,39.8662989],[126.529879,39.866093],[126.5286344,39.8659448],[126.5275401,39.8658295],[126.5269071,39.8657677],[126.5264189,39.8657019],[126.526081,39.8655866],[126.5258825,39.8654383],[126.5256089,39.8651831],[126.5253675,39.8647466],[126.5252978,39.8643925],[126.5253836,39.8639849],[126.5256572,39.8634002],[126.5261507,39.8627455],[126.5274811,39.861296],[126.5280068,39.8607772],[126.5281516,39.8605549],[126.5281945,39.8603654],[126.5282214,39.8600401],[126.5283716,39.8590807],[126.5285647,39.8581583],[126.5286183,39.8575818],[126.5285432,39.8570876],[126.5276098,39.8548392],[126.5263331,39.8526648],[126.5261722,39.8524177],[126.5260166,39.8520635],[126.5259629,39.8517258],[126.5260649,39.8509845],[126.5260649,39.8506962],[126.5259737,39.8502514],[126.5255445,39.8484887],[126.5254372,39.8476527],[126.525448,39.8469319],[126.5258557,39.844263],[126.5262043,39.8429121],[126.5265369,39.8417588],[126.5267408,39.8409103],[126.5268373,39.8402101],[126.5269071,39.8394975],[126.5269339,39.8389785],[126.5277877,39.8300718],[126.5275562,39.8268221],[126.5274006,39.8260888],[126.5270466,39.8251041],[126.5269902,39.8249496],[126.52684,39.8247333],[126.5266737,39.8246221],[126.5264189,39.8244841],[126.5246379,39.8238146],[126.5227497,39.8232543],[126.521076,39.8229041],[126.5203947,39.8227434],[126.51981,39.8225951],[126.5183133,39.822043],[126.5174013,39.8219235],[126.5165591,39.8219688],[126.5140217,39.8225374],[126.5126002,39.822834],[126.5109211,39.8228958],[126.5098536,39.8227187],[126.5084749,39.8221995],[126.5070534,39.8214497],[126.5062809,39.8205597],[126.5049505,39.815739],[126.5037918,39.8144369],[126.5027082,39.8140496],[126.5006161,39.8141567],[126.4996827,39.8143875],[126.4989638,39.814849],[126.4960072,39.8173542],[126.4948225,39.8184007],[126.4932775,39.8191342],[126.4913249,39.8193814],[126.4874895,39.8190559],[126.4738877,39.8168233],[126.4733418,39.8166247],[126.4715494,39.8159737],[126.4704817,39.8155616],[126.4633936,39.8097149],[126.4596099,39.8081731],[126.4581628,39.8075117],[126.4529405,39.8046571],[126.4511328,39.7997963],[126.4510324,39.7926974],[126.4480195,39.7903053],[126.4426776,39.7900538],[126.4394876,39.7905363],[126.4384746,39.7907233],[126.4369726,39.7912097],[126.4338183,39.792471],[126.4319622,39.793419],[126.4304924,39.7945731],[126.4276063,39.7972027],[126.4266944,39.798637],[126.4258468,39.8004999],[126.4247632,39.8030138],[126.4237976,39.8041925],[126.4223492,39.8049673],[126.4210832,39.8051651],[126.4200532,39.8049343],[126.4190233,39.8042832],[126.4180899,39.802816],[126.4174461,39.8011922],[126.4171886,39.7981177],[126.4168668,39.7926276],[126.4166415,39.7907315],[126.4161077,39.7891444],[126.414485,39.7864611],[126.4134335,39.7857685],[126.4117384,39.7855047],[126.4103436,39.785884],[126.4093566,39.7869228],[126.4067602,39.7903029],[126.4036217,39.7937277],[126.402473,39.7947646],[126.3995504,39.7968153],[126.3958382,39.7981671],[126.3941216,39.7986782],[126.3924479,39.7986947],[126.3903022,39.7981342],[126.3884139,39.7971285],[126.3865256,39.7947215],[126.3855386,39.7926111],[126.3847196,39.78969],[126.3843584,39.7865765],[126.3850021,39.7845978],[126.3865042,39.7836084],[126.3886499,39.7828664],[126.391418,39.7826356],[126.3950872,39.7826685],[126.3983488,39.7827345],[126.4015245,39.7823223],[126.4041424,39.7814153],[126.4063954,39.7801621],[126.4078545,39.7787109],[126.4087772,39.7767815],[126.4087987,39.7744891],[126.4084124,39.7723287],[126.4071893,39.7697559],[126.4051938,39.76715],[126.4032626,39.7649893],[126.4013314,39.7631749],[126.3993144,39.7614265],[126.3961172,39.7599254],[126.3939714,39.7592656],[126.3913107,39.7588862],[126.3878131,39.7586718],[126.3841224,39.7588203],[126.3797739,39.7601222],[126.3651967,39.7655666],[126.3547253,39.7719494],[126.3532249,39.7731816],[126.3487888,39.7749397],[126.3484251,39.7749414],[126.3477062,39.7748875],[126.3473761,39.7748684],[126.3442486,39.7749839],[126.3371622,39.7731698],[126.334877,39.7724441],[126.3334393,39.7718422],[126.3326159,39.7711206],[126.3317227,39.7696651],[126.3315081,39.7687086],[126.331594,39.7671994],[126.3317227,39.7658964],[126.3320231,39.7644615],[126.3320339,39.7634553],[126.3319158,39.7627543],[126.3314652,39.7618471],[126.3303065,39.7610801],[126.328665,39.7602306],[126.3272273,39.7597357],[126.3252532,39.7592656],[126.3232684,39.7588945],[126.3215089,39.7586883],[126.3186872,39.7581687],[126.314857,39.7572944],[126.3118744,39.7567583],[126.3086021,39.7560077],[126.3070893,39.7553561],[126.3051152,39.7538302],[126.3036454,39.752395],[126.3024888,39.7511656],[126.3012957,39.7494419],[126.3001799,39.7477839],[126.2964463,39.7431148],[126.2950301,39.7410276],[126.2946224,39.7404831],[126.294322,39.7401366],[126.2941396,39.7399139],[126.2939894,39.7395839],[126.2940001,39.7391714],[126.2941289,39.7384536],[126.2941879,39.7380617],[126.2943864,39.7377152],[126.2947673,39.7372202],[126.2949577,39.7369644],[126.2950301,39.7367128],[126.2950543,39.7364075],[126.2949336,39.7356815],[126.294204,39.7305908],[126.2941074,39.7292128],[126.294086,39.7280164],[126.2941825,39.7270674],[126.2942898,39.7259947],[126.2941664,39.7247405],[126.2938285,39.719715],[126.2936984,39.7186098],[126.2936032,39.7178004],[126.293512,39.7168142],[126.2934422,39.7164717],[126.2934154,39.7160632],[126.2936997,39.7145818],[126.2939572,39.7135089],[126.2944937,39.7114043],[126.2946975,39.7098856],[126.2950623,39.7082597],[126.2953591,39.7073474],[126.2953671,39.7073179],[126.2954807,39.7068978],[126.2955451,39.7062044],[126.2953627,39.7056679],[126.2948581,39.7044873],[126.2940752,39.702911],[126.2935603,39.7020691],[126.2929112,39.7011363],[126.2924552,39.7003851],[126.2922299,39.6994853],[126.2921226,39.6987589],[126.2920689,39.697595],[126.2919402,39.6968603],[126.2916613,39.6960843],[126.2905562,39.6933682],[126.2903953,39.6924932],[126.2901163,39.6907718],[126.28914,39.6873084],[126.2887189,39.6853034],[126.2884426,39.683593],[126.2883568,39.6822884],[126.2886143,39.6813471],[126.2894404,39.6795306],[126.2899205,39.6786978],[126.2901511,39.6784094],[126.2916076,39.677169],[126.2927771,39.6759716],[126.2932277,39.6752449],[126.2933993,39.6743696],[126.293335,39.6735356],[126.2928951,39.6721565],[126.2927309,39.671547],[126.2927127,39.6714793],[126.2926805,39.6704801],[126.2929702,39.6688036],[126.2935066,39.667218],[126.2940216,39.6663673],[126.2946439,39.6657396],[126.2961137,39.6646247],[126.2969723,39.6641224],[126.2983882,39.662915],[126.2988281,39.6624443],[126.2992787,39.6617257],[126.2995577,39.661131],[126.2997937,39.6603051],[126.2998474,39.6588431],[126.2999698,39.6579592],[126.3002443,39.6567534],[126.3008129,39.6556218],[126.3019502,39.6541845],[126.3027978,39.6528464],[126.3039565,39.6506491],[126.3046863,39.6492627],[126.3054049,39.6478734],[126.3059628,39.6465021],[126.3064456,39.6442881],[126.3066602,39.642644],[126.3066643,39.6420411],[126.3066709,39.6410825],[126.3061988,39.6391823],[126.3054156,39.6369928],[126.3049972,39.6356626],[126.3047397,39.634605],[126.3045788,39.6334482],[126.3041711,39.6318039],[126.3030767,39.628854],[126.3016391,39.6258874],[126.3008237,39.6241272],[126.3007271,39.6234496],[126.3007593,39.6225654],[126.301285,39.6211687],[126.3017464,39.6199952],[126.3020038,39.6188795],[126.3019931,39.617301],[126.3019824,39.6149373],[126.3021755,39.6135239],[126.3024437,39.6126478],[126.3034415,39.6112675],[126.3044608,39.6104245],[126.3053942,39.6096723],[126.3070142,39.6086226],[126.3081166,39.6081114],[126.3113058,39.6067917],[126.3135159,39.6056634],[126.3153264,39.6044082],[126.3164019,39.6033489],[126.3171852,39.6021668],[126.3174856,39.6012905],[126.3178396,39.5995711],[126.3177967,39.5984137],[126.3175392,39.5964792],[126.3166594,39.5952061],[126.3137814,39.5926362],[126.3125396,39.5917503],[126.3110161,39.5909235],[126.3104582,39.5907251],[126.3073683,39.590014],[126.3026047,39.5889723],[126.300416,39.5884266],[126.298356,39.5882777],[126.2964892,39.5883604],[126.2945151,39.589088],[126.2921521,39.5902551],[126.2894618,39.5918991],[126.2879383,39.5927258],[126.2866723,39.5931061],[126.2850952,39.5932136],[126.2839687,39.5932136],[126.2824452,39.5929077],[126.2807715,39.5924117],[126.278615,39.5912707],[126.2762439,39.5895345],[126.2746346,39.5880214],[126.2734973,39.5872111],[126.2719631,39.5866241],[126.270386,39.5865662],[126.2687552,39.5867481],[126.2674463,39.5873021],[126.2665129,39.5882033],[126.2661803,39.5891128],[126.2659764,39.5905514],[126.2660193,39.5918329],[126.2664807,39.5926184],[126.2673497,39.5936435],[126.2681758,39.5947018],[126.2683689,39.5953218],[126.268425,39.5958352],[126.268436,39.5962973],[126.2683475,39.5965867],[126.2681544,39.5968884],[126.2679264,39.5970827],[126.267736,39.5971964],[126.2676233,39.5972563],[126.2675133,39.5973369],[126.2674409,39.5974692],[126.2673658,39.5976469],[126.2673283,39.5978805],[126.2669554,39.5981574],[126.2656975,39.5987113],[126.2650806,39.5989262],[126.2647319,39.5989221],[126.2644181,39.5988849],[126.2640184,39.5988146],[126.2636751,39.5986989],[126.2632084,39.5984344],[126.2627524,39.5981244],[126.2620604,39.597773],[126.261524,39.5974341],[126.2606496,39.5967438],[126.2592119,39.595793],[126.2584555,39.5951399],[126.2579539,39.5945819],[126.2575838,39.5941251],[126.257329,39.5939019],[126.2569857,39.5936663],[126.2565458,39.5934451],[126.2550008,39.5927589],[126.254046,39.5922463],[126.2536061,39.5918991],[126.2531447,39.5912873],[126.2529194,39.5908077],[126.2522803,39.5890253],[126.2509882,39.5838376],[126.2505034,39.5822495],[126.2501299,39.5810262],[126.2491643,39.5796701],[126.2477589,39.5782064],[126.2467503,39.5775614],[126.2458062,39.5770653],[126.2447655,39.5768751],[126.2437785,39.576933],[126.2424159,39.5773961],[126.2412894,39.5779832],[126.240592,39.5785331],[126.240415,39.578839],[126.2403023,39.5791988],[126.2402701,39.579728],[126.2403345,39.5805962],[126.2405169,39.5813983],[126.2405491,39.5820764],[126.2403881,39.5831265],[126.239562,39.5874261],[126.2389934,39.5883439],[126.2382102,39.5887077],[126.2370944,39.5888648],[126.2352168,39.5886746],[126.2332159,39.5885051],[126.2301636,39.5884431],[126.2271595,39.5883315],[126.2260491,39.5882653],[126.2254322,39.5881992],[126.2248099,39.5880669],[126.2242842,39.5878189],[126.2238496,39.5875295],[126.2210119,39.584557],[126.2205775,39.584214],[126.2197566,39.5835813],[126.2185013,39.58311],[126.2172353,39.5829281],[126.2163341,39.5828123],[126.2151754,39.5827627],[126.214124,39.5829859],[126.2125361,39.5838211],[126.2108517,39.5845818],[126.2100255,39.5847472],[126.2091082,39.5846996],[126.2079763,39.5846149],[126.206587,39.5842469],[126.2058628,39.58385],[126.205675,39.5837239],[126.2055409,39.5835399],[126.2054282,39.5830934],[126.2053049,39.5826593],[126.2051707,39.5824609],[126.2048972,39.5821756],[126.2041328,39.5817477],[126.2028158,39.5808774],[126.2014264,39.5797445],[126.2000477,39.5786199],[126.1994147,39.5783801],[126.1987173,39.5782561],[126.1977625,39.5783139],[126.1970276,39.5786613],[126.1960137,39.5794964],[126.1953485,39.5797859],[126.1947262,39.5798355],[126.1942756,39.5797652],[126.190263,39.5790747],[126.1869639,39.5783884],[126.1854726,39.5780493],[126.1843568,39.5778054],[126.183123,39.57764],[126.1815566,39.5774994],[126.1811006,39.5774911],[126.1806124,39.5775408],[126.1801565,39.5776648],[126.1800369,39.5777203],[126.1796308,39.5779087],[126.1793035,39.5782271],[126.1791158,39.5786364],[126.1789066,39.5792236],[126.1787134,39.5796453],[126.1780582,39.5802442],[126.1772919,39.5806955],[126.1765569,39.5810593],[126.175527,39.5814603],[126.1745453,39.5817456],[126.1734134,39.5819978],[126.1726838,39.5820764],[126.171788,39.5820681],[126.1703986,39.5819813],[126.1683226,39.5817746],[126.1672282,39.5815926],[126.1660159,39.5813404],[126.1641276,39.5808443],[126.1633283,39.5805714],[126.1624592,39.5802448],[126.1614615,39.5797776],[126.1607265,39.5794179],[126.1600935,39.5790458],[126.1589938,39.5783429],[126.1578619,39.5776111],[126.1574435,39.5772761],[126.1571431,39.5769164],[126.1568427,39.5765071],[126.1564887,39.5759737],[126.1563063,39.5756967],[126.156081,39.5752956],[126.1558717,39.5748242],[126.1556625,39.5742453],[126.1548579,39.5719711],[126.1543429,39.5707058],[126.1537635,39.5694652],[126.1531252,39.5683983],[126.1524868,39.5676209],[126.1516499,39.5670006],[126.1506575,39.5665457],[126.1493754,39.5661239],[126.1472511,39.5656277],[126.1460173,39.5654126],[126.1449444,39.565272],[126.1438072,39.565239],[126.1427182,39.5652968],[126.1410284,39.5655367],[126.1393332,39.5660247],[126.1380458,39.5667856],[126.13693,39.5675299],[126.1359215,39.5685886],[126.1350739,39.5700359],[126.1347091,39.5712351],[126.1344945,39.572641],[126.1339213,39.5760443],[126.1337221,39.5785868],[126.1336937,39.5790773],[126.1335611,39.5813653],[126.1335504,39.5831513],[126.1333251,39.5852929],[126.1330783,39.5872773],[126.1331105,39.5894518],[126.1336684,39.591527],[126.1336791,39.5931557],[126.13325,39.59471],[126.1324024,39.5961072],[126.1312437,39.5974051],[126.1301494,39.5980665],[126.1285615,39.5982484],[126.1259222,39.5982318],[126.1220705,39.5980004],[126.1169851,39.5979838],[126.1117226,39.5980375],[126.1095393,39.5984468],[126.1072433,39.5992238],[126.1060524,39.5998356],[126.1042607,39.6008111],[126.1033771,39.6010619],[126.1023509,39.6013236],[126.1016965,39.6015302],[126.1010742,39.6018113],[126.1002374,39.6021337],[126.099422,39.6023404],[126.0984839,39.6024879],[126.0953236,39.6029851],[126.0926843,39.6033571],[126.0906994,39.6036216],[126.0888004,39.6037043],[126.0873628,39.6036712],[126.0857427,39.6034894],[126.0846269,39.6030595],[126.0831571,39.6022246],[126.0821164,39.6014972],[126.0803997,39.6001167],[126.0788441,39.5984716],[126.077857,39.596843],[126.0772669,39.595636],[126.0771382,39.5946356],[126.0772562,39.5927837],[126.0781513,39.5870575],[126.0783521,39.5855001],[126.0788119,39.5816464],[126.0788119,39.5816299],[126.0789889,39.578008],[126.0790533,39.5768751],[126.0789299,39.5755685],[126.0786065,39.5743573],[126.0785276,39.5737657],[126.0781681,39.5725748],[126.0776577,39.5717761],[126.0767305,39.5707843],[126.0758024,39.5700566],[126.075207,39.5696389],[126.0745106,39.5693653],[126.0738337,39.5692585],[126.0734166,39.5692166],[126.0731094,39.5691845],[126.0713124,39.5692047],[126.0692257,39.5693412],[126.0678041,39.5695397],[126.0660875,39.57004],[126.0648215,39.5703584],[126.0635501,39.5704287],[126.0628688,39.5702592],[126.0621017,39.5699739],[126.061399,39.5695521],[126.0607874,39.5690807],[126.060074,39.5683653],[126.0588241,39.5671412],[126.0581857,39.5665871],[126.0573757,39.5661653],[126.0556161,39.5656897],[126.0529661,39.5649453],[126.050595,39.5641265],[126.0492057,39.5636054],[126.0467673,39.562609],[126.0419233,39.5605247],[126.0385144,39.5591513],[126.0371625,39.5587708],[126.0359073,39.5584896],[126.0342872,39.5583076],[126.0320771,39.5581836],[126.029427,39.5584772],[126.0290998,39.5585144],[126.0266375,39.5586799],[126.0247815,39.5586964],[126.0233116,39.5585558],[126.0135637,39.5571531],[126.0081947,39.5563058],[126.0064888,39.5561239],[126.0042018,39.556106],[126.0004851,39.5562302],[125.999466,39.5562432],[125.9919509,39.5563141],[125.9896657,39.5563357],[125.9870267,39.5564134],[125.9849989,39.5567029],[125.981555,39.5573977],[125.9784865,39.5580926],[125.9759684,39.5590415],[125.9713626,39.5621291],[125.9688091,39.5652555],[125.9661484,39.5695397],[125.963552,39.5744107],[125.9628117,39.5753866],[125.9621143,39.5759241],[125.9611595,39.5763458],[125.9598505,39.5766353],[125.9554946,39.5771728],[125.9501892,39.5777578],[125.9479067,39.5779997],[125.947244,39.5780564],[125.9466755,39.5781051],[125.9458199,39.5781692],[125.9453103,39.5781734],[125.9450099,39.5781424],[125.9447524,39.5780783],[125.9445888,39.577977],[125.9445244,39.5778757],[125.9444856,39.5775703],[125.9444546,39.577243],[125.9441864,39.5755768],[125.9438217,39.5743115],[125.9432883,39.5733691],[125.9432155,39.5732405],[125.9424376,39.5722978],[125.9419978,39.5718264],[125.9417134,39.5713095],[125.9415901,39.5708092],[125.9415636,39.5706146],[125.9415686,39.5702013],[125.9415793,39.56949],[125.9415311,39.5689649],[125.9414023,39.5684728],[125.9410107,39.5676747],[125.9406835,39.566736],[125.9405547,39.5660454],[125.9405923,39.5655326],[125.9407532,39.5650198],[125.9408686,39.5645587],[125.940941,39.564112],[125.9409249,39.5636675],[125.9406701,39.5624557],[125.9405011,39.5619946],[125.9403563,39.5617692],[125.9400558,39.5615583],[125.9395301,39.5613185],[125.9390959,39.5611505],[125.9384044,39.560883],[125.9374058,39.5604748],[125.9360862,39.5598627],[125.9347987,39.5590686],[125.9331894,39.5579271],[125.9319127,39.5570503],[125.9310168,39.5565623],[125.9300405,39.556219],[125.9287959,39.5560039],[125.9277284,39.555975],[125.926559,39.5560949],[125.9254324,39.5562604],[125.9227502,39.556918],[125.9198973,39.5577642],[125.9174287,39.5586302],[125.9164095,39.5590438],[125.9155083,39.5594657],[125.9143817,39.559689],[125.9104013,39.5600364],[125.9073329,39.5605244],[125.9055891,39.5607973],[125.9045112,39.5609049],[125.9032881,39.560756],[125.9025049,39.560359],[125.90155,39.5595236],[125.9001446,39.558076],[125.8993077,39.5569428],[125.8991039,39.5564051],[125.8990288,39.555702],[125.8990288,39.5547507],[125.8990824,39.5538242],[125.8992004,39.5525668],[125.8992755,39.5519381],[125.8993935,39.5512763],[125.8994794,39.5507386],[125.8996081,39.5501761],[125.8997627,39.5496476],[125.9001446,39.5487614],[125.9007454,39.5476363],[125.9015393,39.5465774],[125.9020543,39.5458163],[125.902698,39.5447573],[125.9032237,39.5439382],[125.9047472,39.5422918],[125.90501,39.5418879],[125.905247,39.541318],[125.905247,39.53928],[125.905623,39.53585],[125.9059721,39.5345948],[125.9071646,39.5336751],[125.907836,39.532714],[125.9089586,39.5312267],[125.9108936,39.528458],[125.9119464,39.5262539],[125.9120754,39.5251601],[125.9115167,39.5240829],[125.9108077,39.523105],[125.9096904,39.5222432],[125.9069618,39.5211659],[125.90578,39.5198732],[125.9047272,39.518829],[125.9033951,39.5163428],[125.9031057,39.5151326],[125.9032774,39.5141062],[125.9037065,39.5129143],[125.9045863,39.510605],[125.9051871,39.5090488],[125.9058845,39.5079231],[125.9069145,39.5067725],[125.9077942,39.5059529],[125.9092533,39.5053569],[125.9119731,39.5046409],[125.9167005,39.5037026],[125.9187574,39.5034628],[125.9210704,39.5033227],[125.9227395,39.5034281],[125.9246426,39.5038131],[125.9261513,39.5043304],[125.9276318,39.5050175],[125.9307432,39.5066731],[125.9341121,39.5084363],[125.9351849,39.508668],[125.9360218,39.5086929],[125.936687,39.5084942],[125.937202,39.5082376],[125.937835,39.5076002],[125.9382963,39.5068883],[125.9385431,39.5062509],[125.9386611,39.5056963],[125.93894,39.5051003],[125.9393155,39.5047775],[125.9398305,39.5045953],[125.9422874,39.5042808],[125.9434783,39.5040242],[125.9443366,39.503693],[125.9470403,39.5026086],[125.9489393,39.5016897],[125.9501409,39.5011433],[125.9509563,39.5008949],[125.9524584,39.50063],[125.9540999,39.5003982],[125.9558594,39.5002492],[125.9582305,39.5001168],[125.9603548,39.4999098],[125.9627795,39.4993551],[125.9637236,39.4991316],[125.9651184,39.4987425],[125.9691095,39.4969708],[125.9745544,39.4935349],[125.9755361,39.4926159],[125.9763622,39.4915396],[125.9769523,39.4905957],[125.977242,39.4897843],[125.9773171,39.4888404],[125.9773278,39.4873417],[125.9771872,39.4815682],[125.9771025,39.4780921],[125.9771132,39.4775125],[125.9773225,39.4772143],[125.977816,39.4769038],[125.9782612,39.4767257],[125.9788138,39.4763199],[125.9789103,39.4761295],[125.9789425,39.4757319],[125.9786957,39.4751522],[125.9782827,39.4745353],[125.9777784,39.4739928],[125.9769845,39.4732392],[125.9756648,39.4723944],[125.9746241,39.4718064],[125.9735298,39.471061],[125.9688552,39.4667942],[125.9680366,39.4663483],[125.9663844,39.465487],[125.963788,39.4645096],[125.9604747,39.4634031],[125.9583708,39.4623203],[125.9572863,39.4610473],[125.9561705,39.4592581],[125.9552908,39.457038],[125.9547758,39.4548842],[125.9548402,39.4529126],[125.9553122,39.4505433],[125.9564013,39.4441722],[125.9564194,39.4430498],[125.9564709,39.4398554],[125.9559774,39.435729],[125.9553551,39.4341877],[125.9529948,39.4316354],[125.9518683,39.430583],[125.94998,39.4288925],[125.9480595,39.4266798],[125.9465682,39.4242764],[125.9457636,39.4218315],[125.9443364,39.4152479],[125.9436929,39.4134436],[125.9428024,39.4119267],[125.9404635,39.4096555],[125.9377813,39.4077157],[125.936408,39.4061904],[125.9355497,39.4048972],[125.9348416,39.4036868],[125.934037,39.4025345],[125.9317839,39.4011169],[125.9297615,39.3997282],[125.9284365,39.398667],[125.9276935,39.3979125],[125.9273314,39.3974027],[125.9268004,39.3966606],[125.9262478,39.3960471],[125.9257811,39.3955248],[125.9255719,39.3951558],[125.9253681,39.3945671],[125.9253681,39.3938748],[125.9254378,39.3933276],[125.9255397,39.3928052],[125.9257007,39.3919346],[125.9258401,39.3910557],[125.9259099,39.390467],[125.9260225,39.3899156],[125.9266019,39.3892274],[125.9283292,39.388249],[125.9301853,39.3876188],[125.9317302,39.3870881],[125.9347129,39.385894],[125.9366333,39.385098],[125.9391117,39.3837297],[125.9410858,39.3824112],[125.943371,39.3805039],[125.9443903,39.3793346],[125.9450126,39.3782731],[125.9452379,39.3770954],[125.9446182,39.3749072],[125.9327349,39.3710897],[125.9273908,39.3685842],[125.9242008,39.3660214],[125.9239948,39.3655005],[125.9237158,39.3645383],[125.9239089,39.363742],[125.9244454,39.3628296],[125.9251857,39.3619752],[125.9268701,39.3602581],[125.9286404,39.3587318],[125.9294904,39.3578785],[125.9301156,39.357251],[125.9311509,39.3561269],[125.9320146,39.355314],[125.9331948,39.3543765],[125.9343642,39.3534183],[125.9359252,39.3518047],[125.9374273,39.350328],[125.9383929,39.3495896],[125.9408053,39.3485591],[125.9448302,39.3475237],[125.9514928,39.3463954],[125.9579355,39.3448965],[125.9591961,39.3446032],[125.9621358,39.3438233],[125.9657407,39.3436407],[125.9718132,39.3443294],[125.9754503,39.3443958],[125.9789817,39.3437716],[125.9834635,39.3423129],[125.9859624,39.3407917],[125.9885419,39.3387843],[125.9920726,39.3341956],[125.9938621,39.3305295],[125.9937492,39.3258779],[125.9909897,39.3214968],[125.9850618,39.3177222],[125.9804107,39.3135946],[125.9780395,39.3098548],[125.9774011,39.3074203],[125.9774971,39.307034],[125.9778571,39.3055856],[125.9799547,39.3043154],[125.9840907,39.3035702],[125.9945465,39.301175],[125.9981944,39.2964465],[125.998012,39.2924235],[125.9950481,39.2893179],[125.9938169,39.2866004],[125.9932697,39.285118],[125.9967352,39.279259],[125.999836,39.2732935],[126.0027088,39.2714932],[126.0061287,39.269128],[126.0155446,39.2615936],[126.015758,39.2613933],[126.0192102,39.25913],[126.020723,39.2568],[126.0209368,39.2540751],[126.0204667,39.2530402],[126.0200981,39.2522288],[126.0185195,39.2503569],[126.013685,39.2481921],[126.009574,39.2452758],[126.0091719,39.2449165],[126.0082054,39.244053],[126.0075616,39.2425906],[126.0075187,39.2395992],[126.0085004,39.2381814],[126.0099507,39.2371486],[126.0119749,39.2367302],[126.0142606,39.2369085],[126.0231074,39.2373543],[126.0307374,39.2388826],[126.0331607,39.2397322],[126.0356499,39.2398824],[126.0371732,39.2393333],[126.0384822,39.2378375],[126.0387182,39.2363252],[126.037538,39.2337158],[126.0354499,39.2315895],[126.0345921,39.2307237],[126.0337387,39.2298027],[126.032006,39.2279826],[126.0314481,39.2262789],[126.031094,39.2236774],[126.0307185,39.2226053],[126.027575,39.2196878],[126.023498,39.2173438],[126.0203974,39.2163297],[126.0178225,39.2154652],[126.0153656,39.2148335],[126.0134558,39.2140604],[126.0123293,39.2133206],[126.0102839,39.2116023],[126.0094003,39.21086],[126.0075013,39.2100869],[126.0031669,39.2098541],[125.9981672,39.2093221],[125.9955387,39.2091392],[125.9874384,39.2083661],[125.9814726,39.2078245],[125.9783635,39.2076437],[125.975976,39.2075336],[125.9726715,39.2074172],[125.9705257,39.2073839],[125.9682083,39.2072509],[125.9658909,39.2067355],[125.9645143,39.205863],[125.9626119,39.2044504],[125.9588782,39.2004098],[125.957623,39.197558],[125.9573655,39.1956124],[125.9577517,39.1944732],[125.9583311,39.1937083],[125.9591251,39.1916353],[125.9595541,39.1905152],[125.9626011,39.1863075],[125.9743385,39.1758204],[125.9774239,39.172518],[125.9828786,39.1666793],[125.9856638,39.1617846],[125.9858385,39.1615198],[125.9868979,39.1567539],[125.9874277,39.1517549],[125.9873526,39.1467461],[125.9872192,39.1449213],[125.9870843,39.1430767],[125.9873526,39.141038],[125.9881358,39.1370021],[125.9893159,39.1334569],[125.9910326,39.1283553],[125.9916548,39.1255754],[125.9923629,39.1238276],[125.9946804,39.1208062],[125.9954314,39.119258],[125.9959785,39.1181009],[125.996912,39.1152125],[125.9981672,39.1133145],[125.9991865,39.1122989],[126.0031991,39.1111168],[126.0111598,39.1095684],[126.0150866,39.1087442],[126.0165886,39.1081115],[126.0182301,39.1064964],[126.0193781,39.1040987],[126.0194962,39.1027749],[126.0184233,39.1003354],[126.0172753,39.099278],[126.0158443,39.0986274],[126.014121,39.0979541],[126.0094929,39.0969455],[126.0048899,39.0960566],[125.9949593,39.0944903],[125.983812,39.0947817],[125.9789341,39.0950326],[125.9778001,39.0950306],[125.9749286,39.0950255],[125.9704566,39.0948154],[125.9680113,39.0946139],[125.9648165,39.0939186],[125.9617106,39.0923337],[125.9573225,39.0892859],[125.9533851,39.0865378],[125.9486644,39.0812412],[125.9464972,39.0771853],[125.9458212,39.0746616],[125.9442119,39.0707968],[125.9424309,39.0669901],[125.9406392,39.0626167],[125.9392337,39.0587013],[125.9363584,39.0545274],[125.9313802,39.0524528],[125.9255437,39.0520362],[125.9186344,39.0532443],[125.9143367,39.0539505],[125.9004812,39.056227],[125.8944194,39.0570934],[125.8888404,39.0570934],[125.8851926,39.0558687],[125.8834652,39.0547023],[125.8832361,39.0543121],[125.8829511,39.0538269],[125.8826284,39.0532776],[125.8824567,39.0523278],[125.8830575,39.0473453],[125.8827142,39.0460954],[125.8813838,39.0443623],[125.8777427,39.040653],[125.8728075,39.0401863],[125.8668208,39.0387197],[125.8599758,39.0359863],[125.854783,39.0338195],[125.8525944,39.0330861],[125.8503413,39.0325194],[125.8466506,39.031686],[125.843625,39.0307026],[125.8412432,39.0296358],[125.8383465,39.0283189],[125.8351493,39.0272521],[125.8317874,39.0266842],[125.8288407,39.026752],[125.8253217,39.0272521],[125.8216095,39.0281022],[125.818026,39.0295524],[125.8145928,39.0315693],[125.8123398,39.0337529],[125.8095288,39.037103],[125.804615,39.0418863],[125.8019328,39.0442361],[125.8000445,39.0457693],[125.7978773,39.0470525],[125.7946157,39.048219],[125.7873856,39.0496113],[125.7836187,39.047869],[125.7802927,39.0463234],[125.7756096,39.0436153],[125.7706958,39.0399155],[125.7685983,39.037503],[125.7651436,39.0304025],[125.7637972,39.0283731],[125.7606282,39.0251307],[125.759525,39.020223],[125.7592731,39.0191803],[125.757225,39.0125107],[125.7570946,39.0122205],[125.756124,39.0101157],[125.7551704,39.0073627],[125.753593,39.0044674],[125.750294,39.0010491],[125.7501649,39.0009489],[125.7480291,38.9991442],[125.7461799,38.9978563],[125.7432038,38.9955466],[125.7426277,38.9951202],[125.7359984,38.9922179],[125.7304462,38.9911121],[125.7254808,38.9901231],[125.7225865,38.9899658],[125.7218588,38.9899263],[125.7215237,38.989982],[125.716641,38.9907935],[125.7123066,38.9925547],[125.710923,38.9931233],[125.7081181,38.9942758],[125.703569,38.9972442],[125.6976639,38.9999391],[125.6964167,39.0003765],[125.693638,39.0008561],[125.689879,39.0007795],[125.6858379,39.0003485],[125.680766,38.9990943],[125.6766611,38.9977378],[125.6720526,38.9967978],[125.6692772,38.9963171],[125.6669452,38.9948705],[125.6653195,38.9933607],[125.6641284,38.9913],[125.6626822,38.9902439],[125.6616692,38.9887615],[125.6599241,38.9866706],[125.6548995,38.982373],[125.6546198,38.9821338],[125.6484657,38.9777568],[125.6436592,38.9749277],[125.6418997,38.9737733],[125.6375183,38.9707749],[125.6363535,38.968895],[125.6360598,38.9666353],[125.6358031,38.9632611],[125.6350694,38.9584826],[125.6339491,38.9545314],[125.62958,38.9492376],[125.6254624,38.9472352],[125.6197221,38.9455181],[125.614865,38.9436292],[125.6112206,38.9422184],[125.6057619,38.9401949],[125.6002077,38.9378588],[125.5963484,38.9352807],[125.5933272,38.9327825],[125.5922252,38.931711],[125.5909923,38.9305121],[125.5891115,38.9268794],[125.5896861,38.9238106],[125.5918355,38.9203704],[125.5941391,38.9169758],[125.5950135,38.9122963],[125.5951239,38.9077657],[125.5946165,38.9040792],[125.5939758,38.8999311],[125.5920019,38.8957942],[125.5905383,38.8936719],[125.5882035,38.8913499],[125.5878658,38.8910089],[125.5858038,38.8889268],[125.5827259,38.8865612],[125.5789289,38.8840298],[125.5774849,38.8833071],[125.5732963,38.8812105],[125.5678383,38.87888],[125.5627795,38.8768099],[125.5531158,38.8733764],[125.5463706,38.8716596],[125.5376156,38.8696279],[125.5321669,38.8680744],[125.5299618,38.8668625],[125.5280423,38.8656368],[125.5250975,38.863176],[125.523548,38.8605309],[125.523202,38.8591688],[125.5223086,38.855651],[125.5236058,38.8507517],[125.5256355,38.8418311],[125.5274323,38.832667],[125.5308978,38.825343],[125.5339829,38.8224607],[125.5354623,38.8216519],[125.5376798,38.8204395],[125.5412469,38.8188225],[125.5455315,38.8169689],[125.5539589,38.8142745],[125.5583043,38.8133143],[125.563921,38.812513],[125.5674492,38.8114444],[125.5710163,38.8097261],[125.5743837,38.8072172],[125.577048,38.8041667],[125.5780148,38.8021114],[125.5808787,38.7892283],[125.5824312,38.7770201],[125.5823283,38.7685035],[125.5839547,38.7552305],[125.5849658,38.7500912],[125.5874506,38.7458922],[125.5889849,38.7442629],[125.5909944,38.7426956],[125.5927087,38.7419265],[125.5962533,38.7403363],[125.5980906,38.7396097],[125.6016073,38.7385321],[125.6084523,38.7367687],[125.6123458,38.7355931],[125.617106,38.7332707],[125.6203839,38.7300575],[125.6208429,38.7288641],[125.6215143,38.7271181],[125.6219379,38.7243901],[125.6216359,38.7220739],[125.6215143,38.721141],[125.6206351,38.7188872],[125.6180604,38.7143303],[125.6129109,38.7054118],[125.610085,38.6990408],[125.6095586,38.6949998],[125.6095826,38.6904145],[125.6107758,38.6867872],[125.6135713,38.6831151],[125.616616,38.6795811],[125.6210119,38.6759532],[125.6234513,38.6742311],[125.6260358,38.6725213],[125.6285477,38.6706092],[125.6298664,38.668648],[125.6305955,38.6668048],[125.6304944,38.6648235],[125.629678,38.662666],[125.6282965,38.6601651],[125.6268521,38.6583507],[125.624881,38.6562078],[125.6201327,38.6532506],[125.6180181,38.6516415],[125.6137979,38.6500009],[125.6112154,38.6496705],[125.6076921,38.64999],[125.6053124,38.6505042],[125.6032253,38.6509044],[125.5997008,38.6524778],[125.5946417,38.6564107],[125.5885341,38.6630799],[125.5792148,38.676962],[125.5760356,38.6836227],[125.5731854,38.6903685],[125.5689423,38.6954157],[125.5611892,38.7010339],[125.5546319,38.7044911],[125.5480072,38.7065363],[125.5217626,38.7116457],[125.4993921,38.7160005],[125.4913734,38.7163849],[125.4825687,38.7181979],[125.4724885,38.7203838],[125.4606802,38.7230927],[125.4479368,38.7251773],[125.4410547,38.7259809],[125.4391595,38.7262025],[125.4287485,38.7243152],[125.4207434,38.7200061],[125.4108931,38.7159632],[125.4031514,38.7126686],[125.4014686,38.7119524],[125.3984186,38.711232],[125.3823507,38.707437],[125.371899,38.7049683],[125.3102302,38.6904005],[125.3024196,38.6876537],[125.294141,38.6858275],[125.2817578,38.6822546],[125.2698469,38.6852753],[125.2477455,38.6830308],[125.1918402,38.6752582],[125.1808482,38.6742243]]]}},{"type":"Feature","properties":{"name":"청천강","source":"OpenStreetMap contributors via Nominatim","osmRelation":5454222},"geometry":{"type":"MultiLineString","coordinates":[[[126.7158871,40.417005],[126.7154783,40.416895],[126.7152898,40.4167757],[126.715259,40.4166055],[126.7154086,40.4163769],[126.7154756,40.4161923],[126.7154657,40.4159924],[126.7152831,40.4156989],[126.7150488,40.4154436],[126.7146492,40.4152918],[126.7143917,40.4149157],[126.7141037,40.4144977],[126.7136618,40.4140635],[126.7135576,40.4137313],[126.7135022,40.4133042],[126.7135897,40.4130104],[126.7136919,40.4128068],[126.7136372,40.4126424],[126.7134133,40.4123396],[126.7132188,40.411936],[126.713081,40.4116703],[126.7131552,40.4113596],[126.7130855,40.4110541],[126.7129682,40.4106901],[126.7130555,40.4103437],[126.7130873,40.4100571],[126.7129407,40.4096362],[126.7126842,40.4093919],[126.7123516,40.4091349],[126.7120216,40.4087121],[126.7116279,40.4082875],[126.7112491,40.407851],[126.7109906,40.4074412],[126.7109151,40.4070561],[126.7107219,40.4067249],[126.7105186,40.4065545],[126.7103132,40.406274],[126.7099678,40.4061052],[126.7094913,40.4059734],[126.7090793,40.4059179],[126.7084906,40.405815],[126.7078752,40.405642],[126.7075463,40.4055991],[126.7073694,40.4055376],[126.7074228,40.4052902],[126.7074649,40.4048914],[126.7074453,40.4044427],[126.7072702,40.404171],[126.706831,40.4038394],[126.7064715,40.4034679],[126.7060598,40.4031426],[126.7055138,40.4028534],[126.7050445,40.4026627],[126.7046911,40.4024543],[126.7042345,40.4021354],[126.7039126,40.4017185],[126.7036507,40.4013437],[126.703517,40.4012305],[126.7031437,40.4010507],[126.7027642,40.4007708],[126.7024485,40.4005518],[126.7021888,40.4004259],[126.7018968,40.4002507],[126.7016594,40.3999449],[126.7015963,40.3996023],[126.7016054,40.3992794],[126.7015917,40.3989631],[126.7013164,40.3986451],[126.7010694,40.3983169],[126.7008361,40.3979953],[126.7005076,40.3976915],[126.7002212,40.3973597],[126.7000276,40.3971107],[126.6997046,40.3967997],[126.6995966,40.396545],[126.6995171,40.3961394],[126.6993031,40.3957822],[126.6992589,40.3956101],[126.6996012,40.3951963],[126.6999144,40.3947302],[126.7000361,40.3944023],[126.7001469,40.3940582],[126.7003011,40.3937733],[126.7002787,40.3935557],[126.7001479,40.3931307],[126.7000492,40.3928563],[126.6997802,40.3925954],[126.6994803,40.3921915],[126.6994229,40.3917914],[126.699383,40.391494],[126.6993037,40.391164],[126.6991623,40.3907936],[126.6990333,40.3904877],[126.6986757,40.3901625],[126.6985572,40.3899881],[126.6985236,40.3896399],[126.698566,40.3893209],[126.6984834,40.3889875],[126.6986059,40.3887107],[126.6985654,40.3883983],[126.6982299,40.3880528],[126.6979196,40.387856],[126.697816,40.3875407],[126.6978591,40.387098],[126.697711,40.3866672],[126.6972504,40.385967],[126.6967045,40.3853378],[126.6965739,40.3848753],[126.6964034,40.3843215],[126.6964037,40.38418],[126.6963401,40.3838401],[126.696591,40.38322],[126.6967711,40.3826885],[126.6967025,40.3823531],[126.6963104,40.3819078],[126.6956885,40.3812413],[126.6951457,40.380681],[126.6947416,40.3801168],[126.6942955,40.3797618],[126.6939683,40.379206],[126.6934442,40.3785994],[126.692746,40.377968],[126.6918861,40.3773542],[126.691222,40.3768219],[126.6900721,40.3764454],[126.688897,40.3760725],[126.6883743,40.3757826],[126.6882019,40.3755251],[126.6879929,40.3753899],[126.6876456,40.3751665],[126.6874247,40.3750244],[126.686857,40.3747811],[126.6858262,40.3744638],[126.6852132,40.3741791],[126.6847566,40.3738569],[126.6842612,40.3735113],[126.6840273,40.3730973],[126.6839663,40.372989],[126.6836921,40.3725021],[126.683513,40.3720797],[126.683197,40.371707],[126.6826372,40.371371],[126.6819572,40.3711205],[126.6812164,40.3710139],[126.6802943,40.3710291],[126.6795516,40.3711295],[126.6787155,40.3712567],[126.6780295,40.3712981],[126.6773682,40.3711008],[126.6766819,40.3706682],[126.6763065,40.3701837],[126.6759187,40.3694941],[126.6755657,40.3687549],[126.6752273,40.3681008],[126.6745359,40.3675068],[126.6736743,40.3669293],[126.6731079,40.3661454],[126.6728514,40.3656791],[126.6727398,40.365219],[126.6724439,40.3647178],[126.6720894,40.3642653],[126.6716233,40.3637858],[126.6710371,40.3634809],[126.6702023,40.3630973],[126.6691639,40.3626274],[126.6687436,40.3622237],[126.6687063,40.3614721],[126.6685245,40.3607854],[126.6682911,40.3601601],[126.6678158,40.3595563],[126.6673485,40.3588242],[126.6670077,40.3580044],[126.6668978,40.3575096],[126.6669502,40.3573285],[126.6667612,40.3569279],[126.6665824,40.3561411],[126.6663764,40.3554843],[126.6661309,40.355168],[126.6661072,40.3551375],[126.6659522,40.3549108],[126.6658641,40.3547819],[126.6654386,40.3538904],[126.6636691,40.3511006],[126.6626609,40.3503151],[126.6595913,40.3482848],[126.6587859,40.3475766],[126.6578735,40.3467524],[126.6572033,40.3462116],[126.6550177,40.3438204],[126.6530524,40.3425027],[126.6525693,40.3418488],[126.6517457,40.340734],[126.6515587,40.340598],[126.6509178,40.3401319],[126.6505179,40.3398411],[126.6496054,40.3393774],[126.6488604,40.3391447],[126.6485747,40.3390555],[126.6476004,40.3386734],[126.6463557,40.3377375],[126.6456911,40.3367028],[126.6452415,40.3347402],[126.6417453,40.3304464],[126.6408389,40.3261524],[126.6413335,40.323367],[126.6413327,40.3215429],[126.6406469,40.3201932],[126.6392421,40.3191369],[126.6389475,40.3189154],[126.6369669,40.317551],[126.6354947,40.3164562],[126.6339778,40.3144301],[126.633749,40.3138933],[126.6336762,40.3133218],[126.6327481,40.3099114],[126.6324972,40.3083269],[126.6330914,40.3069006],[126.634808,40.304937],[126.6384129,40.3033661],[126.6406906,40.3005894],[126.6422838,40.2989038],[126.6430348,40.2975373],[126.6432387,40.2959621],[126.6429597,40.2950579],[126.6418278,40.2941495],[126.6396338,40.2932739],[126.6376007,40.2932248],[126.6343767,40.2930202],[126.6319412,40.2934703],[126.6308093,40.2937199],[126.6285843,40.294429],[126.6279416,40.2945942],[126.6251982,40.295152],[126.6222424,40.2949965],[126.6209764,40.2947019],[126.6207618,40.2944196],[126.6206974,40.2939409],[126.6212468,40.2922374],[126.6223067,40.2898409],[126.6233689,40.2884046],[126.6238302,40.2866983],[126.6237927,40.2857734],[126.6216791,40.2847995],[126.6203112,40.2837519],[126.617629,40.2837274],[126.6163628,40.2837116],[126.6143513,40.2836864],[126.6126046,40.2838004],[126.6121354,40.283831],[126.6114652,40.2838747],[126.6092819,40.2840997],[126.6057972,40.2858213],[126.6034599,40.2876108],[126.6018934,40.2888548],[126.600209,40.2894604],[126.5973015,40.2893949],[126.5945227,40.2887484],[126.591465,40.2870052],[126.5883858,40.2849427],[126.5867336,40.2829539],[126.5847059,40.2802939],[126.582672,40.2774751],[126.5798764,40.2762614],[126.5775291,40.2758616],[126.5759573,40.2762749],[126.5752331,40.2769257],[126.5752117,40.278485],[126.5763328,40.2803798],[126.5781598,40.2822856],[126.579584,40.2839726],[126.5794257,40.2848166],[126.578585,40.2853724],[126.5763105,40.2859862],[126.5744866,40.2856589],[126.5731816,40.2855665],[126.5692919,40.2836162],[126.566501,40.2822621],[126.5660539,40.2820098],[126.5655684,40.281709],[126.5647121,40.2810224],[126.56339,40.2793114],[126.5633476,40.2781301],[126.5635863,40.2773488],[126.5625851,40.2746018],[126.5622285,40.2739222],[126.5615992,40.2727226],[126.560652,40.2717136],[126.5600422,40.2714048],[126.558099,40.2711275],[126.5563153,40.2713782],[126.5553009,40.2717853],[126.5548052,40.2721016],[126.5540591,40.2727768],[126.5536122,40.273511],[126.5527989,40.2771685],[126.5522732,40.2778888],[126.5516938,40.2781098],[126.5510179,40.2781017],[126.5505888,40.2778397],[126.5503205,40.2774141],[126.5483786,40.274852],[126.5461715,40.272969],[126.5460827,40.2684752],[126.5468229,40.2658391],[126.5480246,40.2639807],[126.5480353,40.2610579],[126.546587,40.2598364],[126.5462436,40.2595392],[126.545278,40.2592976],[126.5434273,40.2596661],[126.5422708,40.2602779],[126.5391456,40.2621345],[126.5381908,40.2634281],[126.5378988,40.2638004],[126.5377629,40.2641946],[126.5381268,40.2647665],[126.5385367,40.2652128],[126.5386628,40.266187],[126.5379295,40.2671749],[126.5377938,40.2673577],[126.5372385,40.2675774],[126.5366351,40.2678162],[126.5358197,40.267677],[126.5350901,40.2677425],[126.5345108,40.2680372],[126.5342318,40.2684547],[126.5330409,40.2696581],[126.5288567,40.2717313],[126.5266417,40.272297],[126.525756,40.2725232],[126.5235526,40.2717459],[126.5222765,40.2691888],[126.5206021,40.2651605],[126.5212947,40.2605023],[126.5216366,40.2587726],[126.5209729,40.2583059],[126.5180783,40.2575306],[126.51516,40.2570065],[126.5128763,40.2569713],[126.5097756,40.257045],[126.5084307,40.257191],[126.5055648,40.2571817],[126.5025758,40.2552838],[126.5007405,40.250587],[126.4984063,40.249429],[126.4973072,40.2488838],[126.4947323,40.2484907],[126.4901252,40.2495152],[126.4856664,40.2497595],[126.4819131,40.2492194],[126.4800016,40.2480225],[126.4797714,40.2468795],[126.4794589,40.2453284],[126.4816861,40.2419394],[126.484776,40.2391877],[126.4868359,40.237091],[126.4876942,40.2331596],[126.4858059,40.2313249],[126.4823727,40.2289659],[126.4789395,40.2275242],[126.4756779,40.2258204],[126.4748196,40.2231991],[126.4756608,40.2196503],[126.4750922,40.2175039],[126.4719014,40.2163831],[126.4669232,40.2155966],[126.4631466,40.2155966],[126.4607087,40.2151534],[126.4595417,40.2149412],[126.4550785,40.2137614],[126.4501004,40.2115329],[126.4459004,40.2102326],[126.4434743,40.2098189],[126.4403844,40.2097533],[126.4370584,40.2105891],[126.4332819,40.2121949],[126.4305568,40.212113],[126.4286899,40.2095075],[126.4274668,40.2065086],[126.4245915,40.2042799],[126.4213943,40.2035096],[126.417313,40.2044536],[126.4142918,40.205722],[126.4112234,40.2070167],[126.4082408,40.2087209],[126.4064984,40.2110085],[126.4044384,40.2145479],[126.4032368,40.2171696],[126.4003186,40.219529],[126.397233,40.2192407],[126.3927655,40.2152034],[126.3907055,40.2125816],[126.3884353,40.207623],[126.3856673,40.2037718],[126.3814497,40.2021632],[126.3766023,40.2018223],[126.3720279,40.2024623],[126.3698275,40.2022626],[126.3673425,40.2009366],[126.365025,40.1989207],[126.361463,40.192758],[126.3587165,40.1896928],[126.3523114,40.1851439],[126.3510561,40.1835865],[126.3501978,40.1817833],[126.349656,40.1799902],[126.3491717,40.1790661],[126.3489427,40.1784552],[126.3483052,40.1748172],[126.3467602,40.1716692],[126.3449416,40.170676],[126.3421971,40.1700242],[126.3383498,40.1698848],[126.3363879,40.1700202],[126.3347439,40.1700952],[126.3287088,40.1716063],[126.3272095,40.1717704],[126.3263042,40.1716163],[126.3256152,40.1710871],[126.3252574,40.1696491],[126.3255448,40.1689083],[126.3256475,40.1686436],[126.3260642,40.1678102],[126.3285409,40.1663123],[126.331139,40.165504],[126.3312415,40.1655027],[126.3358231,40.1654449],[126.3386462,40.1652817],[126.3390326,40.1652594],[126.3417388,40.1651627],[126.347448,40.165636],[126.3515827,40.1656823],[126.3542129,40.1647402],[126.3550964,40.163341],[126.3541062,40.1614397],[126.3536267,40.1605189],[126.3527853,40.1600244],[126.3513169,40.1588368],[126.3497189,40.1582087],[126.3475868,40.1582648],[126.3444986,40.1576627],[126.344126,40.1573833],[126.339756,40.1541059],[126.3369755,40.1520206],[126.3329566,40.1485251],[126.3305837,40.1464017],[126.3300007,40.1450999],[126.3303015,40.1439093],[126.3300876,40.1403964],[126.3296159,40.13943],[126.3278257,40.1385096],[126.3247515,40.1388637],[126.3211827,40.1421498],[126.3204873,40.1442103],[126.3211123,40.1471164],[126.3214016,40.1483401],[126.3214445,40.1490618],[126.3213134,40.149582],[126.3208615,40.1500049],[126.3193227,40.1505422],[126.3143162,40.1525158],[126.3105397,40.1538279],[126.305956,40.1553685],[126.3028701,40.1556381],[126.3004436,40.1558501],[126.2971707,40.1551626],[126.2938596,40.153729],[126.2899696,40.1502077],[126.2895362,40.147873],[126.2894958,40.1476554],[126.2887865,40.1438339],[126.285148,40.1396071],[126.283056,40.1371766],[126.2794435,40.131613],[126.2776164,40.1306715],[126.2743773,40.1276079],[126.2714533,40.1252961],[126.2712518,40.1235267],[126.2704321,40.1228343],[126.2702551,40.1227159],[126.2683335,40.1212952],[126.2633617,40.1206728],[126.2622119,40.1205289],[126.2545837,40.1190915],[126.2484208,40.1190637],[126.2449876,40.1186698],[126.241211,40.114469],[126.2404048,40.1132359],[126.2396661,40.112106],[126.2386361,40.1090864],[126.2376062,40.1050163],[126.2368308,40.1003898],[126.2367479,40.0998954],[126.2363923,40.0986488],[126.2346879,40.0926731],[126.2342422,40.0896511],[126.2339703,40.0894099],[126.2338451,40.0892901],[126.233556,40.0890511],[126.2321232,40.0875182],[126.2301525,40.0862105],[126.2272104,40.0841668],[126.2237265,40.0826375],[126.2200279,40.0818514],[126.2163199,40.0808938],[126.2140877,40.0795074],[126.2115136,40.076256],[126.2112736,40.0758886],[126.2085954,40.0717898],[126.2084703,40.0714547],[126.2072221,40.0681116],[126.2064702,40.0668697],[126.2051622,40.0635135],[126.2039605,40.0597034],[126.2033277,40.0581054],[126.203178,40.0566705],[126.2035375,40.0549676],[126.2044468,40.0537595],[126.2048188,40.0532653],[126.2050826,40.0528584],[126.2067431,40.0502978],[126.2068765,40.0487657],[126.2060018,40.0475853],[126.2047415,40.0468589],[126.2039738,40.04664],[126.2027807,40.0464969],[126.1938131,40.0463925],[126.1915299,40.0458704],[126.1889353,40.0459726],[126.1876129,40.0457851],[126.1857328,40.0455186],[126.1777266,40.0452121],[126.1736279,40.0450589],[126.1713512,40.0449738],[126.1683563,40.0429307],[126.1665521,40.0402089],[126.1660114,40.0379942],[126.167228,40.0348583],[126.1721393,40.0311679],[126.1782279,40.0283747],[126.1786327,40.0276923],[126.1787365,40.0275129],[126.1805705,40.0257181],[126.1806767,40.0232031],[126.1804643,40.0212191],[126.1792413,40.0186989],[126.1764947,40.0160696],[126.1739713,40.0145075],[126.1718599,40.0131772],[126.1663667,40.0121254],[126.1623598,40.0126933],[126.1605334,40.0129948],[126.1570098,40.0132469],[126.1541767,40.0128416],[126.1534677,40.012545],[126.153156,40.0123955],[126.1528609,40.0122256],[126.1525743,40.0120356],[126.1522898,40.0118172],[126.151686,40.0114108],[126.1497907,40.0101351],[126.1486738,40.0093833],[126.1464062,40.007371],[126.1421589,40.0036015],[126.1392945,40.0016779],[126.1383496,40.0012143],[126.1381667,40.0011381],[126.1351519,39.999067],[126.1296333,39.9953154],[126.1266534,39.9915759],[126.1235233,39.9890603],[126.1191598,39.9847727],[126.1146966,39.9809583],[126.1116067,39.976749],[126.1098901,39.9712238],[126.1096258,39.9704139],[126.1087433,39.9677101],[126.1085405,39.9664877],[126.1089055,39.9652134],[126.1099361,39.9642192],[126.1111006,39.9631124],[126.1137092,39.9626839],[126.1162402,39.9629696],[126.1187557,39.9635051],[126.1214109,39.9647904],[126.1229947,39.9646357],[126.1236469,39.964124],[126.1238798,39.9629101],[126.1243096,39.9622198],[126.1243096,39.9606986],[126.1236541,39.9596829],[126.1220273,39.9592011],[126.1201538,39.9588341],[126.1163212,39.9580392],[126.11163,39.9575675],[126.1092796,39.9575766],[126.1054269,39.9581986],[126.1015445,39.9592484],[126.09993,39.9590783],[126.0986606,39.958691],[126.0972028,39.95726],[126.0935932,39.9534703],[126.0927018,39.9525344],[126.0896558,39.9485271],[126.0887869,39.9466543],[126.0877458,39.9428019],[126.0874188,39.9407747],[126.0873228,39.940246],[126.0867158,39.9367476],[126.0866494,39.934558],[126.0869353,39.9313707],[126.0875842,39.9264366],[126.0878951,39.9239384],[126.0877499,39.9231827],[126.087449,39.9216162],[126.0868875,39.918713],[126.0857999,39.9169095],[126.0848536,39.9160075],[126.0833802,39.9153232],[126.0792304,39.9144627],[126.0753508,39.9140169],[126.0726744,39.9136229],[126.0707279,39.913654],[126.0695113,39.9134052],[126.0671187,39.913457],[126.0652938,39.9127105],[126.0641989,39.9121817],[126.0634149,39.9120573],[126.0627796,39.9117048],[126.0620902,39.9114559],[126.0582783,39.9108338],[126.0575811,39.9104634],[126.0543466,39.908781],[126.0525468,39.9077232],[126.0478854,39.9047088],[126.0432468,39.9017089],[126.0405163,39.8990023],[126.0372773,39.8964594],[126.0300676,39.8914546],[126.0257552,39.8896581],[126.0229967,39.8882945],[126.021353,39.885416],[126.0213332,39.8839402],[126.0213776,39.8826581],[126.0213128,39.8785459],[126.0211611,39.8748342],[126.020975,39.8745223],[126.0188787,39.8710092],[126.0187379,39.8707732],[126.016678,39.8666889],[126.0127298,39.8614184],[126.0101548,39.8572017],[126.0062066,39.8535119],[126.0056741,39.8516481],[126.0016967,39.8478225],[126.0006675,39.8450133],[126.0003859,39.8415768],[126.0015274,39.8390233],[126.0017434,39.8374327],[126.0020867,39.8340054],[126.0014033,39.8335999],[125.9983102,39.8317645],[125.9919587,39.8296553],[125.9854356,39.8296553],[125.9795672,39.8303311],[125.9741466,39.8285997],[125.9727887,39.8272595],[125.9675399,39.8224702],[125.9659024,39.8197269],[125.963487,39.8163432],[125.9621058,39.8144082],[125.959957,39.8100779],[125.9591714,39.8046034],[125.9589997,39.8010427],[125.9602014,39.7969542],[125.9590411,39.7942991],[125.95787,39.7933707],[125.9559576,39.7926201],[125.9538499,39.7918103],[125.949215,39.7893041],[125.9487817,39.789048],[125.9447518,39.786666],[125.9399453,39.7858745],[125.9298594,39.7851652],[125.9286195,39.7849115],[125.9260408,39.7844235],[125.9227792,39.7804659],[125.9198609,39.7755846],[125.9160261,39.7705407],[125.9143745,39.7683682],[125.9122601,39.766493],[125.9076797,39.7624304],[125.907671,39.7624232],[125.8994161,39.7566815],[125.8947725,39.754713],[125.8899986,39.7537207],[125.8834647,39.7522773],[125.8794486,39.7519908],[125.8776355,39.7523785],[125.8761476,39.7530443],[125.8685945,39.7552055],[125.8625327,39.757152],[125.8589278,39.7563602],[125.8536063,39.7516091],[125.8518617,39.749087],[125.8512031,39.744878],[125.851875,39.7424936],[125.8534347,39.7369581],[125.854808,39.7319417],[125.8529197,39.7277171],[125.8501731,39.7237563],[125.8465682,39.722568],[125.8410751,39.7237563],[125.8381276,39.7244741],[125.8361551,39.7243666],[125.8345656,39.723868],[125.8312904,39.7197952],[125.8293163,39.7178642],[125.8256972,39.7160013],[125.8228733,39.71544],[125.8202684,39.7155804],[125.8185874,39.7164942],[125.8145949,39.7171512],[125.8078622,39.7127423],[125.7994343,39.7058006],[125.7976447,39.7035526],[125.7955948,39.7008278],[125.7933999,39.6983163],[125.7918856,39.6973624],[125.7903747,39.6976224],[125.7887053,39.6978573],[125.7877299,39.697497],[125.7858489,39.6962012],[125.7800746,39.6919095],[125.7732638,39.6868879],[125.7725852,39.6864478],[125.7537679,39.6803019],[125.7515432,39.6794329],[125.7373121,39.673874],[125.7305689,39.6708741],[125.7292078,39.6680645],[125.731435,39.6626832],[125.7313112,39.6594447],[125.7276612,39.6534436],[125.7207409,39.6493766],[125.7195918,39.6487013],[125.7148553,39.6459175],[125.7016783,39.6388671],[125.6959183,39.6374745],[125.6857173,39.6350081],[125.6673416,39.6311639],[125.6616831,39.6307259],[125.6562497,39.6294373],[125.6478032,39.6277126],[125.6405723,39.6256961],[125.6336621,39.6245635],[125.6281925,39.6242443],[125.6246128,39.6247409],[125.6157771,39.6268484],[125.6106851,39.6261783],[125.6101375,39.6261251],[125.6061363,39.6259515],[125.6026653,39.6253939],[125.5979081,39.6237554],[125.591867,39.6183315],[125.5826462,39.6118707],[125.5740723,39.6046585],[125.5668982,39.6014903],[125.5486129,39.5981197],[125.5346346,39.5961155],[125.5287981,39.5945612],[125.5238843,39.5925274],[125.5188365,39.5895382],[125.5187237,39.589489],[125.5041218,39.5799761],[125.5012221,39.5786169],[125.4972768,39.5767676],[125.4898524,39.5748656],[125.4824924,39.5736747],[125.4747247,39.5737409],[125.4680728,39.5745679],[125.4603607,39.5762972]]]}}]}
